subject_folder,parent_folder,relative_file,clip_name,label_guess,fps,num_frames,duration_s,gender,poses_shape,trans_shape,betas_shape,dmpls_shape,keys,error
01,01,01/01_01_poses.npz,01_01_poses,,120.0,2751,22.925,male,"[2751, 156]","[2751, 3]",[16],"[2751, 8]",trans;gender;mocap_framerate;betas;dmpls;poses,
01,01,01/01_02_poses.npz,01_02_poses,,120.0,4346,36.21666666666667,male,"[4346, 156]","[4346, 3]",[16],"[4346, 8]",trans;gender;mocap_framerate;betas;dmpls;poses,
01,01,01/01_03_poses.npz,01_03_poses,,120.0,4510,37.583333333333336,male,"[4510, 156]","[4510, 3]",[16],"[4510, 8]",trans;gender;mocap_framerate;betas;dmpls;poses,
01,01,01/01_05_poses.npz,01_05_poses,,120.0,4376,36.46666666666667,male,"[4376, 156]","[4376, 3]",[16],"[4376, 8]",trans;gender;mocap_framerate;betas;dmpls;poses,
01,01,01/01_06_poses.npz,01_06_poses,,120.0,5133,42.775,male,"[5133, 156]","[5133, 3]",[16],"[5133, 8]",trans;gender;mocap_framerate;betas;dmpls;poses,
01,01,01/01_07_poses.npz,01_07_poses,,120.0,4839,40.325,male,"[4839, 156]","[4839, 3]",[16],"[4839, 8]",trans;gender;mocap_framerate;betas;dmpls;poses,
01,01,01/01_08_poses.npz,01_08_poses,,120.0,2610,21.75,male,"[2610, 156]","[2610, 3]",[16],"[2610, 8]",trans;gender;mocap_framerate;betas;dmpls;poses,
01,01,01/01_09_poses.npz,01_09_poses,,120.0,4242,35.35,male,"[4242, 156]","[4242, 3]",[16],"[4242, 8]",trans;gender;mocap_framerate;betas;dmpls;poses,
01,01,01/01_10_poses.npz,01_10_poses,,120.0,3266,27.216666666666665,male,"[3266, 156]","[3266, 3]",[16],"[3266, 8]",trans;gender;mocap_framerate;betas;dmpls;poses,
01,01,01/01_11_poses.npz,01_11_poses,,120.0,4654,38.78333333333333,male,"[4654, 156]","[4654, 3]",[16],"[4654, 8]",trans;gender;mocap_framerate;betas;dmpls;poses,
02,02,02/02_01_poses.npz,02_01_poses,,120.0,343,2.8583333333333334,male,"[343, 156]","[343, 3]",[16],"[343, 8]",trans;gender;mocap_framerate;betas;dmpls;poses,
02,02,02/02_02_poses.npz,02_02_poses,,120.0,298,2.4833333333333334,male,"[298, 156]","[298, 3]",[16],"[298, 8]",trans;gender;mocap_framerate;betas;dmpls;poses,
02,02,02/02_03_poses.npz,02_03_poses,,120.0,173,1.4416666666666667,male,"[173, 156]","[173, 3]",[16],"[173, 8]",trans;gender;mocap_framerate;betas;dmpls;poses,
02,02,02/02_04_poses.npz,02_04_poses,,120.0,483,4.025,male,"[483, 156]","[483, 3]",[16],"[483, 8]",trans;gender;mocap_framerate;betas;dmpls;poses,
02,02,02/02_05_poses.npz,02_05_poses,,120.0,1854,15.45,male,"[1854, 156]","[1854, 3]",[16],"[1854, 8]",trans;gender;mocap_framerate;betas;dmpls;poses,
02,02,02/02_06_poses.npz,02_06_poses,,120.0,2235,18.625,male,"[2235, 156]","[2235, 3]",[16],"[2235, 8]",trans;gender;mocap_framerate;betas;dmpls;poses,
02,02,02/02_07_poses.npz,02_07_poses,,120.0,2251,18.758333333333333,male,"[2251, 156]","[2251, 3]",[16],"[2251, 8]",trans;gender;mocap_framerate;betas;dmpls;poses,
02,02,02/02_08_poses.npz,02_08_poses,,120.0,1500,12.5,male,"[1500, 156]","[1500, 3]",[16],"[1500, 8]",trans;gender;mocap_framerate;betas;dmpls;poses,
02,02,02/02_09_poses.npz,02_09_poses,,120.0,1033,8.608333333333333,male,"[1033, 156]","[1033, 3]",[16],"[1033, 8]",trans;gender;mocap_framerate;betas;dmpls;poses,
02,02,02/02_10_poses.npz,02_10_poses,,120.0,2645,22.041666666666668,male,"[2645, 156]","[2645, 3]",[16],"[2645, 8]",trans;gender;mocap_framerate;betas;dmpls;poses,
05,05,05/05_01_poses.npz,05_01_poses,,120.0,598,4.983333333333333,female,"[598, 156]","[598, 3]",[16],"[598, 8]",trans;gender;mocap_framerate;betas;dmpls;poses,
05,05,05/05_02_poses.npz,05_02_poses,,120.0,1123,9.358333333333333,female,"[1123, 156]","[1123, 3]",[16],"[1123, 8]",trans;gender;mocap_framerate;betas;dmpls;poses,
05,05,05/05_03_poses.npz,05_03_poses,,120.0,434,3.6166666666666667,female,"[434, 156]","[434, 3]",[16],"[434, 8]",trans;gender;mocap_framerate;betas;dmpls;poses,
05,05,05/05_04_poses.npz,05_04_poses,,120.0,1199,9.991666666666667,female,"[1199, 156]","[1199, 3]",[16],"[1199, 8]",trans;gender;mocap_framerate;betas;dmpls;poses,
05,05,05/05_05_poses.npz,05_05_poses,,120.0,915,7.625,female,"[915, 156]","[915, 3]",[16],"[915, 8]",trans;gender;mocap_framerate;betas;dmpls;poses,
05,05,05/05_06_poses.npz,05_06_poses,,120.0,885,7.375,female,"[885, 156]","[885, 3]",[16],"[885, 8]",trans;gender;mocap_framerate;betas;dmpls;poses,
05,05,05/05_07_poses.npz,05_07_poses,,120.0,1191,9.925,female,"[1191, 156]","[1191, 3]",[16],"[1191, 8]",trans;gender;mocap_framerate;betas;dmpls;poses,
05,05,05/05_08_poses.npz,05_08_poses,,120.0,721,6.008333333333334,female,"[721, 156]","[721, 3]",[16],"[721, 8]",trans;gender;mocap_framerate;betas;dmpls;poses,
05,05,05/05_09_poses.npz,05_09_poses,,120.0,1143,9.525,female,"[1143, 156]","[1143, 3]",[16],"[1143, 8]",trans;gender;mocap_framerate;betas;dmpls;poses,
05,05,05/05_10_poses.npz,05_10_poses,,120.0,817,6.808333333333334,female,"[817, 156]","[817, 3]",[16],"[817, 8]",trans;gender;mocap_framerate;betas;dmpls;poses,
05,05,05/05_11_poses.npz,05_11_poses,,120.0,591,4.925,female,"[591, 156]","[591, 3]",[16],"[591, 8]",trans;gender;mocap_framerate;betas;dmpls;poses,
05,05,05/05_12_poses.npz,05_12_poses,,120.0,1354,11.283333333333333,female,"[1354, 156]","[1354, 3]",[16],"[1354, 8]",trans;gender;mocap_framerate;betas;dmpls;poses,
05,05,05/05_13_poses.npz,05_13_poses,,120.0,1095,9.125,female,"[1095, 156]","[1095, 3]",[16],"[1095, 8]",trans;gender;mocap_framerate;betas;dmpls;poses,
05,05,05/05_14_poses.npz,05_14_poses,,120.0,642,5.35,female,"[642, 156]","[642, 3]",[16],"[642, 8]",trans;gender;mocap_framerate;betas;dmpls;poses,
05,05,05/05_15_poses.npz,05_15_poses,,120.0,540,4.5,female,"[540, 156]","[540, 3]",[16],"[540, 8]",trans;gender;mocap_framerate;betas;dmpls;poses,
05,05,05/05_16_poses.npz,05_16_poses,,120.0,525,4.375,female,"[525, 156]","[525, 3]",[16],"[525, 8]",trans;gender;mocap_framerate;betas;dmpls;poses,
05,05,05/05_17_poses.npz,05_17_poses,,120.0,1043,8.691666666666666,female,"[1043, 156]","[1043, 3]",[16],"[1043, 8]",trans;gender;mocap_framerate;betas;dmpls;poses,
05,05,05/05_18_poses.npz,05_18_poses,,120.0,1829,15.241666666666667,female,"[1829, 156]","[1829, 3]",[16],"[1829, 8]",trans;gender;mocap_framerate;betas;dmpls;poses,
05,05,05/05_19_poses.npz,05_19_poses,,120.0,860,7.166666666666667,female,"[860, 156]","[860, 3]",[16],"[860, 8]",trans;gender;mocap_framerate;betas;dmpls;poses,
05,05,05/05_20_poses.npz,05_20_poses,,120.0,1095,9.125,female,"[1095, 156]","[1095, 3]",[16],"[1095, 8]",trans;gender;mocap_framerate;betas;dmpls;poses,
06,06,06/06_01_poses.npz,06_01_poses,,120.0,494,4.116666666666666,male,"[494, 156]","[494, 3]",[16],"[494, 8]",trans;gender;mocap_framerate;betas;dmpls;poses,
06,06,06/06_03_poses.npz,06_03_poses,,120.0,527,4.391666666666667,male,"[527, 156]","[527, 3]",[16],"[527, 8]",trans;gender;mocap_framerate;betas;dmpls;poses,
06,06,06/06_04_poses.npz,06_04_poses,,120.0,396,3.3,male,"[396, 156]","[396, 3]",[16],"[396, 8]",trans;gender;mocap_framerate;betas;dmpls;poses,
06,06,06/06_05_poses.npz,06_05_poses,,120.0,385,3.2083333333333335,male,"[385, 156]","[385, 3]",[16],"[385, 8]",trans;gender;mocap_framerate;betas;dmpls;poses,
06,06,06/06_06_poses.npz,06_06_poses,,120.0,402,3.35,male,"[402, 156]","[402, 3]",[16],"[402, 8]",trans;gender;mocap_framerate;betas;dmpls;poses,
06,06,06/06_07_poses.npz,06_07_poses,,120.0,576,4.8,male,"[576, 156]","[576, 3]",[16],"[576, 8]",trans;gender;mocap_framerate;betas;dmpls;poses,
06,06,06/06_08_poses.npz,06_08_poses,,120.0,342,2.85,male,"[342, 156]","[342, 3]",[16],"[342, 8]",trans;gender;mocap_framerate;betas;dmpls;poses,
06,06,06/06_09_poses.npz,06_09_poses,,120.0,301,2.5083333333333333,male,"[301, 156]","[301, 3]",[16],"[301, 8]",trans;gender;mocap_framerate;betas;dmpls;poses,
06,06,06/06_10_poses.npz,06_10_poses,,120.0,1113,9.275,male,"[1113, 156]","[1113, 3]",[16],"[1113, 8]",trans;gender;mocap_framerate;betas;dmpls;poses,
06,06,06/06_11_poses.npz,06_11_poses,,120.0,1146,9.55,male,"[1146, 156]","[1146, 3]",[16],"[1146, 8]",trans;gender;mocap_framerate;betas;dmpls;poses,
06,06,06/06_12_poses.npz,06_12_poses,,120.0,1222,10.183333333333334,male,"[1222, 156]","[1222, 3]",[16],"[1222, 8]",trans;gender;mocap_framerate;betas;dmpls;poses,
06,06,06/06_13_poses.npz,06_13_poses,,120.0,4905,40.875,male,"[4905, 156]","[4905, 3]",[16],"[4905, 8]",trans;gender;mocap_framerate;betas;dmpls;poses,
06,06,06/06_14_poses.npz,06_14_poses,,120.0,479,3.9916666666666667,male,"[479, 156]","[479, 3]",[16],"[479, 8]",trans;gender;mocap_framerate;betas;dmpls;poses,
06,06,06/06_15_poses.npz,06_15_poses,,120.0,545,4.541666666666667,male,"[545, 156]","[545, 3]",[16],"[545, 8]",trans;gender;mocap_framerate;betas;dmpls;poses,
07,07,07/07_01_poses.npz,07_01_poses,,120.0,316,2.6333333333333333,male,"[316, 156]","[316, 3]",[16],"[316, 8]",trans;gender;mocap_framerate;betas;dmpls;poses,
07,07,07/07_02_poses.npz,07_02_poses,,120.0,329,2.7416666666666667,male,"[329, 156]","[329, 3]",[16],"[329, 8]",trans;gender;mocap_framerate;betas;dmpls;poses,
07,07,07/07_03_poses.npz,07_03_poses,,120.0,415,3.4583333333333335,male,"[415, 156]","[415, 3]",[16],"[415, 8]",trans;gender;mocap_framerate;betas;dmpls;poses,
07,07,07/07_04_poses.npz,07_04_poses,,120.0,449,3.7416666666666667,male,"[449, 156]","[449, 3]",[16],"[449, 8]",trans;gender;mocap_framerate;betas;dmpls;poses,
07,07,07/07_05_poses.npz,07_05_poses,,120.0,517,4.308333333333334,male,"[517, 156]","[517, 3]",[16],"[517, 8]",trans;gender;mocap_framerate;betas;dmpls;poses,
07,07,07/07_06_poses.npz,07_06_poses,,120.0,417,3.475,male,"[417, 156]","[417, 3]",[16],"[417, 8]",trans;gender;mocap_framerate;betas;dmpls;poses,
07,07,07/07_07_poses.npz,07_07_poses,,120.0,379,3.158333333333333,male,"[379, 156]","[379, 3]",[16],"[379, 8]",trans;gender;mocap_framerate;betas;dmpls;poses,
07,07,07/07_08_poses.npz,07_08_poses,,120.0,362,3.0166666666666666,male,"[362, 156]","[362, 3]",[16],"[362, 8]",trans;gender;mocap_framerate;betas;dmpls;poses,
07,07,07/07_09_poses.npz,07_09_poses,,120.0,306,2.55,male,"[306, 156]","[306, 3]",[16],"[306, 8]",trans;gender;mocap_framerate;betas;dmpls;poses,
07,07,07/07_10_poses.npz,07_10_poses,,120.0,301,2.5083333333333333,male,"[301, 156]","[301, 3]",[16],"[301, 8]",trans;gender;mocap_framerate;betas;dmpls;poses,
07,07,07/07_11_poses.npz,07_11_poses,,120.0,315,2.625,male,"[315, 156]","[315, 3]",[16],"[315, 8]",trans;gender;mocap_framerate;betas;dmpls;poses,
07,07,07/07_12_poses.npz,07_12_poses,,120.0,263,2.191666666666667,male,"[263, 156]","[263, 3]",[16],"[263, 8]",trans;gender;mocap_framerate;betas;dmpls;poses,
08,08,08/08_01_poses.npz,08_01_poses,,120.0,277,2.308333333333333,male,"[277, 156]","[277, 3]",[16],"[277, 8]",trans;gender;mocap_framerate;betas;dmpls;poses,
08,08,08/08_02_poses.npz,08_02_poses,,120.0,309,2.575,male,"[309, 156]","[309, 3]",[16],"[309, 8]",trans;gender;mocap_framerate;betas;dmpls;poses,
08,08,08/08_03_poses.npz,08_03_poses,,120.0,353,2.941666666666667,male,"[353, 156]","[353, 3]",[16],"[353, 8]",trans;gender;mocap_framerate;betas;dmpls;poses,
08,08,08/08_04_poses.npz,08_04_poses,,120.0,484,4.033333333333333,male,"[484, 156]","[484, 3]",[16],"[484, 8]",trans;gender;mocap_framerate;betas;dmpls;poses,
08,08,08/08_05_poses.npz,08_05_poses,,120.0,298,2.4833333333333334,male,"[298, 156]","[298, 3]",[16],"[298, 8]",trans;gender;mocap_framerate;betas;dmpls;poses,
08,08,08/08_06_poses.npz,08_06_poses,,120.0,296,2.466666666666667,male,"[296, 156]","[296, 3]",[16],"[296, 8]",trans;gender;mocap_framerate;betas;dmpls;poses,
08,08,08/08_07_poses.npz,08_07_poses,,120.0,302,2.5166666666666666,male,"[302, 156]","[302, 3]",[16],"[302, 8]",trans;gender;mocap_framerate;betas;dmpls;poses,
08,08,08/08_08_poses.npz,08_08_poses,,120.0,283,2.3583333333333334,male,"[283, 156]","[283, 3]",[16],"[283, 8]",trans;gender;mocap_framerate;betas;dmpls;poses,
08,08,08/08_09_poses.npz,08_09_poses,,120.0,293,2.441666666666667,male,"[293, 156]","[293, 3]",[16],"[293, 8]",trans;gender;mocap_framerate;betas;dmpls;poses,
08,08,08/08_11_poses.npz,08_11_poses,,120.0,375,3.125,male,"[375, 156]","[375, 3]",[16],"[375, 8]",trans;gender;mocap_framerate;betas;dmpls;poses,
09,09,09/09_01_poses.npz,09_01_poses,,120.0,148,1.2333333333333334,male,"[148, 156]","[148, 3]",[16],"[148, 8]",trans;gender;mocap_framerate;betas;dmpls;poses,
09,09,09/09_02_poses.npz,09_02_poses,,120.0,130,1.0833333333333333,male,"[130, 156]","[130, 3]",[16],"[130, 8]",trans;gender;mocap_framerate;betas;dmpls;poses,
09,09,09/09_03_poses.npz,09_03_poses,,120.0,128,1.0666666666666667,male,"[128, 156]","[128, 3]",[16],"[128, 8]",trans;gender;mocap_framerate;betas;dmpls;poses,
09,09,09/09_04_poses.npz,09_04_poses,,120.0,137,1.1416666666666666,male,"[137, 156]","[137, 3]",[16],"[137, 8]",trans;gender;mocap_framerate;betas;dmpls;poses,
09,09,09/09_05_poses.npz,09_05_poses,,120.0,143,1.1916666666666667,male,"[143, 156]","[143, 3]",[16],"[143, 8]",trans;gender;mocap_framerate;betas;dmpls;poses,
09,09,09/09_06_poses.npz,09_06_poses,,120.0,141,1.175,male,"[141, 156]","[141, 3]",[16],"[141, 8]",trans;gender;mocap_framerate;betas;dmpls;poses,
09,09,09/09_07_poses.npz,09_07_poses,,120.0,138,1.15,male,"[138, 156]","[138, 3]",[16],"[138, 8]",trans;gender;mocap_framerate;betas;dmpls;poses,
09,09,09/09_08_poses.npz,09_08_poses,,120.0,128,1.0666666666666667,male,"[128, 156]","[128, 3]",[16],"[128, 8]",trans;gender;mocap_framerate;betas;dmpls;poses,
09,09,09/09_09_poses.npz,09_09_poses,,120.0,152,1.2666666666666666,male,"[152, 156]","[152, 3]",[16],"[152, 8]",trans;gender;mocap_framerate;betas;dmpls;poses,
09,09,09/09_10_poses.npz,09_10_poses,,120.0,132,1.1,male,"[132, 156]","[132, 3]",[16],"[132, 8]",trans;gender;mocap_framerate;betas;dmpls;poses,
09,09,09/09_11_poses.npz,09_11_poses,,120.0,165,1.375,male,"[165, 156]","[165, 3]",[16],"[165, 8]",trans;gender;mocap_framerate;betas;dmpls;poses,
09,09,09/09_12_poses.npz,09_12_poses,,120.0,1918,15.983333333333333,male,"[1918, 156]","[1918, 3]",[16],"[1918, 8]",trans;gender;mocap_framerate;betas;dmpls;poses,
10,10,10/10_01_poses.npz,10_01_poses,,120.0,801,6.675,male,"[801, 156]","[801, 3]",[16],"[801, 8]",trans;gender;mocap_framerate;betas;dmpls;poses,
10,10,10/10_02_poses.npz,10_02_poses,,120.0,590,4.916666666666667,male,"[590, 156]","[590, 3]",[16],"[590, 8]",trans;gender;mocap_framerate;betas;dmpls;poses,
10,10,10/10_03_poses.npz,10_03_poses,,120.0,362,3.0166666666666666,male,"[362, 156]","[362, 3]",[16],"[362, 8]",trans;gender;mocap_framerate;betas;dmpls;poses,
10,10,10/10_04_poses.npz,10_04_poses,,120.0,549,4.575,male,"[549, 156]","[549, 3]",[16],"[549, 8]",trans;gender;mocap_framerate;betas;dmpls;poses,
10,10,10/10_05_poses.npz,10_05_poses,,120.0,436,3.6333333333333333,male,"[436, 156]","[436, 3]",[16],"[436, 8]",trans;gender;mocap_framerate;betas;dmpls;poses,
102,102,102/102_01_poses.npz,102_01_poses,,120.0,277,2.308333333333333,male,"[277, 156]","[277, 3]",[16],"[277, 8]",trans;gender;mocap_framerate;betas;dmpls;poses,
102,102,102/102_02_poses.npz,102_02_poses,,120.0,174,1.45,male,"[174, 156]","[174, 3]",[16],"[174, 8]",trans;gender;mocap_framerate;betas;dmpls;poses,
102,102,102/102_04_poses.npz,102_04_poses,,120.0,167,1.3916666666666666,male,"[167, 156]","[167, 3]",[16],"[167, 8]",trans;gender;mocap_framerate;betas;dmpls;poses,
102,102,102/102_05_poses.npz,102_05_poses,,120.0,109,0.9083333333333333,male,"[109, 156]","[109, 3]",[16],"[109, 8]",trans;gender;mocap_framerate;betas;dmpls;poses,
102,102,102/102_06_poses.npz,102_06_poses,,120.0,141,1.175,male,"[141, 156]","[141, 3]",[16],"[141, 8]",trans;gender;mocap_framerate;betas;dmpls;poses,
102,102,102/102_07_poses.npz,102_07_poses,,120.0,112,0.9333333333333333,male,"[112, 156]","[112, 3]",[16],"[112, 8]",trans;gender;mocap_framerate;betas;dmpls;poses,
102,102,102/102_08_poses.npz,102_08_poses,,120.0,140,1.1666666666666667,male,"[140, 156]","[140, 3]",[16],"[140, 8]",trans;gender;mocap_framerate;betas;dmpls;poses,
102,102,102/102_09_poses.npz,102_09_poses,,120.0,46,0.38333333333333336,male,"[46, 156]","[46, 3]",[16],"[46, 8]",trans;gender;mocap_framerate;betas;dmpls;poses,
102,102,102/102_10_poses.npz,102_10_poses,,120.0,97,0.8083333333333333,male,"[97, 156]","[97, 3]",[16],"[97, 8]",trans;gender;mocap_framerate;betas;dmpls;poses,
102,102,102/102_11_poses.npz,102_11_poses,,120.0,174,1.45,male,"[174, 156]","[174, 3]",[16],"[174, 8]",trans;gender;mocap_framerate;betas;dmpls;poses,
102,102,102/102_12_poses.npz,102_12_poses,,120.0,171,1.425,male,"[171, 156]","[171, 3]",[16],"[171, 8]",trans;gender;mocap_framerate;betas;dmpls;poses,
102,102,102/102_13_poses.npz,102_13_poses,,120.0,152,1.2666666666666666,male,"[152, 156]","[152, 3]",[16],"[152, 8]",trans;gender;mocap_framerate;betas;dmpls;poses,
102,102,102/102_14_poses.npz,102_14_poses,,120.0,196,1.6333333333333333,male,"[196, 156]","[196, 3]",[16],"[196, 8]",trans;gender;mocap_framerate;betas;dmpls;poses,
102,102,102/102_16_poses.npz,102_16_poses,,120.0,213,1.775,male,"[213, 156]","[213, 3]",[16],"[213, 8]",trans;gender;mocap_framerate;betas;dmpls;poses,
102,102,102/102_17_poses.npz,102_17_poses,,120.0,176,1.4666666666666666,male,"[176, 156]","[176, 3]",[16],"[176, 8]",trans;gender;mocap_framerate;betas;dmpls;poses,
102,102,102/102_18_poses.npz,102_18_poses,,120.0,230,1.9166666666666667,male,"[230, 156]","[230, 3]",[16],"[230, 8]",trans;gender;mocap_framerate;betas;dmpls;poses,
102,102,102/102_19_poses.npz,102_19_poses,,120.0,226,1.8833333333333333,male,"[226, 156]","[226, 3]",[16],"[226, 8]",trans;gender;mocap_framerate;betas;dmpls;poses,
102,102,102/102_20_poses.npz,102_20_poses,,120.0,606,5.05,male,"[606, 156]","[606, 3]",[16],"[606, 8]",trans;gender;mocap_framerate;betas;dmpls;poses,
102,102,102/102_21_poses.npz,102_21_poses,,120.0,519,4.325,male,"[519, 156]","[519, 3]",[16],"[519, 8]",trans;gender;mocap_framerate;betas;dmpls;poses,
102,102,102/102_22_poses.npz,102_22_poses,,120.0,246,2.05,male,"[246, 156]","[246, 3]",[16],"[246, 8]",trans;gender;mocap_framerate;betas;dmpls;poses,
102,102,102/102_23_poses.npz,102_23_poses,,120.0,356,2.966666666666667,male,"[356, 156]","[356, 3]",[16],"[356, 8]",trans;gender;mocap_framerate;betas;dmpls;poses,
102,102,102/102_24_poses.npz,102_24_poses,,120.0,326,2.716666666666667,male,"[326, 156]","[326, 3]",[16],"[326, 8]",trans;gender;mocap_framerate;betas;dmpls;poses,
102,102,102/102_25_poses.npz,102_25_poses,,120.0,296,2.466666666666667,male,"[296, 156]","[296, 3]",[16],"[296, 8]",trans;gender;mocap_framerate;betas;dmpls;poses,
102,102,102/102_26_poses.npz,102_26_poses,,120.0,448,3.7333333333333334,male,"[448, 156]","[448, 3]",[16],"[448, 8]",trans;gender;mocap_framerate;betas;dmpls;poses,
102,102,102/102_27_poses.npz,102_27_poses,,120.0,171,1.425,male,"[171, 156]","[171, 3]",[16],"[171, 8]",trans;gender;mocap_framerate;betas;dmpls;poses,
102,102,102/102_28_poses.npz,102_28_poses,,120.0,703,5.858333333333333,male,"[703, 156]","[703, 3]",[16],"[703, 8]",trans;gender;mocap_framerate;betas;dmpls;poses,
102,102,102/102_29_poses.npz,102_29_poses,,120.0,798,6.65,male,"[798, 156]","[798, 3]",[16],"[798, 8]",trans;gender;mocap_framerate;betas;dmpls;poses,
102,102,102/102_30_poses.npz,102_30_poses,,120.0,214,1.7833333333333334,male,"[214, 156]","[214, 3]",[16],"[214, 8]",trans;gender;mocap_framerate;betas;dmpls;poses,
102,102,102/102_31_poses.npz,102_31_poses,,120.0,229,1.9083333333333334,male,"[229, 156]","[229, 3]",[16],"[229, 8]",trans;gender;mocap_framerate;betas;dmpls;poses,
102,102,102/102_32_poses.npz,102_32_poses,,120.0,305,2.5416666666666665,male,"[305, 156]","[305, 3]",[16],"[305, 8]",trans;gender;mocap_framerate;betas;dmpls;poses,
102,102,102/102_33_poses.npz,102_33_poses,,120.0,220,1.8333333333333333,male,"[220, 156]","[220, 3]",[16],"[220, 8]",trans;gender;mocap_framerate;betas;dmpls;poses,
103,103,103/103_01_poses.npz,103_01_poses,,60.0,21,0.35,male,"[21, 156]","[21, 3]",[16],"[21, 8]",trans;gender;mocap_framerate;betas;dmpls;poses,
103,103,103/103_02_poses.npz,103_02_poses,,60.0,1492,24.866666666666667,male,"[1492, 156]","[1492, 3]",[16],"[1492, 8]",trans;gender;mocap_framerate;betas;dmpls;poses,
103,103,103/103_03_poses.npz,103_03_poses,,60.0,442,7.366666666666666,male,"[442, 156]","[442, 3]",[16],"[442, 8]",trans;gender;mocap_framerate;betas;dmpls;poses,
103,103,103/103_04_poses.npz,103_04_poses,,60.0,506,8.433333333333334,male,"[506, 156]","[506, 3]",[16],"[506, 8]",trans;gender;mocap_framerate;betas;dmpls;poses,
103,103,103/103_05_poses.npz,103_05_poses,,60.0,546,9.1,male,"[546, 156]","[546, 3]",[16],"[546, 8]",trans;gender;mocap_framerate;betas;dmpls;poses,
103,103,103/103_06_poses.npz,103_06_poses,,60.0,402,6.7,male,"[402, 156]","[402, 3]",[16],"[402, 8]",trans;gender;mocap_framerate;betas;dmpls;poses,
103,103,103/103_07_poses.npz,103_07_poses,,60.0,236,3.933333333333333,male,"[236, 156]","[236, 3]",[16],"[236, 8]",trans;gender;mocap_framerate;betas;dmpls;poses,
103,103,103/103_08_poses.npz,103_08_poses,,60.0,557,9.283333333333333,male,"[557, 156]","[557, 3]",[16],"[557, 8]",trans;gender;mocap_framerate;betas;dmpls;poses,
105,105,105/105_01_poses.npz,105_01_poses,,120.0,2737,22.808333333333334,female,"[2737, 156]","[2737, 3]",[16],"[2737, 8]",trans;gender;mocap_framerate;betas;dmpls;poses,
105,105,105/105_02_poses.npz,105_02_poses,,120.0,1748,14.566666666666666,female,"[1748, 156]","[1748, 3]",[16],"[1748, 8]",trans;gender;mocap_framerate;betas;dmpls;poses,
105,105,105/105_03_poses.npz,105_03_poses,,120.0,1865,15.541666666666666,female,"[1865, 156]","[1865, 3]",[16],"[1865, 8]",trans;gender;mocap_framerate;betas;dmpls;poses,
105,105,105/105_04_poses.npz,105_04_poses,,120.0,2162,18.016666666666666,female,"[2162, 156]","[2162, 3]",[16],"[2162, 8]",trans;gender;mocap_framerate;betas;dmpls;poses,
105,105,105/105_05_poses.npz,105_05_poses,,120.0,2700,22.5,female,"[2700, 156]","[2700, 3]",[16],"[2700, 8]",trans;gender;mocap_framerate;betas;dmpls;poses,
105,105,105/105_06_poses.npz,105_06_poses,,120.0,136,1.1333333333333333,female,"[136, 156]","[136, 3]",[16],"[136, 8]",trans;gender;mocap_framerate;betas;dmpls;poses,
105,105,105/105_07_poses.npz,105_07_poses,,120.0,2582,21.516666666666666,female,"[2582, 156]","[2582, 3]",[16],"[2582, 8]",trans;gender;mocap_framerate;betas;dmpls;poses,
105,105,105/105_08_poses.npz,105_08_poses,,120.0,3972,33.1,female,"[3972, 156]","[3972, 3]",[16],"[3972, 8]",trans;gender;mocap_framerate;betas;dmpls;poses,
105,105,105/105_09_poses.npz,105_09_poses,,120.0,5402,45.016666666666666,female,"[5402, 156]","[5402, 3]",[16],"[5402, 8]",trans;gender;mocap_framerate;betas;dmpls;poses,
105,105,105/105_10_poses.npz,105_10_poses,,120.0,3175,26.458333333333332,female,"[3175, 156]","[3175, 3]",[16],"[3175, 8]",trans;gender;mocap_framerate;betas;dmpls;poses,
105,105,105/105_11_poses.npz,105_11_poses,,120.0,1863,15.525,female,"[1863, 156]","[1863, 3]",[16],"[1863, 8]",trans;gender;mocap_framerate;betas;dmpls;poses,
105,105,105/105_12_poses.npz,105_12_poses,,120.0,2222,18.516666666666666,female,"[2222, 156]","[2222, 3]",[16],"[2222, 8]",trans;gender;mocap_framerate;betas;dmpls;poses,
105,105,105/105_13_poses.npz,105_13_poses,,120.0,2960,24.666666666666668,female,"[2960, 156]","[2960, 3]",[16],"[2960, 8]",trans;gender;mocap_framerate;betas;dmpls;poses,
105,105,105/105_14_poses.npz,105_14_poses,,120.0,2769,23.075,female,"[2769, 156]","[2769, 3]",[16],"[2769, 8]",trans;gender;mocap_framerate;betas;dmpls;poses,
105,105,105/105_15_poses.npz,105_15_poses,,120.0,3090,25.75,female,"[3090, 156]","[3090, 3]",[16],"[3090, 8]",trans;gender;mocap_framerate;betas;dmpls;poses,
105,105,105/105_16_poses.npz,105_16_poses,,120.0,1892,15.766666666666667,female,"[1892, 156]","[1892, 3]",[16],"[1892, 8]",trans;gender;mocap_framerate;betas;dmpls;poses,
105,105,105/105_17_poses.npz,105_17_poses,,120.0,1520,12.666666666666666,female,"[1520, 156]","[1520, 3]",[16],"[1520, 8]",trans;gender;mocap_framerate;betas;dmpls;poses,
105,105,105/105_18_poses.npz,105_18_poses,,120.0,3363,28.025,female,"[3363, 156]","[3363, 3]",[16],"[3363, 8]",trans;gender;mocap_framerate;betas;dmpls;poses,
105,105,105/105_19_poses.npz,105_19_poses,,120.0,1885,15.708333333333334,female,"[1885, 156]","[1885, 3]",[16],"[1885, 8]",trans;gender;mocap_framerate;betas;dmpls;poses,
105,105,105/105_20_poses.npz,105_20_poses,,120.0,2774,23.116666666666667,female,"[2774, 156]","[2774, 3]",[16],"[2774, 8]",trans;gender;mocap_framerate;betas;dmpls;poses,
105,105,105/105_21_poses.npz,105_21_poses,,120.0,3870,32.25,female,"[3870, 156]","[3870, 3]",[16],"[3870, 8]",trans;gender;mocap_framerate;betas;dmpls;poses,
105,105,105/105_22_poses.npz,105_22_poses,,120.0,2106,17.55,female,"[2106, 156]","[2106, 3]",[16],"[2106, 8]",trans;gender;mocap_framerate;betas;dmpls;poses,
105,105,105/105_23_poses.npz,105_23_poses,,120.0,2668,22.233333333333334,female,"[2668, 156]","[2668, 3]",[16],"[2668, 8]",trans;gender;mocap_framerate;betas;dmpls;poses,
105,105,105/105_24_poses.npz,105_24_poses,,120.0,3804,31.7,female,"[3804, 156]","[3804, 3]",[16],"[3804, 8]",trans;gender;mocap_framerate;betas;dmpls;poses,
105,105,105/105_25_poses.npz,105_25_poses,,120.0,3137,26.141666666666666,female,"[3137, 156]","[3137, 3]",[16],"[3137, 8]",trans;gender;mocap_framerate;betas;dmpls;poses,
105,105,105/105_26_poses.npz,105_26_poses,,120.0,2082,17.35,female,"[2082, 156]","[2082, 3]",[16],"[2082, 8]",trans;gender;mocap_framerate;betas;dmpls;poses,
105,105,105/105_27_poses.npz,105_27_poses,,120.0,2894,24.116666666666667,female,"[2894, 156]","[2894, 3]",[16],"[2894, 8]",trans;gender;mocap_framerate;betas;dmpls;poses,
105,105,105/105_28_poses.npz,105_28_poses,,120.0,3307,27.558333333333334,female,"[3307, 156]","[3307, 3]",[16],"[3307, 8]",trans;gender;mocap_framerate;betas;dmpls;poses,
105,105,105/105_29_poses.npz,105_29_poses,,120.0,2181,18.175,female,"[2181, 156]","[2181, 3]",[16],"[2181, 8]",trans;gender;mocap_framerate;betas;dmpls;poses,
105,105,105/105_30_poses.npz,105_30_poses,,120.0,3139,26.158333333333335,female,"[3139, 156]","[3139, 3]",[16],"[3139, 8]",trans;gender;mocap_framerate;betas;dmpls;poses,
105,105,105/105_31_poses.npz,105_31_poses,,120.0,1992,16.6,female,"[1992, 156]","[1992, 3]",[16],"[1992, 8]",trans;gender;mocap_framerate;betas;dmpls;poses,
105,105,105/105_33_poses.npz,105_33_poses,,120.0,2698,22.483333333333334,female,"[2698, 156]","[2698, 3]",[16],"[2698, 8]",trans;gender;mocap_framerate;betas;dmpls;poses,
105,105,105/105_34_poses.npz,105_34_poses,,120.0,2208,18.4,female,"[2208, 156]","[2208, 3]",[16],"[2208, 8]",trans;gender;mocap_framerate;betas;dmpls;poses,
105,105,105/105_35_poses.npz,105_35_poses,,120.0,3052,25.433333333333334,female,"[3052, 156]","[3052, 3]",[16],"[3052, 8]",trans;gender;mocap_framerate;betas;dmpls;poses,
105,105,105/105_36_poses.npz,105_36_poses,,120.0,887,7.391666666666667,female,"[887, 156]","[887, 3]",[16],"[887, 8]",trans;gender;mocap_framerate;betas;dmpls;poses,
105,105,105/105_37_poses.npz,105_37_poses,,120.0,315,2.625,female,"[315, 156]","[315, 3]",[16],"[315, 8]",trans;gender;mocap_framerate;betas;dmpls;poses,
105,105,105/105_38_poses.npz,105_38_poses,,120.0,458,3.816666666666667,female,"[458, 156]","[458, 3]",[16],"[458, 8]",trans;gender;mocap_framerate;betas;dmpls;poses,
105,105,105/105_39_poses.npz,105_39_poses,,120.0,446,3.716666666666667,female,"[446, 156]","[446, 3]",[16],"[446, 8]",trans;gender;mocap_framerate;betas;dmpls;poses,
105,105,105/105_40_poses.npz,105_40_poses,,120.0,469,3.908333333333333,female,"[469, 156]","[469, 3]",[16],"[469, 8]",trans;gender;mocap_framerate;betas;dmpls;poses,
105,105,105/105_41_poses.npz,105_41_poses,,120.0,503,4.191666666666666,female,"[503, 156]","[503, 3]",[16],"[503, 8]",trans;gender;mocap_framerate;betas;dmpls;poses,
105,105,105/105_42_poses.npz,105_42_poses,,120.0,560,4.666666666666667,female,"[560, 156]","[560, 3]",[16],"[560, 8]",trans;gender;mocap_framerate;betas;dmpls;poses,
105,105,105/105_43_poses.npz,105_43_poses,,120.0,227,1.8916666666666666,female,"[227, 156]","[227, 3]",[16],"[227, 8]",trans;gender;mocap_framerate;betas;dmpls;poses,
105,105,105/105_44_poses.npz,105_44_poses,,120.0,338,2.816666666666667,female,"[338, 156]","[338, 3]",[16],"[338, 8]",trans;gender;mocap_framerate;betas;dmpls;poses,
105,105,105/105_45_poses.npz,105_45_poses,,120.0,371,3.091666666666667,female,"[371, 156]","[371, 3]",[16],"[371, 8]",trans;gender;mocap_framerate;betas;dmpls;poses,
105,105,105/105_46_poses.npz,105_46_poses,,120.0,322,2.683333333333333,female,"[322, 156]","[322, 3]",[16],"[322, 8]",trans;gender;mocap_framerate;betas;dmpls;poses,
105,105,105/105_47_poses.npz,105_47_poses,,120.0,469,3.908333333333333,female,"[469, 156]","[469, 3]",[16],"[469, 8]",trans;gender;mocap_framerate;betas;dmpls;poses,
105,105,105/105_48_poses.npz,105_48_poses,,120.0,440,3.6666666666666665,female,"[440, 156]","[440, 3]",[16],"[440, 8]",trans;gender;mocap_framerate;betas;dmpls;poses,
105,105,105/105_50_poses.npz,105_50_poses,,120.0,663,5.525,female,"[663, 156]","[663, 3]",[16],"[663, 8]",trans;gender;mocap_framerate;betas;dmpls;poses,
105,105,105/105_51_poses.npz,105_51_poses,,120.0,484,4.033333333333333,female,"[484, 156]","[484, 3]",[16],"[484, 8]",trans;gender;mocap_framerate;betas;dmpls;poses,
105,105,105/105_52_poses.npz,105_52_poses,,120.0,509,4.241666666666666,female,"[509, 156]","[509, 3]",[16],"[509, 8]",trans;gender;mocap_framerate;betas;dmpls;poses,
105,105,105/105_53_poses.npz,105_53_poses,,120.0,555,4.625,female,"[555, 156]","[555, 3]",[16],"[555, 8]",trans;gender;mocap_framerate;betas;dmpls;poses,
105,105,105/105_54_poses.npz,105_54_poses,,120.0,678,5.65,female,"[678, 156]","[678, 3]",[16],"[678, 8]",trans;gender;mocap_framerate;betas;dmpls;poses,
105,105,105/105_55_poses.npz,105_55_poses,,120.0,467,3.8916666666666666,female,"[467, 156]","[467, 3]",[16],"[467, 8]",trans;gender;mocap_framerate;betas;dmpls;poses,
105,105,105/105_56_poses.npz,105_56_poses,,120.0,500,4.166666666666667,female,"[500, 156]","[500, 3]",[16],"[500, 8]",trans;gender;mocap_framerate;betas;dmpls;poses,
105,105,105/105_57_poses.npz,105_57_poses,,120.0,1177,9.808333333333334,female,"[1177, 156]","[1177, 3]",[16],"[1177, 8]",trans;gender;mocap_framerate;betas;dmpls;poses,
105,105,105/105_58_poses.npz,105_58_poses,,120.0,493,4.108333333333333,female,"[493, 156]","[493, 3]",[16],"[493, 8]",trans;gender;mocap_framerate;betas;dmpls;poses,
105,105,105/105_59_poses.npz,105_59_poses,,120.0,312,2.6,female,"[312, 156]","[312, 3]",[16],"[312, 8]",trans;gender;mocap_framerate;betas;dmpls;poses,
105,105,105/105_60_poses.npz,105_60_poses,,120.0,367,3.058333333333333,female,"[367, 156]","[367, 3]",[16],"[367, 8]",trans;gender;mocap_framerate;betas;dmpls;poses,
105,105,105/105_61_poses.npz,105_61_poses,,120.0,362,3.0166666666666666,female,"[362, 156]","[362, 3]",[16],"[362, 8]",trans;gender;mocap_framerate;betas;dmpls;poses,
105,105,105/105_62_poses.npz,105_62_poses,,120.0,1849,15.408333333333333,female,"[1849, 156]","[1849, 3]",[16],"[1849, 8]",trans;gender;mocap_framerate;betas;dmpls;poses,
106,106,106/106_01_poses.npz,106_01_poses,,60.0,74,1.2333333333333334,female,"[74, 156]","[74, 3]",[16],"[74, 8]",trans;gender;mocap_framerate;betas;dmpls;poses,
106,106,106/106_02_poses.npz,106_02_poses,,60.0,112,1.8666666666666667,female,"[112, 156]","[112, 3]",[16],"[112, 8]",trans;gender;mocap_framerate;betas;dmpls;poses,
106,106,106/106_03_poses.npz,106_03_poses,,60.0,230,3.8333333333333335,female,"[230, 156]","[230, 3]",[16],"[230, 8]",trans;gender;mocap_framerate;betas;dmpls;poses,
106,106,106/106_04_poses.npz,106_04_poses,,60.0,547,9.116666666666667,female,"[547, 156]","[547, 3]",[16],"[547, 8]",trans;gender;mocap_framerate;betas;dmpls;poses,
106,106,106/106_05_poses.npz,106_05_poses,,60.0,230,3.8333333333333335,female,"[230, 156]","[230, 3]",[16],"[230, 8]",trans;gender;mocap_framerate;betas;dmpls;poses,
106,106,106/106_06_poses.npz,106_06_poses,,60.0,651,10.85,female,"[651, 156]","[651, 3]",[16],"[651, 8]",trans;gender;mocap_framerate;betas;dmpls;poses,
106,106,106/106_07_poses.npz,106_07_poses,,60.0,298,4.966666666666667,female,"[298, 156]","[298, 3]",[16],"[298, 8]",trans;gender;mocap_framerate;betas;dmpls;poses,
106,106,106/106_08_poses.npz,106_08_poses,,60.0,331,5.516666666666667,female,"[331, 156]","[331, 3]",[16],"[331, 8]",trans;gender;mocap_framerate;betas;dmpls;poses,
106,106,106/106_09_poses.npz,106_09_poses,,60.0,234,3.9,female,"[234, 156]","[234, 3]",[16],"[234, 8]",trans;gender;mocap_framerate;betas;dmpls;poses,
106,106,106/106_10_poses.npz,106_10_poses,,60.0,507,8.45,female,"[507, 156]","[507, 3]",[16],"[507, 8]",trans;gender;mocap_framerate;betas;dmpls;poses,
106,106,106/106_11_poses.npz,106_11_poses,,60.0,686,11.433333333333334,female,"[686, 156]","[686, 3]",[16],"[686, 8]",trans;gender;mocap_framerate;betas;dmpls;poses,
106,106,106/106_12_poses.npz,106_12_poses,,60.0,568,9.466666666666667,female,"[568, 156]","[568, 3]",[16],"[568, 8]",trans;gender;mocap_framerate;betas;dmpls;poses,
106,106,106/106_13_poses.npz,106_13_poses,,60.0,368,6.133333333333334,female,"[368, 156]","[368, 3]",[16],"[368, 8]",trans;gender;mocap_framerate;betas;dmpls;poses,
106,106,106/106_14_poses.npz,106_14_poses,,60.0,577,9.616666666666667,female,"[577, 156]","[577, 3]",[16],"[577, 8]",trans;gender;mocap_framerate;betas;dmpls;poses,
106,106,106/106_15_poses.npz,106_15_poses,,60.0,1165,19.416666666666668,female,"[1165, 156]","[1165, 3]",[16],"[1165, 8]",trans;gender;mocap_framerate;betas;dmpls;poses,
106,106,106/106_16_poses.npz,106_16_poses,,60.0,299,4.983333333333333,female,"[299, 156]","[299, 3]",[16],"[299, 8]",trans;gender;mocap_framerate;betas;dmpls;poses,
106,106,106/106_17_poses.npz,106_17_poses,,60.0,561,9.35,female,"[561, 156]","[561, 3]",[16],"[561, 8]",trans;gender;mocap_framerate;betas;dmpls;poses,
106,106,106/106_18_poses.npz,106_18_poses,,60.0,388,6.466666666666667,female,"[388, 156]","[388, 3]",[16],"[388, 8]",trans;gender;mocap_framerate;betas;dmpls;poses,
106,106,106/106_19_poses.npz,106_19_poses,,60.0,1193,19.883333333333333,female,"[1193, 156]","[1193, 3]",[16],"[1193, 8]",trans;gender;mocap_framerate;betas;dmpls;poses,
106,106,106/106_20_poses.npz,106_20_poses,,60.0,763,12.716666666666667,female,"[763, 156]","[763, 3]",[16],"[763, 8]",trans;gender;mocap_framerate;betas;dmpls;poses,
106,106,106/106_21_poses.npz,106_21_poses,,60.0,272,4.533333333333333,female,"[272, 156]","[272, 3]",[16],"[272, 8]",trans;gender;mocap_framerate;betas;dmpls;poses,
106,106,106/106_22_poses.npz,106_22_poses,,60.0,198,3.3,female,"[198, 156]","[198, 3]",[16],"[198, 8]",trans;gender;mocap_framerate;betas;dmpls;poses,
106,106,106/106_23_poses.npz,106_23_poses,,60.0,256,4.266666666666667,female,"[256, 156]","[256, 3]",[16],"[256, 8]",trans;gender;mocap_framerate;betas;dmpls;poses,
106,106,106/106_24_poses.npz,106_24_poses,,60.0,260,4.333333333333333,female,"[260, 156]","[260, 3]",[16],"[260, 8]",trans;gender;mocap_framerate;betas;dmpls;poses,
106,106,106/106_25_poses.npz,106_25_poses,,60.0,614,10.233333333333333,female,"[614, 156]","[614, 3]",[16],"[614, 8]",trans;gender;mocap_framerate;betas;dmpls;poses,
106,106,106/106_26_poses.npz,106_26_poses,,60.0,398,6.633333333333334,female,"[398, 156]","[398, 3]",[16],"[398, 8]",trans;gender;mocap_framerate;betas;dmpls;poses,
106,106,106/106_27_poses.npz,106_27_poses,,60.0,555,9.25,female,"[555, 156]","[555, 3]",[16],"[555, 8]",trans;gender;mocap_framerate;betas;dmpls;poses,
106,106,106/106_28_poses.npz,106_28_poses,,60.0,355,5.916666666666667,female,"[355, 156]","[355, 3]",[16],"[355, 8]",trans;gender;mocap_framerate;betas;dmpls;poses,
106,106,106/106_29_poses.npz,106_29_poses,,60.0,1166,19.433333333333334,female,"[1166, 156]","[1166, 3]",[16],"[1166, 8]",trans;gender;mocap_framerate;betas;dmpls;poses,
106,106,106/106_30_poses.npz,106_30_poses,,60.0,721,12.016666666666667,female,"[721, 156]","[721, 3]",[16],"[721, 8]",trans;gender;mocap_framerate;betas;dmpls;poses,
106,106,106/106_31_poses.npz,106_31_poses,,60.0,671,11.183333333333334,female,"[671, 156]","[671, 3]",[16],"[671, 8]",trans;gender;mocap_framerate;betas;dmpls;poses,
106,106,106/106_32_poses.npz,106_32_poses,,60.0,888,14.8,female,"[888, 156]","[888, 3]",[16],"[888, 8]",trans;gender;mocap_framerate;betas;dmpls;poses,
106,106,106/106_33_poses.npz,106_33_poses,,60.0,1059,17.65,female,"[1059, 156]","[1059, 3]",[16],"[1059, 8]",trans;gender;mocap_framerate;betas;dmpls;poses,
106,106,106/106_34_poses.npz,106_34_poses,,60.0,314,5.233333333333333,female,"[314, 156]","[314, 3]",[16],"[314, 8]",trans;gender;mocap_framerate;betas;dmpls;poses,
107,107,107/107_01_poses.npz,107_01_poses,,60.0,531,8.85,female,"[531, 156]","[531, 3]",[16],"[531, 8]",trans;gender;mocap_framerate;betas;dmpls;poses,
107,107,107/107_02_poses.npz,107_02_poses,,60.0,688,11.466666666666667,female,"[688, 156]","[688, 3]",[16],"[688, 8]",trans;gender;mocap_framerate;betas;dmpls;poses,
107,107,107/107_03_poses.npz,107_03_poses,,60.0,513,8.55,female,"[513, 156]","[513, 3]",[16],"[513, 8]",trans;gender;mocap_framerate;betas;dmpls;poses,
107,107,107/107_04_poses.npz,107_04_poses,,60.0,436,7.266666666666667,female,"[436, 156]","[436, 3]",[16],"[436, 8]",trans;gender;mocap_framerate;betas;dmpls;poses,
107,107,107/107_05_poses.npz,107_05_poses,,60.0,432,7.2,female,"[432, 156]","[432, 3]",[16],"[432, 8]",trans;gender;mocap_framerate;betas;dmpls;poses,
107,107,107/107_06_poses.npz,107_06_poses,,60.0,369,6.15,female,"[369, 156]","[369, 3]",[16],"[369, 8]",trans;gender;mocap_framerate;betas;dmpls;poses,
107,107,107/107_07_poses.npz,107_07_poses,,60.0,515,8.583333333333334,female,"[515, 156]","[515, 3]",[16],"[515, 8]",trans;gender;mocap_framerate;betas;dmpls;poses,
107,107,107/107_08_poses.npz,107_08_poses,,60.0,828,13.8,female,"[828, 156]","[828, 3]",[16],"[828, 8]",trans;gender;mocap_framerate;betas;dmpls;poses,
107,107,107/107_09_poses.npz,107_09_poses,,60.0,626,10.433333333333334,female,"[626, 156]","[626, 3]",[16],"[626, 8]",trans;gender;mocap_framerate;betas;dmpls;poses,
107,107,107/107_10_poses.npz,107_10_poses,,60.0,569,9.483333333333333,female,"[569, 156]","[569, 3]",[16],"[569, 8]",trans;gender;mocap_framerate;betas;dmpls;poses,
107,107,107/107_11_poses.npz,107_11_poses,,60.0,600,10.0,female,"[600, 156]","[600, 3]",[16],"[600, 8]",trans;gender;mocap_framerate;betas;dmpls;poses,
107,107,107/107_12_poses.npz,107_12_poses,,60.0,255,4.25,female,"[255, 156]","[255, 3]",[16],"[255, 8]",trans;gender;mocap_framerate;betas;dmpls;poses,
107,107,107/107_13_poses.npz,107_13_poses,,60.0,215,3.5833333333333335,female,"[215, 156]","[215, 3]",[16],"[215, 8]",trans;gender;mocap_framerate;betas;dmpls;poses,
107,107,107/107_14_poses.npz,107_14_poses,,60.0,442,7.366666666666666,female,"[442, 156]","[442, 3]",[16],"[442, 8]",trans;gender;mocap_framerate;betas;dmpls;poses,
108,108,108/108_01_poses.npz,108_01_poses,,120.0,723,6.025,male,"[723, 156]","[723, 3]",[16],"[723, 8]",trans;gender;mocap_framerate;betas;dmpls;poses,
108,108,108/108_02_poses.npz,108_02_poses,,120.0,1144,9.533333333333333,male,"[1144, 156]","[1144, 3]",[16],"[1144, 8]",trans;gender;mocap_framerate;betas;dmpls;poses,
108,108,108/108_03_poses.npz,108_03_poses,,120.0,1227,10.225,male,"[1227, 156]","[1227, 3]",[16],"[1227, 8]",trans;gender;mocap_framerate;betas;dmpls;poses,
108,108,108/108_04_poses.npz,108_04_poses,,120.0,184,1.5333333333333334,male,"[184, 156]","[184, 3]",[16],"[184, 8]",trans;gender;mocap_framerate;betas;dmpls;poses,
108,108,108/108_05_poses.npz,108_05_poses,,120.0,183,1.525,male,"[183, 156]","[183, 3]",[16],"[183, 8]",trans;gender;mocap_framerate;betas;dmpls;poses,
108,108,108/108_06_poses.npz,108_06_poses,,120.0,189,1.575,male,"[189, 156]","[189, 3]",[16],"[189, 8]",trans;gender;mocap_framerate;betas;dmpls;poses,
108,108,108/108_07_poses.npz,108_07_poses,,120.0,223,1.8583333333333334,male,"[223, 156]","[223, 3]",[16],"[223, 8]",trans;gender;mocap_framerate;betas;dmpls;poses,
108,108,108/108_08_poses.npz,108_08_poses,,120.0,225,1.875,male,"[225, 156]","[225, 3]",[16],"[225, 8]",trans;gender;mocap_framerate;betas;dmpls;poses,
108,108,108/108_09_poses.npz,108_09_poses,,120.0,251,2.091666666666667,male,"[251, 156]","[251, 3]",[16],"[251, 8]",trans;gender;mocap_framerate;betas;dmpls;poses,
108,108,108/108_10_poses.npz,108_10_poses,,120.0,238,1.9833333333333334,male,"[238, 156]","[238, 3]",[16],"[238, 8]",trans;gender;mocap_framerate;betas;dmpls;poses,
108,108,108/108_11_poses.npz,108_11_poses,,120.0,244,2.033333333333333,male,"[244, 156]","[244, 3]",[16],"[244, 8]",trans;gender;mocap_framerate;betas;dmpls;poses,
108,108,108/108_12_poses.npz,108_12_poses,,120.0,137,1.1416666666666666,male,"[137, 156]","[137, 3]",[16],"[137, 8]",trans;gender;mocap_framerate;betas;dmpls;poses,
108,108,108/108_13_poses.npz,108_13_poses,,120.0,156,1.3,male,"[156, 156]","[156, 3]",[16],"[156, 8]",trans;gender;mocap_framerate;betas;dmpls;poses,
108,108,108/108_14_poses.npz,108_14_poses,,120.0,176,1.4666666666666666,male,"[176, 156]","[176, 3]",[16],"[176, 8]",trans;gender;mocap_framerate;betas;dmpls;poses,
108,108,108/108_15_poses.npz,108_15_poses,,120.0,356,2.966666666666667,male,"[356, 156]","[356, 3]",[16],"[356, 8]",trans;gender;mocap_framerate;betas;dmpls;poses,
108,108,108/108_16_poses.npz,108_16_poses,,120.0,353,2.941666666666667,male,"[353, 156]","[353, 3]",[16],"[353, 8]",trans;gender;mocap_framerate;betas;dmpls;poses,
108,108,108/108_17_poses.npz,108_17_poses,,120.0,231,1.925,male,"[231, 156]","[231, 3]",[16],"[231, 8]",trans;gender;mocap_framerate;betas;dmpls;poses,
108,108,108/108_18_poses.npz,108_18_poses,,120.0,246,2.05,male,"[246, 156]","[246, 3]",[16],"[246, 8]",trans;gender;mocap_framerate;betas;dmpls;poses,
108,108,108/108_19_poses.npz,108_19_poses,,120.0,255,2.125,male,"[255, 156]","[255, 3]",[16],"[255, 8]",trans;gender;mocap_framerate;betas;dmpls;poses,
108,108,108/108_20_poses.npz,108_20_poses,,120.0,279,2.325,male,"[279, 156]","[279, 3]",[16],"[279, 8]",trans;gender;mocap_framerate;betas;dmpls;poses,
108,108,108/108_21_poses.npz,108_21_poses,,120.0,496,4.133333333333334,male,"[496, 156]","[496, 3]",[16],"[496, 8]",trans;gender;mocap_framerate;betas;dmpls;poses,
108,108,108/108_22_poses.npz,108_22_poses,,120.0,462,3.85,male,"[462, 156]","[462, 3]",[16],"[462, 8]",trans;gender;mocap_framerate;betas;dmpls;poses,
108,108,108/108_23_poses.npz,108_23_poses,,120.0,664,5.533333333333333,male,"[664, 156]","[664, 3]",[16],"[664, 8]",trans;gender;mocap_framerate;betas;dmpls;poses,
108,108,108/108_24_poses.npz,108_24_poses,,120.0,531,4.425,male,"[531, 156]","[531, 3]",[16],"[531, 8]",trans;gender;mocap_framerate;betas;dmpls;poses,
108,108,108/108_25_poses.npz,108_25_poses,,120.0,611,5.091666666666667,male,"[611, 156]","[611, 3]",[16],"[611, 8]",trans;gender;mocap_framerate;betas;dmpls;poses,
108,108,108/108_26_poses.npz,108_26_poses,,120.0,553,4.608333333333333,male,"[553, 156]","[553, 3]",[16],"[553, 8]",trans;gender;mocap_framerate;betas;dmpls;poses,
108,108,108/108_27_poses.npz,108_27_poses,,120.0,419,3.4916666666666667,male,"[419, 156]","[419, 3]",[16],"[419, 8]",trans;gender;mocap_framerate;betas;dmpls;poses,
108,108,108/108_28_poses.npz,108_28_poses,,120.0,363,3.025,male,"[363, 156]","[363, 3]",[16],"[363, 8]",trans;gender;mocap_framerate;betas;dmpls;poses,
11,11,11/11_01_poses.npz,11_01_poses,,120.0,597,4.975,male,"[597, 156]","[597, 3]",[16],"[597, 8]",trans;gender;mocap_framerate;betas;dmpls;poses,
111,111,111/111_01_poses.npz,111_01_poses,,120.0,999,8.325,male,"[999, 156]","[999, 3]",[16],"[999, 8]",trans;gender;mocap_framerate;betas;dmpls;poses,
111,111,111/111_02_poses.npz,111_02_poses,,120.0,423,3.525,male,"[423, 156]","[423, 3]",[16],"[423, 8]",trans;gender;mocap_framerate;betas;dmpls;poses,
111,111,111/111_03_poses.npz,111_03_poses,,120.0,1524,12.7,male,"[1524, 156]","[1524, 3]",[16],"[1524, 8]",trans;gender;mocap_framerate;betas;dmpls;poses,
111,111,111/111_04_poses.npz,111_04_poses,,120.0,727,6.058333333333334,male,"[727, 156]","[727, 3]",[16],"[727, 8]",trans;gender;mocap_framerate;betas;dmpls;poses,
111,111,111/111_05_poses.npz,111_05_poses,,120.0,926,7.716666666666667,male,"[926, 156]","[926, 3]",[16],"[926, 8]",trans;gender;mocap_framerate;betas;dmpls;poses,
111,111,111/111_06_poses.npz,111_06_poses,,120.0,1524,12.7,male,"[1524, 156]","[1524, 3]",[16],"[1524, 8]",trans;gender;mocap_framerate;betas;dmpls;poses,
111,111,111/111_07_poses.npz,111_07_poses,,120.0,1973,16.441666666666666,male,"[1973, 156]","[1973, 3]",[16],"[1973, 8]",trans;gender;mocap_framerate;betas;dmpls;poses,
111,111,111/111_08_poses.npz,111_08_poses,,120.0,1534,12.783333333333333,male,"[1534, 156]","[1534, 3]",[16],"[1534, 8]",trans;gender;mocap_framerate;betas;dmpls;poses,
111,111,111/111_09_poses.npz,111_09_poses,,120.0,785,6.541666666666667,male,"[785, 156]","[785, 3]",[16],"[785, 8]",trans;gender;mocap_framerate;betas;dmpls;poses,
111,111,111/111_10_poses.npz,111_10_poses,,120.0,449,3.7416666666666667,male,"[449, 156]","[449, 3]",[16],"[449, 8]",trans;gender;mocap_framerate;betas;dmpls;poses,
111,111,111/111_11_poses.npz,111_11_poses,,120.0,572,4.766666666666667,male,"[572, 156]","[572, 3]",[16],"[572, 8]",trans;gender;mocap_framerate;betas;dmpls;poses,
111,111,111/111_13_poses.npz,111_13_poses,,120.0,1281,10.675,male,"[1281, 156]","[1281, 3]",[16],"[1281, 8]",trans;gender;mocap_framerate;betas;dmpls;poses,
111,111,111/111_14_poses.npz,111_14_poses,,120.0,1288,10.733333333333333,male,"[1288, 156]","[1288, 3]",[16],"[1288, 8]",trans;gender;mocap_framerate;betas;dmpls;poses,
111,111,111/111_15_poses.npz,111_15_poses,,120.0,269,2.2416666666666667,male,"[269, 156]","[269, 3]",[16],"[269, 8]",trans;gender;mocap_framerate;betas;dmpls;poses,
111,111,111/111_17_poses.npz,111_17_poses,,120.0,564,4.7,male,"[564, 156]","[564, 3]",[16],"[564, 8]",trans;gender;mocap_framerate;betas;dmpls;poses,
111,111,111/111_18_poses.npz,111_18_poses,,120.0,541,4.508333333333334,male,"[541, 156]","[541, 3]",[16],"[541, 8]",trans;gender;mocap_framerate;betas;dmpls;poses,
111,111,111/111_19_poses.npz,111_19_poses,,120.0,1024,8.533333333333333,male,"[1024, 156]","[1024, 3]",[16],"[1024, 8]",trans;gender;mocap_framerate;betas;dmpls;poses,
111,111,111/111_20_poses.npz,111_20_poses,,120.0,1059,8.825,male,"[1059, 156]","[1059, 3]",[16],"[1059, 8]",trans;gender;mocap_framerate;betas;dmpls;poses,
111,111,111/111_21_poses.npz,111_21_poses,,120.0,2275,18.958333333333332,male,"[2275, 156]","[2275, 3]",[16],"[2275, 8]",trans;gender;mocap_framerate;betas;dmpls;poses,
111,111,111/111_23_poses.npz,111_23_poses,,120.0,1129,9.408333333333333,male,"[1129, 156]","[1129, 3]",[16],"[1129, 8]",trans;gender;mocap_framerate;betas;dmpls;poses,
111,111,111/111_24_poses.npz,111_24_poses,,120.0,862,7.183333333333334,male,"[862, 156]","[862, 3]",[16],"[862, 8]",trans;gender;mocap_framerate;betas;dmpls;poses,
111,111,111/111_25_poses.npz,111_25_poses,,120.0,291,2.425,male,"[291, 156]","[291, 3]",[16],"[291, 8]",trans;gender;mocap_framerate;betas;dmpls;poses,
111,111,111/111_26_poses.npz,111_26_poses,,120.0,2721,22.675,male,"[2721, 156]","[2721, 3]",[16],"[2721, 8]",trans;gender;mocap_framerate;betas;dmpls;poses,
111,111,111/111_27_poses.npz,111_27_poses,,120.0,1452,12.1,male,"[1452, 156]","[1452, 3]",[16],"[1452, 8]",trans;gender;mocap_framerate;betas;dmpls;poses,
111,111,111/111_28_poses.npz,111_28_poses,,120.0,1907,15.891666666666667,male,"[1907, 156]","[1907, 3]",[16],"[1907, 8]",trans;gender;mocap_framerate;betas;dmpls;poses,
111,111,111/111_29_poses.npz,111_29_poses,,120.0,545,4.541666666666667,male,"[545, 156]","[545, 3]",[16],"[545, 8]",trans;gender;mocap_framerate;betas;dmpls;poses,
111,111,111/111_30_poses.npz,111_30_poses,,120.0,462,3.85,male,"[462, 156]","[462, 3]",[16],"[462, 8]",trans;gender;mocap_framerate;betas;dmpls;poses,
111,111,111/111_31_poses.npz,111_31_poses,,120.0,2247,18.725,male,"[2247, 156]","[2247, 3]",[16],"[2247, 8]",trans;gender;mocap_framerate;betas;dmpls;poses,
111,111,111/111_32_poses.npz,111_32_poses,,120.0,748,6.233333333333333,male,"[748, 156]","[748, 3]",[16],"[748, 8]",trans;gender;mocap_framerate;betas;dmpls;poses,
111,111,111/111_33_poses.npz,111_33_poses,,120.0,2069,17.241666666666667,male,"[2069, 156]","[2069, 3]",[16],"[2069, 8]",trans;gender;mocap_framerate;betas;dmpls;poses,
111,111,111/111_34_poses.npz,111_34_poses,,120.0,1837,15.308333333333334,male,"[1837, 156]","[1837, 3]",[16],"[1837, 8]",trans;gender;mocap_framerate;betas;dmpls;poses,
111,111,111/111_35_poses.npz,111_35_poses,,120.0,1503,12.525,male,"[1503, 156]","[1503, 3]",[16],"[1503, 8]",trans;gender;mocap_framerate;betas;dmpls;poses,
111,111,111/111_36_poses.npz,111_36_poses,,120.0,1465,12.208333333333334,male,"[1465, 156]","[1465, 3]",[16],"[1465, 8]",trans;gender;mocap_framerate;betas;dmpls;poses,
111,111,111/111_37_poses.npz,111_37_poses,,120.0,324,2.7,male,"[324, 156]","[324, 3]",[16],"[324, 8]",trans;gender;mocap_framerate;betas;dmpls;poses,
111,111,111/111_38_poses.npz,111_38_poses,,120.0,2640,22.0,male,"[2640, 156]","[2640, 3]",[16],"[2640, 8]",trans;gender;mocap_framerate;betas;dmpls;poses,
111,111,111/111_39_poses.npz,111_39_poses,,120.0,4094,34.11666666666667,male,"[4094, 156]","[4094, 3]",[16],"[4094, 8]",trans;gender;mocap_framerate;betas;dmpls;poses,
111,111,111/111_40_poses.npz,111_40_poses,,120.0,307,2.558333333333333,male,"[307, 156]","[307, 3]",[16],"[307, 8]",trans;gender;mocap_framerate;betas;dmpls;poses,
111,111,111/111_41_poses.npz,111_41_poses,,120.0,3697,30.808333333333334,male,"[3697, 156]","[3697, 3]",[16],"[3697, 8]",trans;gender;mocap_framerate;betas;dmpls;poses,
113,113,113/113_01_poses.npz,113_01_poses,,120.0,835,6.958333333333333,male,"[835, 156]","[835, 3]",[16],"[835, 8]",trans;gender;mocap_framerate;betas;dmpls;poses,
113,113,113/113_02_poses.npz,113_02_poses,,120.0,529,4.408333333333333,male,"[529, 156]","[529, 3]",[16],"[529, 8]",trans;gender;mocap_framerate;betas;dmpls;poses,
113,113,113/113_03_poses.npz,113_03_poses,,120.0,485,4.041666666666667,male,"[485, 156]","[485, 3]",[16],"[485, 8]",trans;gender;mocap_framerate;betas;dmpls;poses,
113,113,113/113_04_poses.npz,113_04_poses,,120.0,970,8.083333333333334,male,"[970, 156]","[970, 3]",[16],"[970, 8]",trans;gender;mocap_framerate;betas;dmpls;poses,
113,113,113/113_05_poses.npz,113_05_poses,,120.0,2660,22.166666666666668,male,"[2660, 156]","[2660, 3]",[16],"[2660, 8]",trans;gender;mocap_framerate;betas;dmpls;poses,
113,113,113/113_06_poses.npz,113_06_poses,,120.0,2026,16.883333333333333,male,"[2026, 156]","[2026, 3]",[16],"[2026, 8]",trans;gender;mocap_framerate;betas;dmpls;poses,
113,113,113/113_07_poses.npz,113_07_poses,,120.0,582,4.85,male,"[582, 156]","[582, 3]",[16],"[582, 8]",trans;gender;mocap_framerate;betas;dmpls;poses,
113,113,113/113_08_poses.npz,113_08_poses,,120.0,1845,15.375,male,"[1845, 156]","[1845, 3]",[16],"[1845, 8]",trans;gender;mocap_framerate;betas;dmpls;poses,
113,113,113/113_09_poses.npz,113_09_poses,,120.0,1198,9.983333333333333,male,"[1198, 156]","[1198, 3]",[16],"[1198, 8]",trans;gender;mocap_framerate;betas;dmpls;poses,
113,113,113/113_10_poses.npz,113_10_poses,,120.0,1334,11.116666666666667,male,"[1334, 156]","[1334, 3]",[16],"[1334, 8]",trans;gender;mocap_framerate;betas;dmpls;poses,
113,113,113/113_11_poses.npz,113_11_poses,,120.0,278,2.316666666666667,male,"[278, 156]","[278, 3]",[16],"[278, 8]",trans;gender;mocap_framerate;betas;dmpls;poses,
113,113,113/113_12_poses.npz,113_12_poses,,120.0,397,3.308333333333333,male,"[397, 156]","[397, 3]",[16],"[397, 8]",trans;gender;mocap_framerate;betas;dmpls;poses,
113,113,113/113_13_poses.npz,113_13_poses,,120.0,1343,11.191666666666666,male,"[1343, 156]","[1343, 3]",[16],"[1343, 8]",trans;gender;mocap_framerate;betas;dmpls;poses,
113,113,113/113_14_poses.npz,113_14_poses,,120.0,1012,8.433333333333334,male,"[1012, 156]","[1012, 3]",[16],"[1012, 8]",trans;gender;mocap_framerate;betas;dmpls;poses,
113,113,113/113_15_poses.npz,113_15_poses,,120.0,953,7.941666666666666,male,"[953, 156]","[953, 3]",[16],"[953, 8]",trans;gender;mocap_framerate;betas;dmpls;poses,
113,113,113/113_16_poses.npz,113_16_poses,,120.0,699,5.825,male,"[699, 156]","[699, 3]",[16],"[699, 8]",trans;gender;mocap_framerate;betas;dmpls;poses,
113,113,113/113_17_poses.npz,113_17_poses,,120.0,1854,15.45,male,"[1854, 156]","[1854, 3]",[16],"[1854, 8]",trans;gender;mocap_framerate;betas;dmpls;poses,
113,113,113/113_18_poses.npz,113_18_poses,,120.0,2196,18.3,male,"[2196, 156]","[2196, 3]",[16],"[2196, 8]",trans;gender;mocap_framerate;betas;dmpls;poses,
113,113,113/113_19_poses.npz,113_19_poses,,120.0,803,6.691666666666666,male,"[803, 156]","[803, 3]",[16],"[803, 8]",trans;gender;mocap_framerate;betas;dmpls;poses,
113,113,113/113_20_poses.npz,113_20_poses,,120.0,1448,12.066666666666666,male,"[1448, 156]","[1448, 3]",[16],"[1448, 8]",trans;gender;mocap_framerate;betas;dmpls;poses,
113,113,113/113_21_poses.npz,113_21_poses,,120.0,1367,11.391666666666667,male,"[1367, 156]","[1367, 3]",[16],"[1367, 8]",trans;gender;mocap_framerate;betas;dmpls;poses,
113,113,113/113_22_poses.npz,113_22_poses,,120.0,1193,9.941666666666666,male,"[1193, 156]","[1193, 3]",[16],"[1193, 8]",trans;gender;mocap_framerate;betas;dmpls;poses,
113,113,113/113_23_poses.npz,113_23_poses,,120.0,1010,8.416666666666666,male,"[1010, 156]","[1010, 3]",[16],"[1010, 8]",trans;gender;mocap_framerate;betas;dmpls;poses,
113,113,113/113_24_poses.npz,113_24_poses,,120.0,1105,9.208333333333334,male,"[1105, 156]","[1105, 3]",[16],"[1105, 8]",trans;gender;mocap_framerate;betas;dmpls;poses,
113,113,113/113_25_poses.npz,113_25_poses,,120.0,689,5.741666666666666,male,"[689, 156]","[689, 3]",[16],"[689, 8]",trans;gender;mocap_framerate;betas;dmpls;poses,
113,113,113/113_26_poses.npz,113_26_poses,,120.0,1316,10.966666666666667,male,"[1316, 156]","[1316, 3]",[16],"[1316, 8]",trans;gender;mocap_framerate;betas;dmpls;poses,
113,113,113/113_27_poses.npz,113_27_poses,,120.0,357,2.975,male,"[357, 156]","[357, 3]",[16],"[357, 8]",trans;gender;mocap_framerate;betas;dmpls;poses,
113,113,113/113_28_poses.npz,113_28_poses,,120.0,5153,42.94166666666667,male,"[5153, 156]","[5153, 3]",[16],"[5153, 8]",trans;gender;mocap_framerate;betas;dmpls;poses,
113,113,113/113_29_poses.npz,113_29_poses,,120.0,4318,35.983333333333334,male,"[4318, 156]","[4318, 3]",[16],"[4318, 8]",trans;gender;mocap_framerate;betas;dmpls;poses,
114,114,114/114_01_poses.npz,114_01_poses,,120.0,321,2.675,female,"[321, 156]","[321, 3]",[16],"[321, 8]",trans;gender;mocap_framerate;betas;dmpls;poses,
114,114,114/114_02_poses.npz,114_02_poses,,120.0,1742,14.516666666666667,female,"[1742, 156]","[1742, 3]",[16],"[1742, 8]",trans;gender;mocap_framerate;betas;dmpls;poses,
114,114,114/114_03_poses.npz,114_03_poses,,120.0,3811,31.758333333333333,female,"[3811, 156]","[3811, 3]",[16],"[3811, 8]",trans;gender;mocap_framerate;betas;dmpls;poses,
114,114,114/114_04_poses.npz,114_04_poses,,120.0,895,7.458333333333333,female,"[895, 156]","[895, 3]",[16],"[895, 8]",trans;gender;mocap_framerate;betas;dmpls;poses,
114,114,114/114_05_poses.npz,114_05_poses,,120.0,2724,22.7,female,"[2724, 156]","[2724, 3]",[16],"[2724, 8]",trans;gender;mocap_framerate;betas;dmpls;poses,
114,114,114/114_06_poses.npz,114_06_poses,,120.0,1023,8.525,female,"[1023, 156]","[1023, 3]",[16],"[1023, 8]",trans;gender;mocap_framerate;betas;dmpls;poses,
114,114,114/114_07_poses.npz,114_07_poses,,120.0,1619,13.491666666666667,female,"[1619, 156]","[1619, 3]",[16],"[1619, 8]",trans;gender;mocap_framerate;betas;dmpls;poses,
114,114,114/114_08_poses.npz,114_08_poses,,120.0,1608,13.4,female,"[1608, 156]","[1608, 3]",[16],"[1608, 8]",trans;gender;mocap_framerate;betas;dmpls;poses,
114,114,114/114_09_poses.npz,114_09_poses,,120.0,2277,18.975,female,"[2277, 156]","[2277, 3]",[16],"[2277, 8]",trans;gender;mocap_framerate;betas;dmpls;poses,
114,114,114/114_10_poses.npz,114_10_poses,,120.0,8058,67.15,female,"[8058, 156]","[8058, 3]",[16],"[8058, 8]",trans;gender;mocap_framerate;betas;dmpls;poses,
114,114,114/114_11_poses.npz,114_11_poses,,120.0,3482,29.016666666666666,female,"[3482, 156]","[3482, 3]",[16],"[3482, 8]",trans;gender;mocap_framerate;betas;dmpls;poses,
114,114,114/114_12_poses.npz,114_12_poses,,120.0,1122,9.35,female,"[1122, 156]","[1122, 3]",[16],"[1122, 8]",trans;gender;mocap_framerate;betas;dmpls;poses,
114,114,114/114_13_poses.npz,114_13_poses,,120.0,3132,26.1,female,"[3132, 156]","[3132, 3]",[16],"[3132, 8]",trans;gender;mocap_framerate;betas;dmpls;poses,
114,114,114/114_14_poses.npz,114_14_poses,,120.0,5854,48.78333333333333,female,"[5854, 156]","[5854, 3]",[16],"[5854, 8]",trans;gender;mocap_framerate;betas;dmpls;poses,
114,114,114/114_15_poses.npz,114_15_poses,,120.0,1384,11.533333333333333,female,"[1384, 156]","[1384, 3]",[16],"[1384, 8]",trans;gender;mocap_framerate;betas;dmpls;poses,
114,114,114/114_16_poses.npz,114_16_poses,,120.0,1729,14.408333333333333,female,"[1729, 156]","[1729, 3]",[16],"[1729, 8]",trans;gender;mocap_framerate;betas;dmpls;poses,
115,115,115/115_01_poses.npz,115_01_poses,,60.0,469,7.816666666666666,male,"[469, 156]","[469, 3]",[16],"[469, 8]",trans;gender;mocap_framerate;betas;dmpls;poses,
115,115,115/115_02_poses.npz,115_02_poses,,60.0,400,6.666666666666667,male,"[400, 156]","[400, 3]",[16],"[400, 8]",trans;gender;mocap_framerate;betas;dmpls;poses,
115,115,115/115_03_poses.npz,115_03_poses,,60.0,452,7.533333333333333,male,"[452, 156]","[452, 3]",[16],"[452, 8]",trans;gender;mocap_framerate;betas;dmpls;poses,
115,115,115/115_04_poses.npz,115_04_poses,,60.0,381,6.35,male,"[381, 156]","[381, 3]",[16],"[381, 8]",trans;gender;mocap_framerate;betas;dmpls;poses,
115,115,115/115_05_poses.npz,115_05_poses,,60.0,585,9.75,male,"[585, 156]","[585, 3]",[16],"[585, 8]",trans;gender;mocap_framerate;betas;dmpls;poses,
115,115,115/115_06_poses.npz,115_06_poses,,60.0,357,5.95,male,"[357, 156]","[357, 3]",[16],"[357, 8]",trans;gender;mocap_framerate;betas;dmpls;poses,
115,115,115/115_07_poses.npz,115_07_poses,,60.0,416,6.933333333333334,male,"[416, 156]","[416, 3]",[16],"[416, 8]",trans;gender;mocap_framerate;betas;dmpls;poses,
115,115,115/115_08_poses.npz,115_08_poses,,60.0,486,8.1,male,"[486, 156]","[486, 3]",[16],"[486, 8]",trans;gender;mocap_framerate;betas;dmpls;poses,
115,115,115/115_09_poses.npz,115_09_poses,,60.0,399,6.65,male,"[399, 156]","[399, 3]",[16],"[399, 8]",trans;gender;mocap_framerate;betas;dmpls;poses,
115,115,115/115_10_poses.npz,115_10_poses,,60.0,366,6.1,male,"[366, 156]","[366, 3]",[16],"[366, 8]",trans;gender;mocap_framerate;betas;dmpls;poses,
118,118,118/118_01_poses.npz,118_01_poses,,120.0,714,5.95,male,"[714, 156]","[714, 3]",[16],"[714, 8]",trans;gender;mocap_framerate;betas;dmpls;poses,
118,118,118/118_02_poses.npz,118_02_poses,,120.0,685,5.708333333333333,male,"[685, 156]","[685, 3]",[16],"[685, 8]",trans;gender;mocap_framerate;betas;dmpls;poses,
118,118,118/118_03_poses.npz,118_03_poses,,120.0,497,4.141666666666667,male,"[497, 156]","[497, 3]",[16],"[497, 8]",trans;gender;mocap_framerate;betas;dmpls;poses,
118,118,118/118_04_poses.npz,118_04_poses,,120.0,645,5.375,male,"[645, 156]","[645, 3]",[16],"[645, 8]",trans;gender;mocap_framerate;betas;dmpls;poses,
118,118,118/118_05_poses.npz,118_05_poses,,120.0,708,5.9,male,"[708, 156]","[708, 3]",[16],"[708, 8]",trans;gender;mocap_framerate;betas;dmpls;poses,
118,118,118/118_06_poses.npz,118_06_poses,,120.0,543,4.525,male,"[543, 156]","[543, 3]",[16],"[543, 8]",trans;gender;mocap_framerate;betas;dmpls;poses,
118,118,118/118_07_poses.npz,118_07_poses,,120.0,696,5.8,male,"[696, 156]","[696, 3]",[16],"[696, 8]",trans;gender;mocap_framerate;betas;dmpls;poses,
118,118,118/118_08_poses.npz,118_08_poses,,120.0,643,5.358333333333333,male,"[643, 156]","[643, 3]",[16],"[643, 8]",trans;gender;mocap_framerate;betas;dmpls;poses,
118,118,118/118_09_poses.npz,118_09_poses,,120.0,480,4.0,male,"[480, 156]","[480, 3]",[16],"[480, 8]",trans;gender;mocap_framerate;betas;dmpls;poses,
118,118,118/118_10_poses.npz,118_10_poses,,120.0,523,4.358333333333333,male,"[523, 156]","[523, 3]",[16],"[523, 8]",trans;gender;mocap_framerate;betas;dmpls;poses,
118,118,118/118_11_poses.npz,118_11_poses,,120.0,691,5.758333333333334,male,"[691, 156]","[691, 3]",[16],"[691, 8]",trans;gender;mocap_framerate;betas;dmpls;poses,
118,118,118/118_12_poses.npz,118_12_poses,,120.0,707,5.891666666666667,male,"[707, 156]","[707, 3]",[16],"[707, 8]",trans;gender;mocap_framerate;betas;dmpls;poses,
118,118,118/118_13_poses.npz,118_13_poses,,120.0,681,5.675,male,"[681, 156]","[681, 3]",[16],"[681, 8]",trans;gender;mocap_framerate;betas;dmpls;poses,
118,118,118/118_14_poses.npz,118_14_poses,,120.0,766,6.383333333333334,male,"[766, 156]","[766, 3]",[16],"[766, 8]",trans;gender;mocap_framerate;betas;dmpls;poses,
118,118,118/118_15_poses.npz,118_15_poses,,120.0,640,5.333333333333333,male,"[640, 156]","[640, 3]",[16],"[640, 8]",trans;gender;mocap_framerate;betas;dmpls;poses,
118,118,118/118_16_poses.npz,118_16_poses,,120.0,662,5.516666666666667,male,"[662, 156]","[662, 3]",[16],"[662, 8]",trans;gender;mocap_framerate;betas;dmpls;poses,
118,118,118/118_17_poses.npz,118_17_poses,,120.0,646,5.383333333333334,male,"[646, 156]","[646, 3]",[16],"[646, 8]",trans;gender;mocap_framerate;betas;dmpls;poses,
118,118,118/118_18_poses.npz,118_18_poses,,120.0,592,4.933333333333334,male,"[592, 156]","[592, 3]",[16],"[592, 8]",trans;gender;mocap_framerate;betas;dmpls;poses,
118,118,118/118_19_poses.npz,118_19_poses,,120.0,612,5.1,male,"[612, 156]","[612, 3]",[16],"[612, 8]",trans;gender;mocap_framerate;betas;dmpls;poses,
118,118,118/118_20_poses.npz,118_20_poses,,120.0,558,4.65,male,"[558, 156]","[558, 3]",[16],"[558, 8]",trans;gender;mocap_framerate;betas;dmpls;poses,
118,118,118/118_21_poses.npz,118_21_poses,,120.0,754,6.283333333333333,male,"[754, 156]","[754, 3]",[16],"[754, 8]",trans;gender;mocap_framerate;betas;dmpls;poses,
118,118,118/118_22_poses.npz,118_22_poses,,120.0,648,5.4,male,"[648, 156]","[648, 3]",[16],"[648, 8]",trans;gender;mocap_framerate;betas;dmpls;poses,
118,118,118/118_23_poses.npz,118_23_poses,,120.0,654,5.45,male,"[654, 156]","[654, 3]",[16],"[654, 8]",trans;gender;mocap_framerate;betas;dmpls;poses,
118,118,118/118_24_poses.npz,118_24_poses,,120.0,709,5.908333333333333,male,"[709, 156]","[709, 3]",[16],"[709, 8]",trans;gender;mocap_framerate;betas;dmpls;poses,
118,118,118/118_25_poses.npz,118_25_poses,,120.0,586,4.883333333333334,male,"[586, 156]","[586, 3]",[16],"[586, 8]",trans;gender;mocap_framerate;betas;dmpls;poses,
118,118,118/118_26_poses.npz,118_26_poses,,120.0,651,5.425,male,"[651, 156]","[651, 3]",[16],"[651, 8]",trans;gender;mocap_framerate;betas;dmpls;poses,
118,118,118/118_27_poses.npz,118_27_poses,,120.0,653,5.441666666666666,male,"[653, 156]","[653, 3]",[16],"[653, 8]",trans;gender;mocap_framerate;betas;dmpls;poses,
118,118,118/118_28_poses.npz,118_28_poses,,120.0,697,5.808333333333334,male,"[697, 156]","[697, 3]",[16],"[697, 8]",trans;gender;mocap_framerate;betas;dmpls;poses,
118,118,118/118_29_poses.npz,118_29_poses,,120.0,583,4.858333333333333,male,"[583, 156]","[583, 3]",[16],"[583, 8]",trans;gender;mocap_framerate;betas;dmpls;poses,
118,118,118/118_30_poses.npz,118_30_poses,,120.0,825,6.875,male,"[825, 156]","[825, 3]",[16],"[825, 8]",trans;gender;mocap_framerate;betas;dmpls;poses,
118,118,118/118_31_poses.npz,118_31_poses,,120.0,208,1.7333333333333334,male,"[208, 156]","[208, 3]",[16],"[208, 8]",trans;gender;mocap_framerate;betas;dmpls;poses,
118,118,118/118_32_poses.npz,118_32_poses,,120.0,1877,15.641666666666667,male,"[1877, 156]","[1877, 3]",[16],"[1877, 8]",trans;gender;mocap_framerate;betas;dmpls;poses,
12,12,12/12_01_poses.npz,12_01_poses,,120.0,523,4.358333333333333,female,"[523, 156]","[523, 3]",[16],"[523, 8]",trans;gender;mocap_framerate;betas;dmpls;poses,
12,12,12/12_02_poses.npz,12_02_poses,,120.0,673,5.608333333333333,female,"[673, 156]","[673, 3]",[16],"[673, 8]",trans;gender;mocap_framerate;betas;dmpls;poses,
12,12,12/12_03_poses.npz,12_03_poses,,120.0,565,4.708333333333333,female,"[565, 156]","[565, 3]",[16],"[565, 8]",trans;gender;mocap_framerate;betas;dmpls;poses,
12,12,12/12_04_poses.npz,12_04_poses,,120.0,17799,148.325,female,"[17799, 156]","[17799, 3]",[16],"[17799, 8]",trans;gender;mocap_framerate;betas;dmpls;poses,
120,120,120/120_01_poses.npz,120_01_poses,,120.0,1221,10.175,male,"[1221, 156]","[1221, 3]",[16],"[1221, 8]",trans;gender;mocap_framerate;betas;dmpls;poses,
120,120,120/120_02_poses.npz,120_02_poses,,120.0,1426,11.883333333333333,male,"[1426, 156]","[1426, 3]",[16],"[1426, 8]",trans;gender;mocap_framerate;betas;dmpls;poses,
120,120,120/120_03_poses.npz,120_03_poses,,120.0,1515,12.625,male,"[1515, 156]","[1515, 3]",[16],"[1515, 8]",trans;gender;mocap_framerate;betas;dmpls;poses,
120,120,120/120_04_poses.npz,120_04_poses,,120.0,6503,54.19166666666667,male,"[6503, 156]","[6503, 3]",[16],"[6503, 8]",trans;gender;mocap_framerate;betas;dmpls;poses,
120,120,120/120_05_poses.npz,120_05_poses,,120.0,1353,11.275,male,"[1353, 156]","[1353, 3]",[16],"[1353, 8]",trans;gender;mocap_framerate;betas;dmpls;poses,
120,120,120/120_06_poses.npz,120_06_poses,,120.0,1433,11.941666666666666,male,"[1433, 156]","[1433, 3]",[16],"[1433, 8]",trans;gender;mocap_framerate;betas;dmpls;poses,
120,120,120/120_07_poses.npz,120_07_poses,,120.0,1113,9.275,male,"[1113, 156]","[1113, 3]",[16],"[1113, 8]",trans;gender;mocap_framerate;betas;dmpls;poses,
120,120,120/120_08_poses.npz,120_08_poses,,120.0,1202,10.016666666666667,male,"[1202, 156]","[1202, 3]",[16],"[1202, 8]",trans;gender;mocap_framerate;betas;dmpls;poses,
120,120,120/120_09_poses.npz,120_09_poses,,120.0,1277,10.641666666666667,male,"[1277, 156]","[1277, 3]",[16],"[1277, 8]",trans;gender;mocap_framerate;betas;dmpls;poses,
120,120,120/120_11_poses.npz,120_11_poses,,120.0,1240,10.333333333333334,male,"[1240, 156]","[1240, 3]",[16],"[1240, 8]",trans;gender;mocap_framerate;betas;dmpls;poses,
120,120,120/120_12_poses.npz,120_12_poses,,120.0,1045,8.708333333333334,male,"[1045, 156]","[1045, 3]",[16],"[1045, 8]",trans;gender;mocap_framerate;betas;dmpls;poses,
120,120,120/120_13_poses.npz,120_13_poses,,120.0,1001,8.341666666666667,male,"[1001, 156]","[1001, 3]",[16],"[1001, 8]",trans;gender;mocap_framerate;betas;dmpls;poses,
120,120,120/120_14_poses.npz,120_14_poses,,120.0,1283,10.691666666666666,male,"[1283, 156]","[1283, 3]",[16],"[1283, 8]",trans;gender;mocap_framerate;betas;dmpls;poses,
120,120,120/120_15_poses.npz,120_15_poses,,120.0,1470,12.25,male,"[1470, 156]","[1470, 3]",[16],"[1470, 8]",trans;gender;mocap_framerate;betas;dmpls;poses,
120,120,120/120_16_poses.npz,120_16_poses,,120.0,1516,12.633333333333333,male,"[1516, 156]","[1516, 3]",[16],"[1516, 8]",trans;gender;mocap_framerate;betas;dmpls;poses,
120,120,120/120_18_poses.npz,120_18_poses,,120.0,1368,11.4,male,"[1368, 156]","[1368, 3]",[16],"[1368, 8]",trans;gender;mocap_framerate;betas;dmpls;poses,
120,120,120/120_19_poses.npz,120_19_poses,,120.0,12792,106.6,male,"[12792, 156]","[12792, 3]",[16],"[12792, 8]",trans;gender;mocap_framerate;betas;dmpls;poses,
120,120,120/120_20_poses.npz,120_20_poses,,120.0,10735,89.45833333333333,male,"[10735, 156]","[10735, 3]",[16],"[10735, 8]",trans;gender;mocap_framerate;betas;dmpls;poses,
120,120,120/120_21_poses.npz,120_21_poses,,120.0,3113,25.941666666666666,male,"[3113, 156]","[3113, 3]",[16],"[3113, 8]",trans;gender;mocap_framerate;betas;dmpls;poses,
120,120,120/120_22_poses.npz,120_22_poses,,120.0,1324,11.033333333333333,male,"[1324, 156]","[1324, 3]",[16],"[1324, 8]",trans;gender;mocap_framerate;betas;dmpls;poses,
122,122,122/122_01_poses.npz,122_01_poses,,120.0,633,5.275,male,"[633, 156]","[633, 3]",[16],"[633, 8]",trans;gender;mocap_framerate;betas;dmpls;poses,
122,122,122/122_02_poses.npz,122_02_poses,,120.0,364,3.033333333333333,male,"[364, 156]","[364, 3]",[16],"[364, 8]",trans;gender;mocap_framerate;betas;dmpls;poses,
122,122,122/122_03_poses.npz,122_03_poses,,120.0,669,5.575,male,"[669, 156]","[669, 3]",[16],"[669, 8]",trans;gender;mocap_framerate;betas;dmpls;poses,
122,122,122/122_04_poses.npz,122_04_poses,,120.0,467,3.8916666666666666,male,"[467, 156]","[467, 3]",[16],"[467, 8]",trans;gender;mocap_framerate;betas;dmpls;poses,
122,122,122/122_05_poses.npz,122_05_poses,,120.0,486,4.05,male,"[486, 156]","[486, 3]",[16],"[486, 8]",trans;gender;mocap_framerate;betas;dmpls;poses,
122,122,122/122_06_poses.npz,122_06_poses,,120.0,401,3.341666666666667,male,"[401, 156]","[401, 3]",[16],"[401, 8]",trans;gender;mocap_framerate;betas;dmpls;poses,
122,122,122/122_07_poses.npz,122_07_poses,,120.0,422,3.5166666666666666,male,"[422, 156]","[422, 3]",[16],"[422, 8]",trans;gender;mocap_framerate;betas;dmpls;poses,
122,122,122/122_08_poses.npz,122_08_poses,,120.0,462,3.85,male,"[462, 156]","[462, 3]",[16],"[462, 8]",trans;gender;mocap_framerate;betas;dmpls;poses,
122,122,122/122_09_poses.npz,122_09_poses,,120.0,451,3.7583333333333333,male,"[451, 156]","[451, 3]",[16],"[451, 8]",trans;gender;mocap_framerate;betas;dmpls;poses,
122,122,122/122_10_poses.npz,122_10_poses,,120.0,479,3.9916666666666667,male,"[479, 156]","[479, 3]",[16],"[479, 8]",trans;gender;mocap_framerate;betas;dmpls;poses,
122,122,122/122_11_poses.npz,122_11_poses,,120.0,99,0.825,male,"[99, 156]","[99, 3]",[16],"[99, 8]",trans;gender;mocap_framerate;betas;dmpls;poses,
122,122,122/122_12_poses.npz,122_12_poses,,120.0,508,4.233333333333333,male,"[508, 156]","[508, 3]",[16],"[508, 8]",trans;gender;mocap_framerate;betas;dmpls;poses,
122,122,122/122_13_poses.npz,122_13_poses,,120.0,507,4.225,male,"[507, 156]","[507, 3]",[16],"[507, 8]",trans;gender;mocap_framerate;betas;dmpls;poses,
122,122,122/122_14_poses.npz,122_14_poses,,120.0,429,3.575,male,"[429, 156]","[429, 3]",[16],"[429, 8]",trans;gender;mocap_framerate;betas;dmpls;poses,
122,122,122/122_15_poses.npz,122_15_poses,,120.0,522,4.35,male,"[522, 156]","[522, 3]",[16],"[522, 8]",trans;gender;mocap_framerate;betas;dmpls;poses,
122,122,122/122_16_poses.npz,122_16_poses,,120.0,510,4.25,male,"[510, 156]","[510, 3]",[16],"[510, 8]",trans;gender;mocap_framerate;betas;dmpls;poses,
122,122,122/122_17_poses.npz,122_17_poses,,120.0,524,4.366666666666666,male,"[524, 156]","[524, 3]",[16],"[524, 8]",trans;gender;mocap_framerate;betas;dmpls;poses,
122,122,122/122_18_poses.npz,122_18_poses,,120.0,466,3.8833333333333333,male,"[466, 156]","[466, 3]",[16],"[466, 8]",trans;gender;mocap_framerate;betas;dmpls;poses,
122,122,122/122_19_poses.npz,122_19_poses,,120.0,509,4.241666666666666,male,"[509, 156]","[509, 3]",[16],"[509, 8]",trans;gender;mocap_framerate;betas;dmpls;poses,
122,122,122/122_20_poses.npz,122_20_poses,,120.0,524,4.366666666666666,male,"[524, 156]","[524, 3]",[16],"[524, 8]",trans;gender;mocap_framerate;betas;dmpls;poses,
122,122,122/122_21_poses.npz,122_21_poses,,120.0,519,4.325,male,"[519, 156]","[519, 3]",[16],"[519, 8]",trans;gender;mocap_framerate;betas;dmpls;poses,
122,122,122/122_22_poses.npz,122_22_poses,,120.0,5371,44.75833333333333,male,"[5371, 156]","[5371, 3]",[16],"[5371, 8]",trans;gender;mocap_framerate;betas;dmpls;poses,
122,122,122/122_23_poses.npz,122_23_poses,,120.0,542,4.516666666666667,male,"[542, 156]","[542, 3]",[16],"[542, 8]",trans;gender;mocap_framerate;betas;dmpls;poses,
122,122,122/122_24_poses.npz,122_24_poses,,120.0,532,4.433333333333334,male,"[532, 156]","[532, 3]",[16],"[532, 8]",trans;gender;mocap_framerate;betas;dmpls;poses,
122,122,122/122_25_poses.npz,122_25_poses,,120.0,541,4.508333333333334,male,"[541, 156]","[541, 3]",[16],"[541, 8]",trans;gender;mocap_framerate;betas;dmpls;poses,
122,122,122/122_26_poses.npz,122_26_poses,,120.0,522,4.35,male,"[522, 156]","[522, 3]",[16],"[522, 8]",trans;gender;mocap_framerate;betas;dmpls;poses,
122,122,122/122_27_poses.npz,122_27_poses,,120.0,983,8.191666666666666,male,"[983, 156]","[983, 3]",[16],"[983, 8]",trans;gender;mocap_framerate;betas;dmpls;poses,
122,122,122/122_28_poses.npz,122_28_poses,,120.0,931,7.758333333333334,male,"[931, 156]","[931, 3]",[16],"[931, 8]",trans;gender;mocap_framerate;betas;dmpls;poses,
122,122,122/122_29_poses.npz,122_29_poses,,120.0,947,7.891666666666667,male,"[947, 156]","[947, 3]",[16],"[947, 8]",trans;gender;mocap_framerate;betas;dmpls;poses,
122,122,122/122_30_poses.npz,122_30_poses,,120.0,1009,8.408333333333333,male,"[1009, 156]","[1009, 3]",[16],"[1009, 8]",trans;gender;mocap_framerate;betas;dmpls;poses,
122,122,122/122_31_poses.npz,122_31_poses,,120.0,935,7.791666666666667,male,"[935, 156]","[935, 3]",[16],"[935, 8]",trans;gender;mocap_framerate;betas;dmpls;poses,
122,122,122/122_32_poses.npz,122_32_poses,,120.0,1041,8.675,male,"[1041, 156]","[1041, 3]",[16],"[1041, 8]",trans;gender;mocap_framerate;betas;dmpls;poses,
122,122,122/122_33_poses.npz,122_33_poses,,120.0,1291,10.758333333333333,male,"[1291, 156]","[1291, 3]",[16],"[1291, 8]",trans;gender;mocap_framerate;betas;dmpls;poses,
122,122,122/122_34_poses.npz,122_34_poses,,120.0,967,8.058333333333334,male,"[967, 156]","[967, 3]",[16],"[967, 8]",trans;gender;mocap_framerate;betas;dmpls;poses,
122,122,122/122_35_poses.npz,122_35_poses,,120.0,1048,8.733333333333333,male,"[1048, 156]","[1048, 3]",[16],"[1048, 8]",trans;gender;mocap_framerate;betas;dmpls;poses,
122,122,122/122_36_poses.npz,122_36_poses,,120.0,1062,8.85,male,"[1062, 156]","[1062, 3]",[16],"[1062, 8]",trans;gender;mocap_framerate;betas;dmpls;poses,
122,122,122/122_37_poses.npz,122_37_poses,,120.0,958,7.983333333333333,male,"[958, 156]","[958, 3]",[16],"[958, 8]",trans;gender;mocap_framerate;betas;dmpls;poses,
122,122,122/122_38_poses.npz,122_38_poses,,120.0,1006,8.383333333333333,male,"[1006, 156]","[1006, 3]",[16],"[1006, 8]",trans;gender;mocap_framerate;betas;dmpls;poses,
122,122,122/122_39_poses.npz,122_39_poses,,120.0,971,8.091666666666667,male,"[971, 156]","[971, 3]",[16],"[971, 8]",trans;gender;mocap_framerate;betas;dmpls;poses,
122,122,122/122_40_poses.npz,122_40_poses,,120.0,530,4.416666666666667,male,"[530, 156]","[530, 3]",[16],"[530, 8]",trans;gender;mocap_framerate;betas;dmpls;poses,
122,122,122/122_41_poses.npz,122_41_poses,,120.0,470,3.9166666666666665,male,"[470, 156]","[470, 3]",[16],"[470, 8]",trans;gender;mocap_framerate;betas;dmpls;poses,
122,122,122/122_42_poses.npz,122_42_poses,,120.0,540,4.5,male,"[540, 156]","[540, 3]",[16],"[540, 8]",trans;gender;mocap_framerate;betas;dmpls;poses,
122,122,122/122_43_poses.npz,122_43_poses,,120.0,597,4.975,male,"[597, 156]","[597, 3]",[16],"[597, 8]",trans;gender;mocap_framerate;betas;dmpls;poses,
122,122,122/122_44_poses.npz,122_44_poses,,120.0,661,5.508333333333334,male,"[661, 156]","[661, 3]",[16],"[661, 8]",trans;gender;mocap_framerate;betas;dmpls;poses,
122,122,122/122_45_poses.npz,122_45_poses,,120.0,495,4.125,male,"[495, 156]","[495, 3]",[16],"[495, 8]",trans;gender;mocap_framerate;betas;dmpls;poses,
122,122,122/122_46_poses.npz,122_46_poses,,120.0,501,4.175,male,"[501, 156]","[501, 3]",[16],"[501, 8]",trans;gender;mocap_framerate;betas;dmpls;poses,
122,122,122/122_47_poses.npz,122_47_poses,,120.0,622,5.183333333333334,male,"[622, 156]","[622, 3]",[16],"[622, 8]",trans;gender;mocap_framerate;betas;dmpls;poses,
122,122,122/122_48_poses.npz,122_48_poses,,120.0,445,3.7083333333333335,male,"[445, 156]","[445, 3]",[16],"[445, 8]",trans;gender;mocap_framerate;betas;dmpls;poses,
122,122,122/122_49_poses.npz,122_49_poses,,120.0,456,3.8,male,"[456, 156]","[456, 3]",[16],"[456, 8]",trans;gender;mocap_framerate;betas;dmpls;poses,
122,122,122/122_50_poses.npz,122_50_poses,,120.0,528,4.4,male,"[528, 156]","[528, 3]",[16],"[528, 8]",trans;gender;mocap_framerate;betas;dmpls;poses,
122,122,122/122_51_poses.npz,122_51_poses,,120.0,591,4.925,male,"[591, 156]","[591, 3]",[16],"[591, 8]",trans;gender;mocap_framerate;betas;dmpls;poses,
122,122,122/122_52_poses.npz,122_52_poses,,120.0,508,4.233333333333333,male,"[508, 156]","[508, 3]",[16],"[508, 8]",trans;gender;mocap_framerate;betas;dmpls;poses,
122,122,122/122_53_poses.npz,122_53_poses,,120.0,539,4.491666666666666,male,"[539, 156]","[539, 3]",[16],"[539, 8]",trans;gender;mocap_framerate;betas;dmpls;poses,
122,122,122/122_54_poses.npz,122_54_poses,,120.0,420,3.5,male,"[420, 156]","[420, 3]",[16],"[420, 8]",trans;gender;mocap_framerate;betas;dmpls;poses,
122,122,122/122_55_poses.npz,122_55_poses,,120.0,736,6.133333333333334,male,"[736, 156]","[736, 3]",[16],"[736, 8]",trans;gender;mocap_framerate;betas;dmpls;poses,
122,122,122/122_56_poses.npz,122_56_poses,,120.0,501,4.175,male,"[501, 156]","[501, 3]",[16],"[501, 8]",trans;gender;mocap_framerate;betas;dmpls;poses,
122,122,122/122_57_poses.npz,122_57_poses,,120.0,409,3.408333333333333,male,"[409, 156]","[409, 3]",[16],"[409, 8]",trans;gender;mocap_framerate;betas;dmpls;poses,
122,122,122/122_58_poses.npz,122_58_poses,,120.0,364,3.033333333333333,male,"[364, 156]","[364, 3]",[16],"[364, 8]",trans;gender;mocap_framerate;betas;dmpls;poses,
122,122,122/122_59_poses.npz,122_59_poses,,120.0,602,5.016666666666667,male,"[602, 156]","[602, 3]",[16],"[602, 8]",trans;gender;mocap_framerate;betas;dmpls;poses,
122,122,122/122_60_poses.npz,122_60_poses,,120.0,406,3.3833333333333333,male,"[406, 156]","[406, 3]",[16],"[406, 8]",trans;gender;mocap_framerate;betas;dmpls;poses,
122,122,122/122_61_poses.npz,122_61_poses,,120.0,503,4.191666666666666,male,"[503, 156]","[503, 3]",[16],"[503, 8]",trans;gender;mocap_framerate;betas;dmpls;poses,
122,122,122/122_62_poses.npz,122_62_poses,,120.0,474,3.95,male,"[474, 156]","[474, 3]",[16],"[474, 8]",trans;gender;mocap_framerate;betas;dmpls;poses,
122,122,122/122_63_poses.npz,122_63_poses,,120.0,685,5.708333333333333,male,"[685, 156]","[685, 3]",[16],"[685, 8]",trans;gender;mocap_framerate;betas;dmpls;poses,
122,122,122/122_64_poses.npz,122_64_poses,,120.0,578,4.816666666666666,male,"[578, 156]","[578, 3]",[16],"[578, 8]",trans;gender;mocap_framerate;betas;dmpls;poses,
122,122,122/122_65_poses.npz,122_65_poses,,120.0,401,3.341666666666667,male,"[401, 156]","[401, 3]",[16],"[401, 8]",trans;gender;mocap_framerate;betas;dmpls;poses,
122,122,122/122_66_poses.npz,122_66_poses,,120.0,672,5.6,male,"[672, 156]","[672, 3]",[16],"[672, 8]",trans;gender;mocap_framerate;betas;dmpls;poses,
122,122,122/122_67_poses.npz,122_67_poses,,120.0,675,5.625,male,"[675, 156]","[675, 3]",[16],"[675, 8]",trans;gender;mocap_framerate;betas;dmpls;poses,
122,122,122/122_68_poses.npz,122_68_poses,,120.0,660,5.5,male,"[660, 156]","[660, 3]",[16],"[660, 8]",trans;gender;mocap_framerate;betas;dmpls;poses,
123,123,123/123_01_poses.npz,123_01_poses,,120.0,715,5.958333333333333,male,"[715, 156]","[715, 3]",[16],"[715, 8]",trans;gender;mocap_framerate;betas;dmpls;poses,
123,123,123/123_02_poses.npz,123_02_poses,,120.0,759,6.325,male,"[759, 156]","[759, 3]",[16],"[759, 8]",trans;gender;mocap_framerate;betas;dmpls;poses,
123,123,123/123_03_poses.npz,123_03_poses,,120.0,1853,15.441666666666666,male,"[1853, 156]","[1853, 3]",[16],"[1853, 8]",trans;gender;mocap_framerate;betas;dmpls;poses,
123,123,123/123_04_poses.npz,123_04_poses,,120.0,1669,13.908333333333333,male,"[1669, 156]","[1669, 3]",[16],"[1669, 8]",trans;gender;mocap_framerate;betas;dmpls;poses,
123,123,123/123_05_poses.npz,123_05_poses,,120.0,904,7.533333333333333,male,"[904, 156]","[904, 3]",[16],"[904, 8]",trans;gender;mocap_framerate;betas;dmpls;poses,
123,123,123/123_06_poses.npz,123_06_poses,,120.0,835,6.958333333333333,male,"[835, 156]","[835, 3]",[16],"[835, 8]",trans;gender;mocap_framerate;betas;dmpls;poses,
123,123,123/123_07_poses.npz,123_07_poses,,120.0,1560,13.0,male,"[1560, 156]","[1560, 3]",[16],"[1560, 8]",trans;gender;mocap_framerate;betas;dmpls;poses,
123,123,123/123_08_poses.npz,123_08_poses,,120.0,854,7.116666666666666,male,"[854, 156]","[854, 3]",[16],"[854, 8]",trans;gender;mocap_framerate;betas;dmpls;poses,
123,123,123/123_09_poses.npz,123_09_poses,,120.0,840,7.0,male,"[840, 156]","[840, 3]",[16],"[840, 8]",trans;gender;mocap_framerate;betas;dmpls;poses,
123,123,123/123_10_poses.npz,123_10_poses,,120.0,799,6.658333333333333,male,"[799, 156]","[799, 3]",[16],"[799, 8]",trans;gender;mocap_framerate;betas;dmpls;poses,
123,123,123/123_11_poses.npz,123_11_poses,,120.0,627,5.225,male,"[627, 156]","[627, 3]",[16],"[627, 8]",trans;gender;mocap_framerate;betas;dmpls;poses,
123,123,123/123_12_poses.npz,123_12_poses,,120.0,796,6.633333333333334,male,"[796, 156]","[796, 3]",[16],"[796, 8]",trans;gender;mocap_framerate;betas;dmpls;poses,
123,123,123/123_13_poses.npz,123_13_poses,,120.0,673,5.608333333333333,male,"[673, 156]","[673, 3]",[16],"[673, 8]",trans;gender;mocap_framerate;betas;dmpls;poses,
124,124,124/124_01_poses.npz,124_01_poses,,120.0,643,5.358333333333333,male,"[643, 156]","[643, 3]",[16],"[643, 8]",trans;gender;mocap_framerate;betas;dmpls;poses,
124,124,124/124_03_poses.npz,124_03_poses,,120.0,961,8.008333333333333,male,"[961, 156]","[961, 3]",[16],"[961, 8]",trans;gender;mocap_framerate;betas;dmpls;poses,
124,124,124/124_04_poses.npz,124_04_poses,,120.0,726,6.05,male,"[726, 156]","[726, 3]",[16],"[726, 8]",trans;gender;mocap_framerate;betas;dmpls;poses,
124,124,124/124_06_poses.npz,124_06_poses,,120.0,694,5.783333333333333,male,"[694, 156]","[694, 3]",[16],"[694, 8]",trans;gender;mocap_framerate;betas;dmpls;poses,
124,124,124/124_07_poses.npz,124_07_poses,,120.0,1297,10.808333333333334,male,"[1297, 156]","[1297, 3]",[16],"[1297, 8]",trans;gender;mocap_framerate;betas;dmpls;poses,
124,124,124/124_08_poses.npz,124_08_poses,,120.0,786,6.55,male,"[786, 156]","[786, 3]",[16],"[786, 8]",trans;gender;mocap_framerate;betas;dmpls;poses,
124,124,124/124_10_poses.npz,124_10_poses,,120.0,249,2.075,male,"[249, 156]","[249, 3]",[16],"[249, 8]",trans;gender;mocap_framerate;betas;dmpls;poses,
124,124,124/124_11_poses.npz,124_11_poses,,120.0,998,8.316666666666666,male,"[998, 156]","[998, 3]",[16],"[998, 8]",trans;gender;mocap_framerate;betas;dmpls;poses,
124,124,124/124_12_poses.npz,124_12_poses,,120.0,1485,12.375,male,"[1485, 156]","[1485, 3]",[16],"[1485, 8]",trans;gender;mocap_framerate;betas;dmpls;poses,
124,124,124/124_13_poses.npz,124_13_poses,,120.0,868,7.233333333333333,male,"[868, 156]","[868, 3]",[16],"[868, 8]",trans;gender;mocap_framerate;betas;dmpls;poses,
125,125,125/125_01_poses.npz,125_01_poses,,120.0,4257,35.475,male,"[4257, 156]","[4257, 3]",[16],"[4257, 8]",trans;gender;mocap_framerate;betas;dmpls;poses,
125,125,125/125_02_poses.npz,125_02_poses,,120.0,4276,35.63333333333333,male,"[4276, 156]","[4276, 3]",[16],"[4276, 8]",trans;gender;mocap_framerate;betas;dmpls;poses,
125,125,125/125_03_poses.npz,125_03_poses,,120.0,4408,36.733333333333334,male,"[4408, 156]","[4408, 3]",[16],"[4408, 8]",trans;gender;mocap_framerate;betas;dmpls;poses,
125,125,125/125_05_poses.npz,125_05_poses,,120.0,2679,22.325,male,"[2679, 156]","[2679, 3]",[16],"[2679, 8]",trans;gender;mocap_framerate;betas;dmpls;poses,
125,125,125/125_06_poses.npz,125_06_poses,,120.0,4884,40.7,male,"[4884, 156]","[4884, 3]",[16],"[4884, 8]",trans;gender;mocap_framerate;betas;dmpls;poses,
126,126,126/126_01_poses.npz,126_01_poses,,120.0,2593,21.608333333333334,male,"[2593, 156]","[2593, 3]",[16],"[2593, 8]",trans;gender;mocap_framerate;betas;dmpls;poses,
126,126,126/126_02_poses.npz,126_02_poses,,120.0,1758,14.65,male,"[1758, 156]","[1758, 3]",[16],"[1758, 8]",trans;gender;mocap_framerate;betas;dmpls;poses,
126,126,126/126_03_poses.npz,126_03_poses,,120.0,2583,21.525,male,"[2583, 156]","[2583, 3]",[16],"[2583, 8]",trans;gender;mocap_framerate;betas;dmpls;poses,
126,126,126/126_04_poses.npz,126_04_poses,,120.0,1657,13.808333333333334,male,"[1657, 156]","[1657, 3]",[16],"[1657, 8]",trans;gender;mocap_framerate;betas;dmpls;poses,
126,126,126/126_05_poses.npz,126_05_poses,,120.0,1559,12.991666666666667,male,"[1559, 156]","[1559, 3]",[16],"[1559, 8]",trans;gender;mocap_framerate;betas;dmpls;poses,
126,126,126/126_06_poses.npz,126_06_poses,,120.0,2507,20.891666666666666,male,"[2507, 156]","[2507, 3]",[16],"[2507, 8]",trans;gender;mocap_framerate;betas;dmpls;poses,
126,126,126/126_07_poses.npz,126_07_poses,,120.0,2516,20.966666666666665,male,"[2516, 156]","[2516, 3]",[16],"[2516, 8]",trans;gender;mocap_framerate;betas;dmpls;poses,
126,126,126/126_08_poses.npz,126_08_poses,,120.0,1536,12.8,male,"[1536, 156]","[1536, 3]",[16],"[1536, 8]",trans;gender;mocap_framerate;betas;dmpls;poses,
126,126,126/126_09_poses.npz,126_09_poses,,120.0,1780,14.833333333333334,male,"[1780, 156]","[1780, 3]",[16],"[1780, 8]",trans;gender;mocap_framerate;betas;dmpls;poses,
126,126,126/126_10_poses.npz,126_10_poses,,120.0,1253,10.441666666666666,male,"[1253, 156]","[1253, 3]",[16],"[1253, 8]",trans;gender;mocap_framerate;betas;dmpls;poses,
126,126,126/126_11_poses.npz,126_11_poses,,120.0,1829,15.241666666666667,male,"[1829, 156]","[1829, 3]",[16],"[1829, 8]",trans;gender;mocap_framerate;betas;dmpls;poses,
126,126,126/126_12_poses.npz,126_12_poses,,120.0,2417,20.141666666666666,male,"[2417, 156]","[2417, 3]",[16],"[2417, 8]",trans;gender;mocap_framerate;betas;dmpls;poses,
126,126,126/126_13_poses.npz,126_13_poses,,120.0,115,0.9583333333333334,male,"[115, 156]","[115, 3]",[16],"[115, 8]",trans;gender;mocap_framerate;betas;dmpls;poses,
126,126,126/126_14_poses.npz,126_14_poses,,120.0,6757,56.30833333333333,male,"[6757, 156]","[6757, 3]",[16],"[6757, 8]",trans;gender;mocap_framerate;betas;dmpls;poses,
127,127,127/127_01_poses.npz,127_01_poses,,120.0,253,2.1083333333333334,male,"[253, 156]","[253, 3]",[16],"[253, 8]",trans;gender;mocap_framerate;betas;dmpls;poses,
127,127,127/127_02_poses.npz,127_02_poses,,120.0,1760,14.666666666666666,male,"[1760, 156]","[1760, 3]",[16],"[1760, 8]",trans;gender;mocap_framerate;betas;dmpls;poses,
127,127,127/127_03_poses.npz,127_03_poses,,120.0,332,2.7666666666666666,male,"[332, 156]","[332, 3]",[16],"[332, 8]",trans;gender;mocap_framerate;betas;dmpls;poses,
127,127,127/127_04_poses.npz,127_04_poses,,120.0,446,3.716666666666667,male,"[446, 156]","[446, 3]",[16],"[446, 8]",trans;gender;mocap_framerate;betas;dmpls;poses,
127,127,127/127_05_poses.npz,127_05_poses,,120.0,387,3.225,male,"[387, 156]","[387, 3]",[16],"[387, 8]",trans;gender;mocap_framerate;betas;dmpls;poses,
127,127,127/127_06_poses.npz,127_06_poses,,120.0,173,1.4416666666666667,male,"[173, 156]","[173, 3]",[16],"[173, 8]",trans;gender;mocap_framerate;betas;dmpls;poses,
127,127,127/127_07_poses.npz,127_07_poses,,120.0,145,1.2083333333333333,male,"[145, 156]","[145, 3]",[16],"[145, 8]",trans;gender;mocap_framerate;betas;dmpls;poses,
127,127,127/127_08_poses.npz,127_08_poses,,120.0,139,1.1583333333333334,male,"[139, 156]","[139, 3]",[16],"[139, 8]",trans;gender;mocap_framerate;betas;dmpls;poses,
127,127,127/127_09_poses.npz,127_09_poses,,120.0,198,1.65,male,"[198, 156]","[198, 3]",[16],"[198, 8]",trans;gender;mocap_framerate;betas;dmpls;poses,
127,127,127/127_10_poses.npz,127_10_poses,,120.0,168,1.4,male,"[168, 156]","[168, 3]",[16],"[168, 8]",trans;gender;mocap_framerate;betas;dmpls;poses,
127,127,127/127_11_poses.npz,127_11_poses,,120.0,200,1.6666666666666667,male,"[200, 156]","[200, 3]",[16],"[200, 8]",trans;gender;mocap_framerate;betas;dmpls;poses,
127,127,127/127_12_poses.npz,127_12_poses,,120.0,177,1.475,male,"[177, 156]","[177, 3]",[16],"[177, 8]",trans;gender;mocap_framerate;betas;dmpls;poses,
127,127,127/127_13_poses.npz,127_13_poses,,120.0,185,1.5416666666666667,male,"[185, 156]","[185, 3]",[16],"[185, 8]",trans;gender;mocap_framerate;betas;dmpls;poses,
127,127,127/127_14_poses.npz,127_14_poses,,120.0,151,1.2583333333333333,male,"[151, 156]","[151, 3]",[16],"[151, 8]",trans;gender;mocap_framerate;betas;dmpls;poses,
127,127,127/127_15_poses.npz,127_15_poses,,120.0,163,1.3583333333333334,male,"[163, 156]","[163, 3]",[16],"[163, 8]",trans;gender;mocap_framerate;betas;dmpls;poses,
127,127,127/127_16_poses.npz,127_16_poses,,120.0,258,2.15,male,"[258, 156]","[258, 3]",[16],"[258, 8]",trans;gender;mocap_framerate;betas;dmpls;poses,
127,127,127/127_17_poses.npz,127_17_poses,,120.0,381,3.175,male,"[381, 156]","[381, 3]",[16],"[381, 8]",trans;gender;mocap_framerate;betas;dmpls;poses,
127,127,127/127_18_poses.npz,127_18_poses,,120.0,393,3.275,male,"[393, 156]","[393, 3]",[16],"[393, 8]",trans;gender;mocap_framerate;betas;dmpls;poses,
127,127,127/127_19_poses.npz,127_19_poses,,120.0,440,3.6666666666666665,male,"[440, 156]","[440, 3]",[16],"[440, 8]",trans;gender;mocap_framerate;betas;dmpls;poses,
127,127,127/127_20_poses.npz,127_20_poses,,120.0,360,3.0,male,"[360, 156]","[360, 3]",[16],"[360, 8]",trans;gender;mocap_framerate;betas;dmpls;poses,
127,127,127/127_21_poses.npz,127_21_poses,,120.0,355,2.9583333333333335,male,"[355, 156]","[355, 3]",[16],"[355, 8]",trans;gender;mocap_framerate;betas;dmpls;poses,
127,127,127/127_22_poses.npz,127_22_poses,,120.0,359,2.9916666666666667,male,"[359, 156]","[359, 3]",[16],"[359, 8]",trans;gender;mocap_framerate;betas;dmpls;poses,
127,127,127/127_23_poses.npz,127_23_poses,,120.0,349,2.908333333333333,male,"[349, 156]","[349, 3]",[16],"[349, 8]",trans;gender;mocap_framerate;betas;dmpls;poses,
127,127,127/127_24_poses.npz,127_24_poses,,120.0,339,2.825,male,"[339, 156]","[339, 3]",[16],"[339, 8]",trans;gender;mocap_framerate;betas;dmpls;poses,
127,127,127/127_25_poses.npz,127_25_poses,,120.0,230,1.9166666666666667,male,"[230, 156]","[230, 3]",[16],"[230, 8]",trans;gender;mocap_framerate;betas;dmpls;poses,
127,127,127/127_26_poses.npz,127_26_poses,,120.0,246,2.05,male,"[246, 156]","[246, 3]",[16],"[246, 8]",trans;gender;mocap_framerate;betas;dmpls;poses,
127,127,127/127_28_poses.npz,127_28_poses,,120.0,217,1.8083333333333333,male,"[217, 156]","[217, 3]",[16],"[217, 8]",trans;gender;mocap_framerate;betas;dmpls;poses,
127,127,127/127_29_poses.npz,127_29_poses,,120.0,209,1.7416666666666667,male,"[209, 156]","[209, 3]",[16],"[209, 8]",trans;gender;mocap_framerate;betas;dmpls;poses,
127,127,127/127_30_poses.npz,127_30_poses,,120.0,240,2.0,male,"[240, 156]","[240, 3]",[16],"[240, 8]",trans;gender;mocap_framerate;betas;dmpls;poses,
127,127,127/127_31_poses.npz,127_31_poses,,120.0,513,4.275,male,"[513, 156]","[513, 3]",[16],"[513, 8]",trans;gender;mocap_framerate;betas;dmpls;poses,
127,127,127/127_33_poses.npz,127_33_poses,,120.0,205,1.7083333333333333,male,"[205, 156]","[205, 3]",[16],"[205, 8]",trans;gender;mocap_framerate;betas;dmpls;poses,
127,127,127/127_34_poses.npz,127_34_poses,,120.0,203,1.6916666666666667,male,"[203, 156]","[203, 3]",[16],"[203, 8]",trans;gender;mocap_framerate;betas;dmpls;poses,
127,127,127/127_35_poses.npz,127_35_poses,,120.0,240,2.0,male,"[240, 156]","[240, 3]",[16],"[240, 8]",trans;gender;mocap_framerate;betas;dmpls;poses,
127,127,127/127_36_poses.npz,127_36_poses,,120.0,215,1.7916666666666667,male,"[215, 156]","[215, 3]",[16],"[215, 8]",trans;gender;mocap_framerate;betas;dmpls;poses,
127,127,127/127_37_poses.npz,127_37_poses,,120.0,342,2.85,male,"[342, 156]","[342, 3]",[16],"[342, 8]",trans;gender;mocap_framerate;betas;dmpls;poses,
127,127,127/127_38_poses.npz,127_38_poses,,120.0,191,1.5916666666666666,male,"[191, 156]","[191, 3]",[16],"[191, 8]",trans;gender;mocap_framerate;betas;dmpls;poses,
128,128,128/128_01_poses.npz,128_01_poses,,120.0,325,2.7083333333333335,male,"[325, 156]","[325, 3]",[16],"[325, 8]",trans;gender;mocap_framerate;betas;dmpls;poses,
128,128,128/128_02_poses.npz,128_02_poses,,120.0,167,1.3916666666666666,male,"[167, 156]","[167, 3]",[16],"[167, 8]",trans;gender;mocap_framerate;betas;dmpls;poses,
128,128,128/128_03_poses.npz,128_03_poses,,120.0,164,1.3666666666666667,male,"[164, 156]","[164, 3]",[16],"[164, 8]",trans;gender;mocap_framerate;betas;dmpls;poses,
128,128,128/128_04_poses.npz,128_04_poses,,120.0,136,1.1333333333333333,male,"[136, 156]","[136, 3]",[16],"[136, 8]",trans;gender;mocap_framerate;betas;dmpls;poses,
128,128,128/128_05_poses.npz,128_05_poses,,120.0,209,1.7416666666666667,male,"[209, 156]","[209, 3]",[16],"[209, 8]",trans;gender;mocap_framerate;betas;dmpls;poses,
128,128,128/128_06_poses.npz,128_06_poses,,120.0,197,1.6416666666666666,male,"[197, 156]","[197, 3]",[16],"[197, 8]",trans;gender;mocap_framerate;betas;dmpls;poses,
128,128,128/128_07_poses.npz,128_07_poses,,120.0,346,2.8833333333333333,male,"[346, 156]","[346, 3]",[16],"[346, 8]",trans;gender;mocap_framerate;betas;dmpls;poses,
128,128,128/128_08_poses.npz,128_08_poses,,120.0,330,2.75,male,"[330, 156]","[330, 3]",[16],"[330, 8]",trans;gender;mocap_framerate;betas;dmpls;poses,
128,128,128/128_09_poses.npz,128_09_poses,,120.0,172,1.4333333333333333,male,"[172, 156]","[172, 3]",[16],"[172, 8]",trans;gender;mocap_framerate;betas;dmpls;poses,
128,128,128/128_10_poses.npz,128_10_poses,,120.0,427,3.558333333333333,male,"[427, 156]","[427, 3]",[16],"[427, 8]",trans;gender;mocap_framerate;betas;dmpls;poses,
128,128,128/128_11_poses.npz,128_11_poses,,120.0,378,3.15,male,"[378, 156]","[378, 3]",[16],"[378, 8]",trans;gender;mocap_framerate;betas;dmpls;poses,
13,13,13/13_01_poses.npz,13_01_poses,,120.0,2313,19.275,male,"[2313, 156]","[2313, 3]",[16],"[2313, 8]",trans;gender;mocap_framerate;betas;dmpls;poses,
13,13,13/13_02_poses.npz,13_02_poses,,120.0,3477,28.975,male,"[3477, 156]","[3477, 3]",[16],"[3477, 8]",trans;gender;mocap_framerate;betas;dmpls;poses,
13,13,13/13_03_poses.npz,13_03_poses,,120.0,3715,30.958333333333332,male,"[3715, 156]","[3715, 3]",[16],"[3715, 8]",trans;gender;mocap_framerate;betas;dmpls;poses,
13,13,13/13_04_poses.npz,13_04_poses,,120.0,4759,39.65833333333333,male,"[4759, 156]","[4759, 3]",[16],"[4759, 8]",trans;gender;mocap_framerate;betas;dmpls;poses,
13,13,13/13_05_poses.npz,13_05_poses,,120.0,4403,36.69166666666667,male,"[4403, 156]","[4403, 3]",[16],"[4403, 8]",trans;gender;mocap_framerate;betas;dmpls;poses,
13,13,13/13_06_poses.npz,13_06_poses,,120.0,4413,36.775,male,"[4413, 156]","[4413, 3]",[16],"[4413, 8]",trans;gender;mocap_framerate;betas;dmpls;poses,
13,13,13/13_07_poses.npz,13_07_poses,,120.0,1452,12.1,male,"[1452, 156]","[1452, 3]",[16],"[1452, 8]",trans;gender;mocap_framerate;betas;dmpls;poses,
13,13,13/13_08_poses.npz,13_08_poses,,120.0,1603,13.358333333333333,male,"[1603, 156]","[1603, 3]",[16],"[1603, 8]",trans;gender;mocap_framerate;betas;dmpls;poses,
13,13,13/13_09_poses.npz,13_09_poses,,120.0,1102,9.183333333333334,male,"[1102, 156]","[1102, 3]",[16],"[1102, 8]",trans;gender;mocap_framerate;betas;dmpls;poses,
13,13,13/13_10_poses.npz,13_10_poses,,120.0,2396,19.966666666666665,male,"[2396, 156]","[2396, 3]",[16],"[2396, 8]",trans;gender;mocap_framerate;betas;dmpls;poses,
13,13,13/13_11_poses.npz,13_11_poses,,120.0,415,3.4583333333333335,male,"[415, 156]","[415, 3]",[16],"[415, 8]",trans;gender;mocap_framerate;betas;dmpls;poses,
13,13,13/13_12_poses.npz,13_12_poses,,120.0,3434,28.616666666666667,male,"[3434, 156]","[3434, 3]",[16],"[3434, 8]",trans;gender;mocap_framerate;betas;dmpls;poses,
13,13,13/13_13_poses.npz,13_13_poses,,120.0,439,3.658333333333333,male,"[439, 156]","[439, 3]",[16],"[439, 8]",trans;gender;mocap_framerate;betas;dmpls;poses,
13,13,13/13_14_poses.npz,13_14_poses,,120.0,2424,20.2,male,"[2424, 156]","[2424, 3]",[16],"[2424, 8]",trans;gender;mocap_framerate;betas;dmpls;poses,
13,13,13/13_15_poses.npz,13_15_poses,,120.0,2382,19.85,male,"[2382, 156]","[2382, 3]",[16],"[2382, 8]",trans;gender;mocap_framerate;betas;dmpls;poses,
13,13,13/13_16_poses.npz,13_16_poses,,120.0,2275,18.958333333333332,male,"[2275, 156]","[2275, 3]",[16],"[2275, 8]",trans;gender;mocap_framerate;betas;dmpls;poses,
13,13,13/13_17_poses.npz,13_17_poses,,120.0,4840,40.333333333333336,male,"[4840, 156]","[4840, 3]",[16],"[4840, 8]",trans;gender;mocap_framerate;betas;dmpls;poses,
13,13,13/13_18_poses.npz,13_18_poses,,120.0,3000,25.0,male,"[3000, 156]","[3000, 3]",[16],"[3000, 8]",trans;gender;mocap_framerate;betas;dmpls;poses,
13,13,13/13_19_poses.npz,13_19_poses,,120.0,426,3.55,male,"[426, 156]","[426, 3]",[16],"[426, 8]",trans;gender;mocap_framerate;betas;dmpls;poses,
13,13,13/13_20_poses.npz,13_20_poses,,120.0,5719,47.65833333333333,male,"[5719, 156]","[5719, 3]",[16],"[5719, 8]",trans;gender;mocap_framerate;betas;dmpls;poses,
13,13,13/13_21_poses.npz,13_21_poses,,120.0,5439,45.325,male,"[5439, 156]","[5439, 3]",[16],"[5439, 8]",trans;gender;mocap_framerate;betas;dmpls;poses,
13,13,13/13_22_poses.npz,13_22_poses,,120.0,4962,41.35,male,"[4962, 156]","[4962, 3]",[16],"[4962, 8]",trans;gender;mocap_framerate;betas;dmpls;poses,
13,13,13/13_23_poses.npz,13_23_poses,,120.0,4017,33.475,male,"[4017, 156]","[4017, 3]",[16],"[4017, 8]",trans;gender;mocap_framerate;betas;dmpls;poses,
13,13,13/13_24_poses.npz,13_24_poses,,120.0,4034,33.61666666666667,male,"[4034, 156]","[4034, 3]",[16],"[4034, 8]",trans;gender;mocap_framerate;betas;dmpls;poses,
13,13,13/13_25_poses.npz,13_25_poses,,120.0,4009,33.40833333333333,male,"[4009, 156]","[4009, 3]",[16],"[4009, 8]",trans;gender;mocap_framerate;betas;dmpls;poses,
13,13,13/13_26_poses.npz,13_26_poses,,120.0,3028,25.233333333333334,male,"[3028, 156]","[3028, 3]",[16],"[3028, 8]",trans;gender;mocap_framerate;betas;dmpls;poses,
13,13,13/13_27_poses.npz,13_27_poses,,120.0,4169,34.74166666666667,male,"[4169, 156]","[4169, 3]",[16],"[4169, 8]",trans;gender;mocap_framerate;betas;dmpls;poses,
13,13,13/13_28_poses.npz,13_28_poses,,120.0,4121,34.34166666666667,male,"[4121, 156]","[4121, 3]",[16],"[4121, 8]",trans;gender;mocap_framerate;betas;dmpls;poses,
13,13,13/13_29_poses.npz,13_29_poses,,120.0,4592,38.266666666666666,male,"[4592, 156]","[4592, 3]",[16],"[4592, 8]",trans;gender;mocap_framerate;betas;dmpls;poses,
13,13,13/13_30_poses.npz,13_30_poses,,120.0,2465,20.541666666666668,male,"[2465, 156]","[2465, 3]",[16],"[2465, 8]",trans;gender;mocap_framerate;betas;dmpls;poses,
13,13,13/13_31_poses.npz,13_31_poses,,120.0,3017,25.141666666666666,male,"[3017, 156]","[3017, 3]",[16],"[3017, 8]",trans;gender;mocap_framerate;betas;dmpls;poses,
13,13,13/13_32_poses.npz,13_32_poses,,120.0,336,2.8,male,"[336, 156]","[336, 3]",[16],"[336, 8]",trans;gender;mocap_framerate;betas;dmpls;poses,
13,13,13/13_33_poses.npz,13_33_poses,,120.0,1499,12.491666666666667,male,"[1499, 156]","[1499, 3]",[16],"[1499, 8]",trans;gender;mocap_framerate;betas;dmpls;poses,
13,13,13/13_34_poses.npz,13_34_poses,,120.0,1417,11.808333333333334,male,"[1417, 156]","[1417, 3]",[16],"[1417, 8]",trans;gender;mocap_framerate;betas;dmpls;poses,
13,13,13/13_35_poses.npz,13_35_poses,,120.0,1201,10.008333333333333,male,"[1201, 156]","[1201, 3]",[16],"[1201, 8]",trans;gender;mocap_framerate;betas;dmpls;poses,
13,13,13/13_36_poses.npz,13_36_poses,,120.0,1379,11.491666666666667,male,"[1379, 156]","[1379, 3]",[16],"[1379, 8]",trans;gender;mocap_framerate;betas;dmpls;poses,
13,13,13/13_37_poses.npz,13_37_poses,,120.0,1478,12.316666666666666,male,"[1478, 156]","[1478, 3]",[16],"[1478, 8]",trans;gender;mocap_framerate;betas;dmpls;poses,
13,13,13/13_38_poses.npz,13_38_poses,,120.0,1244,10.366666666666667,male,"[1244, 156]","[1244, 3]",[16],"[1244, 8]",trans;gender;mocap_framerate;betas;dmpls;poses,
13,13,13/13_39_poses.npz,13_39_poses,,120.0,351,2.925,male,"[351, 156]","[351, 3]",[16],"[351, 8]",trans;gender;mocap_framerate;betas;dmpls;poses,
13,13,13/13_40_poses.npz,13_40_poses,,120.0,319,2.658333333333333,male,"[319, 156]","[319, 3]",[16],"[319, 8]",trans;gender;mocap_framerate;betas;dmpls;poses,
13,13,13/13_41_poses.npz,13_41_poses,,120.0,369,3.075,male,"[369, 156]","[369, 3]",[16],"[369, 8]",trans;gender;mocap_framerate;betas;dmpls;poses,
13,13,13/13_42_poses.npz,13_42_poses,,120.0,400,3.3333333333333335,male,"[400, 156]","[400, 3]",[16],"[400, 8]",trans;gender;mocap_framerate;betas;dmpls;poses,
131,131,131/131_01_poses.npz,131_01_poses,,120.0,994,8.283333333333333,male,"[994, 156]","[994, 3]",[16],"[994, 8]",trans;gender;mocap_framerate;betas;dmpls;poses,
131,131,131/131_02_poses.npz,131_02_poses,,120.0,1247,10.391666666666667,male,"[1247, 156]","[1247, 3]",[16],"[1247, 8]",trans;gender;mocap_framerate;betas;dmpls;poses,
131,131,131/131_03_poses.npz,131_03_poses,,120.0,1102,9.183333333333334,male,"[1102, 156]","[1102, 3]",[16],"[1102, 8]",trans;gender;mocap_framerate;betas;dmpls;poses,
131,131,131/131_04_poses.npz,131_04_poses,,120.0,1086,9.05,male,"[1086, 156]","[1086, 3]",[16],"[1086, 8]",trans;gender;mocap_framerate;betas;dmpls;poses,
131,131,131/131_05_poses.npz,131_05_poses,,120.0,1264,10.533333333333333,male,"[1264, 156]","[1264, 3]",[16],"[1264, 8]",trans;gender;mocap_framerate;betas;dmpls;poses,
131,131,131/131_06_poses.npz,131_06_poses,,120.0,1184,9.866666666666667,male,"[1184, 156]","[1184, 3]",[16],"[1184, 8]",trans;gender;mocap_framerate;betas;dmpls;poses,
131,131,131/131_07_poses.npz,131_07_poses,,120.0,691,5.758333333333334,male,"[691, 156]","[691, 3]",[16],"[691, 8]",trans;gender;mocap_framerate;betas;dmpls;poses,
131,131,131/131_08_poses.npz,131_08_poses,,120.0,784,6.533333333333333,male,"[784, 156]","[784, 3]",[16],"[784, 8]",trans;gender;mocap_framerate;betas;dmpls;poses,
131,131,131/131_09_poses.npz,131_09_poses,,120.0,2293,19.108333333333334,male,"[2293, 156]","[2293, 3]",[16],"[2293, 8]",trans;gender;mocap_framerate;betas;dmpls;poses,
131,131,131/131_10_poses.npz,131_10_poses,,120.0,1777,14.808333333333334,male,"[1777, 156]","[1777, 3]",[16],"[1777, 8]",trans;gender;mocap_framerate;betas;dmpls;poses,
131,131,131/131_11_poses.npz,131_11_poses,,120.0,1168,9.733333333333333,male,"[1168, 156]","[1168, 3]",[16],"[1168, 8]",trans;gender;mocap_framerate;betas;dmpls;poses,
131,131,131/131_12_poses.npz,131_12_poses,,120.0,767,6.391666666666667,male,"[767, 156]","[767, 3]",[16],"[767, 8]",trans;gender;mocap_framerate;betas;dmpls;poses,
131,131,131/131_13_poses.npz,131_13_poses,,120.0,1316,10.966666666666667,male,"[1316, 156]","[1316, 3]",[16],"[1316, 8]",trans;gender;mocap_framerate;betas;dmpls;poses,
131,131,131/131_14_poses.npz,131_14_poses,,120.0,1932,16.1,male,"[1932, 156]","[1932, 3]",[16],"[1932, 8]",trans;gender;mocap_framerate;betas;dmpls;poses,
132,132,132/132_01_poses.npz,132_01_poses,,120.0,1413,11.775,male,"[1413, 156]","[1413, 3]",[16],"[1413, 8]",trans;gender;mocap_framerate;betas;dmpls;poses,
132,132,132/132_02_poses.npz,132_02_poses,,120.0,1141,9.508333333333333,male,"[1141, 156]","[1141, 3]",[16],"[1141, 8]",trans;gender;mocap_framerate;betas;dmpls;poses,
132,132,132/132_03_poses.npz,132_03_poses,,120.0,1477,12.308333333333334,male,"[1477, 156]","[1477, 3]",[16],"[1477, 8]",trans;gender;mocap_framerate;betas;dmpls;poses,
132,132,132/132_04_poses.npz,132_04_poses,,120.0,1350,11.25,male,"[1350, 156]","[1350, 3]",[16],"[1350, 8]",trans;gender;mocap_framerate;betas;dmpls;poses,
132,132,132/132_05_poses.npz,132_05_poses,,120.0,1316,10.966666666666667,male,"[1316, 156]","[1316, 3]",[16],"[1316, 8]",trans;gender;mocap_framerate;betas;dmpls;poses,
132,132,132/132_06_poses.npz,132_06_poses,,120.0,1328,11.066666666666666,male,"[1328, 156]","[1328, 3]",[16],"[1328, 8]",trans;gender;mocap_framerate;betas;dmpls;poses,
132,132,132/132_07_poses.npz,132_07_poses,,120.0,903,7.525,male,"[903, 156]","[903, 3]",[16],"[903, 8]",trans;gender;mocap_framerate;betas;dmpls;poses,
132,132,132/132_08_poses.npz,132_08_poses,,120.0,1453,12.108333333333333,male,"[1453, 156]","[1453, 3]",[16],"[1453, 8]",trans;gender;mocap_framerate;betas;dmpls;poses,
132,132,132/132_09_poses.npz,132_09_poses,,120.0,1182,9.85,male,"[1182, 156]","[1182, 3]",[16],"[1182, 8]",trans;gender;mocap_framerate;betas;dmpls;poses,
132,132,132/132_10_poses.npz,132_10_poses,,120.0,1624,13.533333333333333,male,"[1624, 156]","[1624, 3]",[16],"[1624, 8]",trans;gender;mocap_framerate;betas;dmpls;poses,
132,132,132/132_11_poses.npz,132_11_poses,,120.0,1610,13.416666666666666,male,"[1610, 156]","[1610, 3]",[16],"[1610, 8]",trans;gender;mocap_framerate;betas;dmpls;poses,
132,132,132/132_12_poses.npz,132_12_poses,,120.0,1581,13.175,male,"[1581, 156]","[1581, 3]",[16],"[1581, 8]",trans;gender;mocap_framerate;betas;dmpls;poses,
132,132,132/132_15_poses.npz,132_15_poses,,120.0,6545,54.541666666666664,male,"[6545, 156]","[6545, 3]",[16],"[6545, 8]",trans;gender;mocap_framerate;betas;dmpls;poses,
132,132,132/132_17_poses.npz,132_17_poses,,120.0,268,2.2333333333333334,male,"[268, 156]","[268, 3]",[16],"[268, 8]",trans;gender;mocap_framerate;betas;dmpls;poses,
132,132,132/132_18_poses.npz,132_18_poses,,120.0,425,3.5416666666666665,male,"[425, 156]","[425, 3]",[16],"[425, 8]",trans;gender;mocap_framerate;betas;dmpls;poses,
132,132,132/132_19_poses.npz,132_19_poses,,120.0,271,2.2583333333333333,male,"[271, 156]","[271, 3]",[16],"[271, 8]",trans;gender;mocap_framerate;betas;dmpls;poses,
132,132,132/132_20_poses.npz,132_20_poses,,120.0,342,2.85,male,"[342, 156]","[342, 3]",[16],"[342, 8]",trans;gender;mocap_framerate;betas;dmpls;poses,
132,132,132/132_21_poses.npz,132_21_poses,,120.0,354,2.95,male,"[354, 156]","[354, 3]",[16],"[354, 8]",trans;gender;mocap_framerate;betas;dmpls;poses,
132,132,132/132_22_poses.npz,132_22_poses,,120.0,371,3.091666666666667,male,"[371, 156]","[371, 3]",[16],"[371, 8]",trans;gender;mocap_framerate;betas;dmpls;poses,
132,132,132/132_24_poses.npz,132_24_poses,,120.0,739,6.158333333333333,male,"[739, 156]","[739, 3]",[16],"[739, 8]",trans;gender;mocap_framerate;betas;dmpls;poses,
132,132,132/132_25_poses.npz,132_25_poses,,120.0,556,4.633333333333334,male,"[556, 156]","[556, 3]",[16],"[556, 8]",trans;gender;mocap_framerate;betas;dmpls;poses,
132,132,132/132_27_poses.npz,132_27_poses,,120.0,727,6.058333333333334,male,"[727, 156]","[727, 3]",[16],"[727, 8]",trans;gender;mocap_framerate;betas;dmpls;poses,
132,132,132/132_28_poses.npz,132_28_poses,,120.0,718,5.983333333333333,male,"[718, 156]","[718, 3]",[16],"[718, 8]",trans;gender;mocap_framerate;betas;dmpls;poses,
132,132,132/132_29_poses.npz,132_29_poses,,120.0,777,6.475,male,"[777, 156]","[777, 3]",[16],"[777, 8]",trans;gender;mocap_framerate;betas;dmpls;poses,
132,132,132/132_30_poses.npz,132_30_poses,,120.0,783,6.525,male,"[783, 156]","[783, 3]",[16],"[783, 8]",trans;gender;mocap_framerate;betas;dmpls;poses,
132,132,132/132_31_poses.npz,132_31_poses,,120.0,718,5.983333333333333,male,"[718, 156]","[718, 3]",[16],"[718, 8]",trans;gender;mocap_framerate;betas;dmpls;poses,
132,132,132/132_32_poses.npz,132_32_poses,,120.0,644,5.366666666666666,male,"[644, 156]","[644, 3]",[16],"[644, 8]",trans;gender;mocap_framerate;betas;dmpls;poses,
132,132,132/132_33_poses.npz,132_33_poses,,120.0,411,3.425,male,"[411, 156]","[411, 3]",[16],"[411, 8]",trans;gender;mocap_framerate;betas;dmpls;poses,
132,132,132/132_34_poses.npz,132_34_poses,,120.0,517,4.308333333333334,male,"[517, 156]","[517, 3]",[16],"[517, 8]",trans;gender;mocap_framerate;betas;dmpls;poses,
132,132,132/132_35_poses.npz,132_35_poses,,120.0,1265,10.541666666666666,male,"[1265, 156]","[1265, 3]",[16],"[1265, 8]",trans;gender;mocap_framerate;betas;dmpls;poses,
132,132,132/132_36_poses.npz,132_36_poses,,120.0,3895,32.458333333333336,male,"[3895, 156]","[3895, 3]",[16],"[3895, 8]",trans;gender;mocap_framerate;betas;dmpls;poses,
132,132,132/132_37_poses.npz,132_37_poses,,120.0,6731,56.09166666666667,male,"[6731, 156]","[6731, 3]",[16],"[6731, 8]",trans;gender;mocap_framerate;betas;dmpls;poses,
132,132,132/132_38_poses.npz,132_38_poses,,120.0,180,1.5,male,"[180, 156]","[180, 3]",[16],"[180, 8]",trans;gender;mocap_framerate;betas;dmpls;poses,
132,132,132/132_39_poses.npz,132_39_poses,,120.0,6249,52.075,male,"[6249, 156]","[6249, 3]",[16],"[6249, 8]",trans;gender;mocap_framerate;betas;dmpls;poses,
132,132,132/132_40_poses.npz,132_40_poses,,120.0,847,7.058333333333334,male,"[847, 156]","[847, 3]",[16],"[847, 8]",trans;gender;mocap_framerate;betas;dmpls;poses,
132,132,132/132_41_poses.npz,132_41_poses,,120.0,6359,52.99166666666667,male,"[6359, 156]","[6359, 3]",[16],"[6359, 8]",trans;gender;mocap_framerate;betas;dmpls;poses,
132,132,132/132_42_poses.npz,132_42_poses,,120.0,690,5.75,male,"[690, 156]","[690, 3]",[16],"[690, 8]",trans;gender;mocap_framerate;betas;dmpls;poses,
132,132,132/132_43_poses.npz,132_43_poses,,120.0,804,6.7,male,"[804, 156]","[804, 3]",[16],"[804, 8]",trans;gender;mocap_framerate;betas;dmpls;poses,
132,132,132/132_44_poses.npz,132_44_poses,,120.0,5203,43.358333333333334,male,"[5203, 156]","[5203, 3]",[16],"[5203, 8]",trans;gender;mocap_framerate;betas;dmpls;poses,
132,132,132/132_45_poses.npz,132_45_poses,,120.0,1531,12.758333333333333,male,"[1531, 156]","[1531, 3]",[16],"[1531, 8]",trans;gender;mocap_framerate;betas;dmpls;poses,
132,132,132/132_46_poses.npz,132_46_poses,,120.0,1223,10.191666666666666,male,"[1223, 156]","[1223, 3]",[16],"[1223, 8]",trans;gender;mocap_framerate;betas;dmpls;poses,
132,132,132/132_47_poses.npz,132_47_poses,,120.0,1510,12.583333333333334,male,"[1510, 156]","[1510, 3]",[16],"[1510, 8]",trans;gender;mocap_framerate;betas;dmpls;poses,
132,132,132/132_48_poses.npz,132_48_poses,,120.0,1625,13.541666666666666,male,"[1625, 156]","[1625, 3]",[16],"[1625, 8]",trans;gender;mocap_framerate;betas;dmpls;poses,
132,132,132/132_50_poses.npz,132_50_poses,,120.0,2139,17.825,male,"[2139, 156]","[2139, 3]",[16],"[2139, 8]",trans;gender;mocap_framerate;betas;dmpls;poses,
132,132,132/132_51_poses.npz,132_51_poses,,120.0,174,1.45,male,"[174, 156]","[174, 3]",[16],"[174, 8]",trans;gender;mocap_framerate;betas;dmpls;poses,
132,132,132/132_52_poses.npz,132_52_poses,,120.0,1335,11.125,male,"[1335, 156]","[1335, 3]",[16],"[1335, 8]",trans;gender;mocap_framerate;betas;dmpls;poses,
132,132,132/132_53_poses.npz,132_53_poses,,120.0,6502,54.18333333333333,male,"[6502, 156]","[6502, 3]",[16],"[6502, 8]",trans;gender;mocap_framerate;betas;dmpls;poses,
132,132,132/132_54_poses.npz,132_54_poses,,120.0,6029,50.24166666666667,male,"[6029, 156]","[6029, 3]",[16],"[6029, 8]",trans;gender;mocap_framerate;betas;dmpls;poses,
132,132,132/132_55_poses.npz,132_55_poses,,120.0,3095,25.791666666666668,male,"[3095, 156]","[3095, 3]",[16],"[3095, 8]",trans;gender;mocap_framerate;betas;dmpls;poses,
133,133,133/133_01_poses.npz,133_01_poses,,120.0,1375,11.458333333333334,male,"[1375, 156]","[1375, 3]",[16],"[1375, 8]",trans;gender;mocap_framerate;betas;dmpls;poses,
133,133,133/133_02_poses.npz,133_02_poses,,120.0,1434,11.95,male,"[1434, 156]","[1434, 3]",[16],"[1434, 8]",trans;gender;mocap_framerate;betas;dmpls;poses,
133,133,133/133_03_poses.npz,133_03_poses,,120.0,1259,10.491666666666667,male,"[1259, 156]","[1259, 3]",[16],"[1259, 8]",trans;gender;mocap_framerate;betas;dmpls;poses,
133,133,133/133_04_poses.npz,133_04_poses,,120.0,783,6.525,male,"[783, 156]","[783, 3]",[16],"[783, 8]",trans;gender;mocap_framerate;betas;dmpls;poses,
133,133,133/133_05_poses.npz,133_05_poses,,120.0,976,8.133333333333333,male,"[976, 156]","[976, 3]",[16],"[976, 8]",trans;gender;mocap_framerate;betas;dmpls;poses,
133,133,133/133_06_poses.npz,133_06_poses,,120.0,881,7.341666666666667,male,"[881, 156]","[881, 3]",[16],"[881, 8]",trans;gender;mocap_framerate;betas;dmpls;poses,
133,133,133/133_07_poses.npz,133_07_poses,,120.0,982,8.183333333333334,male,"[982, 156]","[982, 3]",[16],"[982, 8]",trans;gender;mocap_framerate;betas;dmpls;poses,
133,133,133/133_08_poses.npz,133_08_poses,,120.0,1231,10.258333333333333,male,"[1231, 156]","[1231, 3]",[16],"[1231, 8]",trans;gender;mocap_framerate;betas;dmpls;poses,
133,133,133/133_09_poses.npz,133_09_poses,,120.0,1729,14.408333333333333,male,"[1729, 156]","[1729, 3]",[16],"[1729, 8]",trans;gender;mocap_framerate;betas;dmpls;poses,
133,133,133/133_10_poses.npz,133_10_poses,,120.0,1323,11.025,male,"[1323, 156]","[1323, 3]",[16],"[1323, 8]",trans;gender;mocap_framerate;betas;dmpls;poses,
133,133,133/133_11_poses.npz,133_11_poses,,120.0,1062,8.85,male,"[1062, 156]","[1062, 3]",[16],"[1062, 8]",trans;gender;mocap_framerate;betas;dmpls;poses,
133,133,133/133_12_poses.npz,133_12_poses,,120.0,970,8.083333333333334,male,"[970, 156]","[970, 3]",[16],"[970, 8]",trans;gender;mocap_framerate;betas;dmpls;poses,
133,133,133/133_13_poses.npz,133_13_poses,,120.0,1142,9.516666666666667,male,"[1142, 156]","[1142, 3]",[16],"[1142, 8]",trans;gender;mocap_framerate;betas;dmpls;poses,
133,133,133/133_14_poses.npz,133_14_poses,,120.0,888,7.4,male,"[888, 156]","[888, 3]",[16],"[888, 8]",trans;gender;mocap_framerate;betas;dmpls;poses,
133,133,133/133_15_poses.npz,133_15_poses,,120.0,888,7.4,male,"[888, 156]","[888, 3]",[16],"[888, 8]",trans;gender;mocap_framerate;betas;dmpls;poses,
133,133,133/133_16_poses.npz,133_16_poses,,120.0,505,4.208333333333333,male,"[505, 156]","[505, 3]",[16],"[505, 8]",trans;gender;mocap_framerate;betas;dmpls;poses,
133,133,133/133_17_poses.npz,133_17_poses,,120.0,577,4.808333333333334,male,"[577, 156]","[577, 3]",[16],"[577, 8]",trans;gender;mocap_framerate;betas;dmpls;poses,
133,133,133/133_18_poses.npz,133_18_poses,,120.0,469,3.908333333333333,male,"[469, 156]","[469, 3]",[16],"[469, 8]",trans;gender;mocap_framerate;betas;dmpls;poses,
133,133,133/133_19_poses.npz,133_19_poses,,120.0,834,6.95,male,"[834, 156]","[834, 3]",[16],"[834, 8]",trans;gender;mocap_framerate;betas;dmpls;poses,
133,133,133/133_20_poses.npz,133_20_poses,,120.0,1091,9.091666666666667,male,"[1091, 156]","[1091, 3]",[16],"[1091, 8]",trans;gender;mocap_framerate;betas;dmpls;poses,
133,133,133/133_21_poses.npz,133_21_poses,,120.0,786,6.55,male,"[786, 156]","[786, 3]",[16],"[786, 8]",trans;gender;mocap_framerate;betas;dmpls;poses,
133,133,133/133_22_poses.npz,133_22_poses,,120.0,759,6.325,male,"[759, 156]","[759, 3]",[16],"[759, 8]",trans;gender;mocap_framerate;betas;dmpls;poses,
133,133,133/133_23_poses.npz,133_23_poses,,120.0,848,7.066666666666666,male,"[848, 156]","[848, 3]",[16],"[848, 8]",trans;gender;mocap_framerate;betas;dmpls;poses,
133,133,133/133_24_poses.npz,133_24_poses,,120.0,946,7.883333333333334,male,"[946, 156]","[946, 3]",[16],"[946, 8]",trans;gender;mocap_framerate;betas;dmpls;poses,
133,133,133/133_25_poses.npz,133_25_poses,,120.0,410,3.4166666666666665,male,"[410, 156]","[410, 3]",[16],"[410, 8]",trans;gender;mocap_framerate;betas;dmpls;poses,
133,133,133/133_26_poses.npz,133_26_poses,,120.0,1233,10.275,male,"[1233, 156]","[1233, 3]",[16],"[1233, 8]",trans;gender;mocap_framerate;betas;dmpls;poses,
135,135,135/135_02_poses.npz,135_02_poses,,120.0,5202,43.35,male,"[5202, 156]","[5202, 3]",[16],"[5202, 8]",trans;gender;mocap_framerate;betas;dmpls;poses,
135,135,135/135_03_poses.npz,135_03_poses,,120.0,2749,22.908333333333335,male,"[2749, 156]","[2749, 3]",[16],"[2749, 8]",trans;gender;mocap_framerate;betas;dmpls;poses,
135,135,135/135_04_poses.npz,135_04_poses,,120.0,1316,10.966666666666667,male,"[1316, 156]","[1316, 3]",[16],"[1316, 8]",trans;gender;mocap_framerate;betas;dmpls;poses,
135,135,135/135_05_poses.npz,135_05_poses,,120.0,2460,20.5,male,"[2460, 156]","[2460, 3]",[16],"[2460, 8]",trans;gender;mocap_framerate;betas;dmpls;poses,
135,135,135/135_06_poses.npz,135_06_poses,,120.0,3261,27.175,male,"[3261, 156]","[3261, 3]",[16],"[3261, 8]",trans;gender;mocap_framerate;betas;dmpls;poses,
135,135,135/135_07_poses.npz,135_07_poses,,120.0,1472,12.266666666666667,male,"[1472, 156]","[1472, 3]",[16],"[1472, 8]",trans;gender;mocap_framerate;betas;dmpls;poses,
135,135,135/135_08_poses.npz,135_08_poses,,120.0,291,2.425,male,"[291, 156]","[291, 3]",[16],"[291, 8]",trans;gender;mocap_framerate;betas;dmpls;poses,
135,135,135/135_09_poses.npz,135_09_poses,,120.0,2150,17.916666666666668,male,"[2150, 156]","[2150, 3]",[16],"[2150, 8]",trans;gender;mocap_framerate;betas;dmpls;poses,
135,135,135/135_10_poses.npz,135_10_poses,,120.0,2001,16.675,male,"[2001, 156]","[2001, 3]",[16],"[2001, 8]",trans;gender;mocap_framerate;betas;dmpls;poses,
135,135,135/135_11_poses.npz,135_11_poses,,120.0,2446,20.383333333333333,male,"[2446, 156]","[2446, 3]",[16],"[2446, 8]",trans;gender;mocap_framerate;betas;dmpls;poses,
136,136,136/136_01_poses.npz,136_01_poses,,120.0,872,7.266666666666667,male,"[872, 156]","[872, 3]",[16],"[872, 8]",trans;gender;mocap_framerate;betas;dmpls;poses,
136,136,136/136_02_poses.npz,136_02_poses,,120.0,860,7.166666666666667,male,"[860, 156]","[860, 3]",[16],"[860, 8]",trans;gender;mocap_framerate;betas;dmpls;poses,
136,136,136/136_03_poses.npz,136_03_poses,,120.0,1195,9.958333333333334,male,"[1195, 156]","[1195, 3]",[16],"[1195, 8]",trans;gender;mocap_framerate;betas;dmpls;poses,
136,136,136/136_04_poses.npz,136_04_poses,,120.0,1268,10.566666666666666,male,"[1268, 156]","[1268, 3]",[16],"[1268, 8]",trans;gender;mocap_framerate;betas;dmpls;poses,
136,136,136/136_05_poses.npz,136_05_poses,,120.0,1022,8.516666666666667,male,"[1022, 156]","[1022, 3]",[16],"[1022, 8]",trans;gender;mocap_framerate;betas;dmpls;poses,
136,136,136/136_06_poses.npz,136_06_poses,,120.0,943,7.858333333333333,male,"[943, 156]","[943, 3]",[16],"[943, 8]",trans;gender;mocap_framerate;betas;dmpls;poses,
136,136,136/136_07_poses.npz,136_07_poses,,120.0,1107,9.225,male,"[1107, 156]","[1107, 3]",[16],"[1107, 8]",trans;gender;mocap_framerate;betas;dmpls;poses,
136,136,136/136_08_poses.npz,136_08_poses,,120.0,1332,11.1,male,"[1332, 156]","[1332, 3]",[16],"[1332, 8]",trans;gender;mocap_framerate;betas;dmpls;poses,
136,136,136/136_09_poses.npz,136_09_poses,,120.0,1130,9.416666666666666,male,"[1130, 156]","[1130, 3]",[16],"[1130, 8]",trans;gender;mocap_framerate;betas;dmpls;poses,
136,136,136/136_11_poses.npz,136_11_poses,,120.0,1438,11.983333333333333,male,"[1438, 156]","[1438, 3]",[16],"[1438, 8]",trans;gender;mocap_framerate;betas;dmpls;poses,
136,136,136/136_12_poses.npz,136_12_poses,,120.0,1307,10.891666666666667,male,"[1307, 156]","[1307, 3]",[16],"[1307, 8]",trans;gender;mocap_framerate;betas;dmpls;poses,
136,136,136/136_13_poses.npz,136_13_poses,,120.0,1252,10.433333333333334,male,"[1252, 156]","[1252, 3]",[16],"[1252, 8]",trans;gender;mocap_framerate;betas;dmpls;poses,
136,136,136/136_14_poses.npz,136_14_poses,,120.0,1065,8.875,male,"[1065, 156]","[1065, 3]",[16],"[1065, 8]",trans;gender;mocap_framerate;betas;dmpls;poses,
136,136,136/136_15_poses.npz,136_15_poses,,120.0,1350,11.25,male,"[1350, 156]","[1350, 3]",[16],"[1350, 8]",trans;gender;mocap_framerate;betas;dmpls;poses,
136,136,136/136_16_poses.npz,136_16_poses,,120.0,1259,10.491666666666667,male,"[1259, 156]","[1259, 3]",[16],"[1259, 8]",trans;gender;mocap_framerate;betas;dmpls;poses,
136,136,136/136_17_poses.npz,136_17_poses,,120.0,2120,17.666666666666668,male,"[2120, 156]","[2120, 3]",[16],"[2120, 8]",trans;gender;mocap_framerate;betas;dmpls;poses,
136,136,136/136_18_poses.npz,136_18_poses,,120.0,1492,12.433333333333334,male,"[1492, 156]","[1492, 3]",[16],"[1492, 8]",trans;gender;mocap_framerate;betas;dmpls;poses,
136,136,136/136_20_poses.npz,136_20_poses,,120.0,993,8.275,male,"[993, 156]","[993, 3]",[16],"[993, 8]",trans;gender;mocap_framerate;betas;dmpls;poses,
136,136,136/136_21_poses.npz,136_21_poses,,120.0,601,5.008333333333334,male,"[601, 156]","[601, 3]",[16],"[601, 8]",trans;gender;mocap_framerate;betas;dmpls;poses,
136,136,136/136_22_poses.npz,136_22_poses,,120.0,836,6.966666666666667,male,"[836, 156]","[836, 3]",[16],"[836, 8]",trans;gender;mocap_framerate;betas;dmpls;poses,
136,136,136/136_23_poses.npz,136_23_poses,,120.0,742,6.183333333333334,male,"[742, 156]","[742, 3]",[16],"[742, 8]",trans;gender;mocap_framerate;betas;dmpls;poses,
136,136,136/136_24_poses.npz,136_24_poses,,120.0,1075,8.958333333333334,male,"[1075, 156]","[1075, 3]",[16],"[1075, 8]",trans;gender;mocap_framerate;betas;dmpls;poses,
136,136,136/136_25_poses.npz,136_25_poses,,120.0,1789,14.908333333333333,male,"[1789, 156]","[1789, 3]",[16],"[1789, 8]",trans;gender;mocap_framerate;betas;dmpls;poses,
136,136,136/136_26_poses.npz,136_26_poses,,120.0,1422,11.85,male,"[1422, 156]","[1422, 3]",[16],"[1422, 8]",trans;gender;mocap_framerate;betas;dmpls;poses,
136,136,136/136_27_poses.npz,136_27_poses,,120.0,1087,9.058333333333334,male,"[1087, 156]","[1087, 3]",[16],"[1087, 8]",trans;gender;mocap_framerate;betas;dmpls;poses,
136,136,136/136_29_poses.npz,136_29_poses,,120.0,1182,9.85,male,"[1182, 156]","[1182, 3]",[16],"[1182, 8]",trans;gender;mocap_framerate;betas;dmpls;poses,
136,136,136/136_30_poses.npz,136_30_poses,,120.0,1272,10.6,male,"[1272, 156]","[1272, 3]",[16],"[1272, 8]",trans;gender;mocap_framerate;betas;dmpls;poses,
136,136,136/136_31_poses.npz,136_31_poses,,120.0,1436,11.966666666666667,male,"[1436, 156]","[1436, 3]",[16],"[1436, 8]",trans;gender;mocap_framerate;betas;dmpls;poses,
136,136,136/136_32_poses.npz,136_32_poses,,120.0,1443,12.025,male,"[1443, 156]","[1443, 3]",[16],"[1443, 8]",trans;gender;mocap_framerate;betas;dmpls;poses,
136,136,136/136_33_poses.npz,136_33_poses,,120.0,986,8.216666666666667,male,"[986, 156]","[986, 3]",[16],"[986, 8]",trans;gender;mocap_framerate;betas;dmpls;poses,
137,137,137/137_01_poses.npz,137_01_poses,,120.0,2163,18.025,male,"[2163, 156]","[2163, 3]",[16],"[2163, 8]",trans;gender;mocap_framerate;betas;dmpls;poses,
137,137,137/137_02_poses.npz,137_02_poses,,120.0,2167,18.058333333333334,male,"[2167, 156]","[2167, 3]",[16],"[2167, 8]",trans;gender;mocap_framerate;betas;dmpls;poses,
137,137,137/137_03_poses.npz,137_03_poses,,120.0,6541,54.50833333333333,male,"[6541, 156]","[6541, 3]",[16],"[6541, 8]",trans;gender;mocap_framerate;betas;dmpls;poses,
137,137,137/137_04_poses.npz,137_04_poses,,120.0,1937,16.141666666666666,male,"[1937, 156]","[1937, 3]",[16],"[1937, 8]",trans;gender;mocap_framerate;betas;dmpls;poses,
137,137,137/137_05_poses.npz,137_05_poses,,120.0,1759,14.658333333333333,male,"[1759, 156]","[1759, 3]",[16],"[1759, 8]",trans;gender;mocap_framerate;betas;dmpls;poses,
137,137,137/137_06_poses.npz,137_06_poses,,120.0,1629,13.575,male,"[1629, 156]","[1629, 3]",[16],"[1629, 8]",trans;gender;mocap_framerate;betas;dmpls;poses,
137,137,137/137_07_poses.npz,137_07_poses,,120.0,4775,39.791666666666664,male,"[4775, 156]","[4775, 3]",[16],"[4775, 8]",trans;gender;mocap_framerate;betas;dmpls;poses,
137,137,137/137_08_poses.npz,137_08_poses,,120.0,1938,16.15,male,"[1938, 156]","[1938, 3]",[16],"[1938, 8]",trans;gender;mocap_framerate;betas;dmpls;poses,
137,137,137/137_09_poses.npz,137_09_poses,,120.0,2470,20.583333333333332,male,"[2470, 156]","[2470, 3]",[16],"[2470, 8]",trans;gender;mocap_framerate;betas;dmpls;poses,
137,137,137/137_10_poses.npz,137_10_poses,,120.0,2246,18.716666666666665,male,"[2246, 156]","[2246, 3]",[16],"[2246, 8]",trans;gender;mocap_framerate;betas;dmpls;poses,
137,137,137/137_11_poses.npz,137_11_poses,,120.0,4930,41.083333333333336,male,"[4930, 156]","[4930, 3]",[16],"[4930, 8]",trans;gender;mocap_framerate;betas;dmpls;poses,
137,137,137/137_12_poses.npz,137_12_poses,,120.0,1969,16.408333333333335,male,"[1969, 156]","[1969, 3]",[16],"[1969, 8]",trans;gender;mocap_framerate;betas;dmpls;poses,
137,137,137/137_13_poses.npz,137_13_poses,,120.0,2963,24.691666666666666,male,"[2963, 156]","[2963, 3]",[16],"[2963, 8]",trans;gender;mocap_framerate;betas;dmpls;poses,
137,137,137/137_14_poses.npz,137_14_poses,,120.0,2264,18.866666666666667,male,"[2264, 156]","[2264, 3]",[16],"[2264, 8]",trans;gender;mocap_framerate;betas;dmpls;poses,
137,137,137/137_15_poses.npz,137_15_poses,,120.0,5382,44.85,male,"[5382, 156]","[5382, 3]",[16],"[5382, 8]",trans;gender;mocap_framerate;betas;dmpls;poses,
137,137,137/137_16_poses.npz,137_16_poses,,120.0,1532,12.766666666666667,male,"[1532, 156]","[1532, 3]",[16],"[1532, 8]",trans;gender;mocap_framerate;betas;dmpls;poses,
137,137,137/137_17_poses.npz,137_17_poses,,120.0,1948,16.233333333333334,male,"[1948, 156]","[1948, 3]",[16],"[1948, 8]",trans;gender;mocap_framerate;betas;dmpls;poses,
137,137,137/137_18_poses.npz,137_18_poses,,120.0,1395,11.625,male,"[1395, 156]","[1395, 3]",[16],"[1395, 8]",trans;gender;mocap_framerate;betas;dmpls;poses,
137,137,137/137_19_poses.npz,137_19_poses,,120.0,5321,44.34166666666667,male,"[5321, 156]","[5321, 3]",[16],"[5321, 8]",trans;gender;mocap_framerate;betas;dmpls;poses,
137,137,137/137_20_poses.npz,137_20_poses,,120.0,1603,13.358333333333333,male,"[1603, 156]","[1603, 3]",[16],"[1603, 8]",trans;gender;mocap_framerate;betas;dmpls;poses,
137,137,137/137_21_poses.npz,137_21_poses,,120.0,1914,15.95,male,"[1914, 156]","[1914, 3]",[16],"[1914, 8]",trans;gender;mocap_framerate;betas;dmpls;poses,
137,137,137/137_22_poses.npz,137_22_poses,,120.0,1642,13.683333333333334,male,"[1642, 156]","[1642, 3]",[16],"[1642, 8]",trans;gender;mocap_framerate;betas;dmpls;poses,
137,137,137/137_23_poses.npz,137_23_poses,,120.0,4548,37.9,male,"[4548, 156]","[4548, 3]",[16],"[4548, 8]",trans;gender;mocap_framerate;betas;dmpls;poses,
137,137,137/137_24_poses.npz,137_24_poses,,120.0,1193,9.941666666666666,male,"[1193, 156]","[1193, 3]",[16],"[1193, 8]",trans;gender;mocap_framerate;betas;dmpls;poses,
137,137,137/137_25_poses.npz,137_25_poses,,120.0,155,1.2916666666666667,male,"[155, 156]","[155, 3]",[16],"[155, 8]",trans;gender;mocap_framerate;betas;dmpls;poses,
137,137,137/137_26_poses.npz,137_26_poses,,120.0,1574,13.116666666666667,male,"[1574, 156]","[1574, 3]",[16],"[1574, 8]",trans;gender;mocap_framerate;betas;dmpls;poses,
137,137,137/137_27_poses.npz,137_27_poses,,120.0,1161,9.675,male,"[1161, 156]","[1161, 3]",[16],"[1161, 8]",trans;gender;mocap_framerate;betas;dmpls;poses,
137,137,137/137_28_poses.npz,137_28_poses,,120.0,3722,31.016666666666666,male,"[3722, 156]","[3722, 3]",[16],"[3722, 8]",trans;gender;mocap_framerate;betas;dmpls;poses,
137,137,137/137_29_poses.npz,137_29_poses,,120.0,1128,9.4,male,"[1128, 156]","[1128, 3]",[16],"[1128, 8]",trans;gender;mocap_framerate;betas;dmpls;poses,
137,137,137/137_31_poses.npz,137_31_poses,,120.0,3368,28.066666666666666,male,"[3368, 156]","[3368, 3]",[16],"[3368, 8]",trans;gender;mocap_framerate;betas;dmpls;poses,
137,137,137/137_32_poses.npz,137_32_poses,,120.0,5018,41.81666666666667,male,"[5018, 156]","[5018, 3]",[16],"[5018, 8]",trans;gender;mocap_framerate;betas;dmpls;poses,
137,137,137/137_33_poses.npz,137_33_poses,,120.0,3064,25.533333333333335,male,"[3064, 156]","[3064, 3]",[16],"[3064, 8]",trans;gender;mocap_framerate;betas;dmpls;poses,
137,137,137/137_34_poses.npz,137_34_poses,,120.0,896,7.466666666666667,male,"[896, 156]","[896, 3]",[16],"[896, 8]",trans;gender;mocap_framerate;betas;dmpls;poses,
137,137,137/137_35_poses.npz,137_35_poses,,120.0,2492,20.766666666666666,male,"[2492, 156]","[2492, 3]",[16],"[2492, 8]",trans;gender;mocap_framerate;betas;dmpls;poses,
137,137,137/137_36_poses.npz,137_36_poses,,120.0,2556,21.3,male,"[2556, 156]","[2556, 3]",[16],"[2556, 8]",trans;gender;mocap_framerate;betas;dmpls;poses,
137,137,137/137_37_poses.npz,137_37_poses,,120.0,5117,42.641666666666666,male,"[5117, 156]","[5117, 3]",[16],"[5117, 8]",trans;gender;mocap_framerate;betas;dmpls;poses,
137,137,137/137_38_poses.npz,137_38_poses,,120.0,2019,16.825,male,"[2019, 156]","[2019, 3]",[16],"[2019, 8]",trans;gender;mocap_framerate;betas;dmpls;poses,
137,137,137/137_39_poses.npz,137_39_poses,,120.0,2934,24.45,male,"[2934, 156]","[2934, 3]",[16],"[2934, 8]",trans;gender;mocap_framerate;betas;dmpls;poses,
137,137,137/137_40_poses.npz,137_40_poses,,120.0,2038,16.983333333333334,male,"[2038, 156]","[2038, 3]",[16],"[2038, 8]",trans;gender;mocap_framerate;betas;dmpls;poses,
137,137,137/137_41_poses.npz,137_41_poses,,120.0,5194,43.28333333333333,male,"[5194, 156]","[5194, 3]",[16],"[5194, 8]",trans;gender;mocap_framerate;betas;dmpls;poses,
137,137,137/137_42_poses.npz,137_42_poses,,120.0,2182,18.183333333333334,male,"[2182, 156]","[2182, 3]",[16],"[2182, 8]",trans;gender;mocap_framerate;betas;dmpls;poses,
138,138,138/138_01_poses.npz,138_01_poses,,120.0,806,6.716666666666667,female,"[806, 156]","[806, 3]",[16],"[806, 8]",trans;gender;mocap_framerate;betas;dmpls;poses,
138,138,138/138_03_poses.npz,138_03_poses,,120.0,680,5.666666666666667,female,"[680, 156]","[680, 3]",[16],"[680, 8]",trans;gender;mocap_framerate;betas;dmpls;poses,
138,138,138/138_04_poses.npz,138_04_poses,,120.0,701,5.841666666666667,female,"[701, 156]","[701, 3]",[16],"[701, 8]",trans;gender;mocap_framerate;betas;dmpls;poses,
138,138,138/138_06_poses.npz,138_06_poses,,120.0,398,3.316666666666667,female,"[398, 156]","[398, 3]",[16],"[398, 8]",trans;gender;mocap_framerate;betas;dmpls;poses,
138,138,138/138_09_poses.npz,138_09_poses,,120.0,427,3.558333333333333,female,"[427, 156]","[427, 3]",[16],"[427, 8]",trans;gender;mocap_framerate;betas;dmpls;poses,
138,138,138/138_10_poses.npz,138_10_poses,,120.0,437,3.6416666666666666,female,"[437, 156]","[437, 3]",[16],"[437, 8]",trans;gender;mocap_framerate;betas;dmpls;poses,
138,138,138/138_11_poses.npz,138_11_poses,,120.0,442,3.683333333333333,female,"[442, 156]","[442, 3]",[16],"[442, 8]",trans;gender;mocap_framerate;betas;dmpls;poses,
138,138,138/138_12_poses.npz,138_12_poses,,120.0,325,2.7083333333333335,female,"[325, 156]","[325, 3]",[16],"[325, 8]",trans;gender;mocap_framerate;betas;dmpls;poses,
138,138,138/138_17_poses.npz,138_17_poses,,120.0,440,3.6666666666666665,female,"[440, 156]","[440, 3]",[16],"[440, 8]",trans;gender;mocap_framerate;betas;dmpls;poses,
138,138,138/138_18_poses.npz,138_18_poses,,120.0,387,3.225,female,"[387, 156]","[387, 3]",[16],"[387, 8]",trans;gender;mocap_framerate;betas;dmpls;poses,
138,138,138/138_19_poses.npz,138_19_poses,,120.0,460,3.8333333333333335,female,"[460, 156]","[460, 3]",[16],"[460, 8]",trans;gender;mocap_framerate;betas;dmpls;poses,
138,138,138/138_20_poses.npz,138_20_poses,,120.0,450,3.75,female,"[450, 156]","[450, 3]",[16],"[450, 8]",trans;gender;mocap_framerate;betas;dmpls;poses,
138,138,138/138_21_poses.npz,138_21_poses,,120.0,395,3.2916666666666665,female,"[395, 156]","[395, 3]",[16],"[395, 8]",trans;gender;mocap_framerate;betas;dmpls;poses,
138,138,138/138_23_poses.npz,138_23_poses,,120.0,459,3.825,female,"[459, 156]","[459, 3]",[16],"[459, 8]",trans;gender;mocap_framerate;betas;dmpls;poses,
138,138,138/138_24_poses.npz,138_24_poses,,120.0,503,4.191666666666666,female,"[503, 156]","[503, 3]",[16],"[503, 8]",trans;gender;mocap_framerate;betas;dmpls;poses,
138,138,138/138_25_poses.npz,138_25_poses,,120.0,357,2.975,female,"[357, 156]","[357, 3]",[16],"[357, 8]",trans;gender;mocap_framerate;betas;dmpls;poses,
138,138,138/138_48_poses.npz,138_48_poses,,120.0,630,5.25,female,"[630, 156]","[630, 3]",[16],"[630, 8]",trans;gender;mocap_framerate;betas;dmpls;poses,
139,139,139/139_01_poses.npz,139_01_poses,,60.0,1090,18.166666666666668,male,"[1090, 156]","[1090, 3]",[16],"[1090, 8]",trans;gender;mocap_framerate;betas;dmpls;poses,
139,139,139/139_02_poses.npz,139_02_poses,,60.0,937,15.616666666666667,male,"[937, 156]","[937, 3]",[16],"[937, 8]",trans;gender;mocap_framerate;betas;dmpls;poses,
139,139,139/139_03_poses.npz,139_03_poses,,60.0,984,16.4,male,"[984, 156]","[984, 3]",[16],"[984, 8]",trans;gender;mocap_framerate;betas;dmpls;poses,
139,139,139/139_04_poses.npz,139_04_poses,,60.0,883,14.716666666666667,male,"[883, 156]","[883, 3]",[16],"[883, 8]",trans;gender;mocap_framerate;betas;dmpls;poses,
139,139,139/139_05_poses.npz,139_05_poses,,60.0,511,8.516666666666667,male,"[511, 156]","[511, 3]",[16],"[511, 8]",trans;gender;mocap_framerate;betas;dmpls;poses,
139,139,139/139_06_poses.npz,139_06_poses,,60.0,1352,22.533333333333335,male,"[1352, 156]","[1352, 3]",[16],"[1352, 8]",trans;gender;mocap_framerate;betas;dmpls;poses,
139,139,139/139_07_poses.npz,139_07_poses,,60.0,505,8.416666666666666,male,"[505, 156]","[505, 3]",[16],"[505, 8]",trans;gender;mocap_framerate;betas;dmpls;poses,
139,139,139/139_08_poses.npz,139_08_poses,,60.0,1008,16.8,male,"[1008, 156]","[1008, 3]",[16],"[1008, 8]",trans;gender;mocap_framerate;betas;dmpls;poses,
139,139,139/139_09_poses.npz,139_09_poses,,60.0,988,16.466666666666665,male,"[988, 156]","[988, 3]",[16],"[988, 8]",trans;gender;mocap_framerate;betas;dmpls;poses,
139,139,139/139_10_poses.npz,139_10_poses,,60.0,690,11.5,male,"[690, 156]","[690, 3]",[16],"[690, 8]",trans;gender;mocap_framerate;betas;dmpls;poses,
139,139,139/139_11_poses.npz,139_11_poses,,60.0,320,5.333333333333333,male,"[320, 156]","[320, 3]",[16],"[320, 8]",trans;gender;mocap_framerate;betas;dmpls;poses,
139,139,139/139_12_poses.npz,139_12_poses,,60.0,978,16.3,male,"[978, 156]","[978, 3]",[16],"[978, 8]",trans;gender;mocap_framerate;betas;dmpls;poses,
139,139,139/139_13_poses.npz,139_13_poses,,60.0,1387,23.116666666666667,male,"[1387, 156]","[1387, 3]",[16],"[1387, 8]",trans;gender;mocap_framerate;betas;dmpls;poses,
139,139,139/139_14_poses.npz,139_14_poses,,60.0,990,16.5,male,"[990, 156]","[990, 3]",[16],"[990, 8]",trans;gender;mocap_framerate;betas;dmpls;poses,
139,139,139/139_15_poses.npz,139_15_poses,,60.0,1078,17.966666666666665,male,"[1078, 156]","[1078, 3]",[16],"[1078, 8]",trans;gender;mocap_framerate;betas;dmpls;poses,
139,139,139/139_16_poses.npz,139_16_poses,,60.0,653,10.883333333333333,male,"[653, 156]","[653, 3]",[16],"[653, 8]",trans;gender;mocap_framerate;betas;dmpls;poses,
139,139,139/139_17_poses.npz,139_17_poses,,60.0,719,11.983333333333333,male,"[719, 156]","[719, 3]",[16],"[719, 8]",trans;gender;mocap_framerate;betas;dmpls;poses,
139,139,139/139_18_poses.npz,139_18_poses,,60.0,854,14.233333333333333,male,"[854, 156]","[854, 3]",[16],"[854, 8]",trans;gender;mocap_framerate;betas;dmpls;poses,
139,139,139/139_19_poses.npz,139_19_poses,,60.0,1000,16.666666666666668,male,"[1000, 156]","[1000, 3]",[16],"[1000, 8]",trans;gender;mocap_framerate;betas;dmpls;poses,
139,139,139/139_21_poses.npz,139_21_poses,,120.0,1310,10.916666666666666,male,"[1310, 156]","[1310, 3]",[16],"[1310, 8]",trans;gender;mocap_framerate;betas;dmpls;poses,
139,139,139/139_22_poses.npz,139_22_poses,,60.0,1425,23.75,male,"[1425, 156]","[1425, 3]",[16],"[1425, 8]",trans;gender;mocap_framerate;betas;dmpls;poses,
139,139,139/139_23_poses.npz,139_23_poses,,60.0,1592,26.533333333333335,male,"[1592, 156]","[1592, 3]",[16],"[1592, 8]",trans;gender;mocap_framerate;betas;dmpls;poses,
139,139,139/139_24_poses.npz,139_24_poses,,60.0,716,11.933333333333334,male,"[716, 156]","[716, 3]",[16],"[716, 8]",trans;gender;mocap_framerate;betas;dmpls;poses,
139,139,139/139_25_poses.npz,139_25_poses,,60.0,663,11.05,male,"[663, 156]","[663, 3]",[16],"[663, 8]",trans;gender;mocap_framerate;betas;dmpls;poses,
139,139,139/139_26_poses.npz,139_26_poses,,60.0,651,10.85,male,"[651, 156]","[651, 3]",[16],"[651, 8]",trans;gender;mocap_framerate;betas;dmpls;poses,
139,139,139/139_27_poses.npz,139_27_poses,,60.0,727,12.116666666666667,male,"[727, 156]","[727, 3]",[16],"[727, 8]",trans;gender;mocap_framerate;betas;dmpls;poses,
139,139,139/139_29_poses.npz,139_29_poses,,60.0,2104,35.06666666666667,male,"[2104, 156]","[2104, 3]",[16],"[2104, 8]",trans;gender;mocap_framerate;betas;dmpls;poses,
139,139,139/139_30_poses.npz,139_30_poses,,60.0,1261,21.016666666666666,male,"[1261, 156]","[1261, 3]",[16],"[1261, 8]",trans;gender;mocap_framerate;betas;dmpls;poses,
139,139,139/139_31_poses.npz,139_31_poses,,60.0,2106,35.1,male,"[2106, 156]","[2106, 3]",[16],"[2106, 8]",trans;gender;mocap_framerate;betas;dmpls;poses,
139,139,139/139_32_poses.npz,139_32_poses,,60.0,1894,31.566666666666666,male,"[1894, 156]","[1894, 3]",[16],"[1894, 8]",trans;gender;mocap_framerate;betas;dmpls;poses,
139,139,139/139_33_poses.npz,139_33_poses,,60.0,2997,49.95,male,"[2997, 156]","[2997, 3]",[16],"[2997, 8]",trans;gender;mocap_framerate;betas;dmpls;poses,
139,139,139/139_34_poses.npz,139_34_poses,,60.0,1122,18.7,male,"[1122, 156]","[1122, 3]",[16],"[1122, 8]",trans;gender;mocap_framerate;betas;dmpls;poses,
140,140,140/140_01_poses.npz,140_01_poses,,120.0,830,6.916666666666667,male,"[830, 156]","[830, 3]",[16],"[830, 8]",trans;gender;mocap_framerate;betas;dmpls;poses,
140,140,140/140_02_poses.npz,140_02_poses,,120.0,937,7.808333333333334,male,"[937, 156]","[937, 3]",[16],"[937, 8]",trans;gender;mocap_framerate;betas;dmpls;poses,
140,140,140/140_04_poses.npz,140_04_poses,,120.0,1103,9.191666666666666,male,"[1103, 156]","[1103, 3]",[16],"[1103, 8]",trans;gender;mocap_framerate;betas;dmpls;poses,
140,140,140/140_06_poses.npz,140_06_poses,,120.0,3562,29.683333333333334,male,"[3562, 156]","[3562, 3]",[16],"[3562, 8]",trans;gender;mocap_framerate;betas;dmpls;poses,
140,140,140/140_07_poses.npz,140_07_poses,,120.0,1235,10.291666666666666,male,"[1235, 156]","[1235, 3]",[16],"[1235, 8]",trans;gender;mocap_framerate;betas;dmpls;poses,
140,140,140/140_08_poses.npz,140_08_poses,,120.0,898,7.483333333333333,male,"[898, 156]","[898, 3]",[16],"[898, 8]",trans;gender;mocap_framerate;betas;dmpls;poses,
140,140,140/140_09_poses.npz,140_09_poses,,120.0,815,6.791666666666667,male,"[815, 156]","[815, 3]",[16],"[815, 8]",trans;gender;mocap_framerate;betas;dmpls;poses,
141,141,141/141_01_poses.npz,141_01_poses,,60.0,74,1.2333333333333334,female,"[74, 156]","[74, 3]",[16],"[74, 8]",trans;gender;mocap_framerate;betas;dmpls;poses,
141,141,141/141_02_poses.npz,141_02_poses,,60.0,112,1.8666666666666667,female,"[112, 156]","[112, 3]",[16],"[112, 8]",trans;gender;mocap_framerate;betas;dmpls;poses,
141,141,141/141_03_poses.npz,141_03_poses,,60.0,230,3.8333333333333335,female,"[230, 156]","[230, 3]",[16],"[230, 8]",trans;gender;mocap_framerate;betas;dmpls;poses,
141,141,141/141_04_poses.npz,141_04_poses,,60.0,547,9.116666666666667,female,"[547, 156]","[547, 3]",[16],"[547, 8]",trans;gender;mocap_framerate;betas;dmpls;poses,
141,141,141/141_05_poses.npz,141_05_poses,,60.0,230,3.8333333333333335,female,"[230, 156]","[230, 3]",[16],"[230, 8]",trans;gender;mocap_framerate;betas;dmpls;poses,
141,141,141/141_06_poses.npz,141_06_poses,,60.0,651,10.85,female,"[651, 156]","[651, 3]",[16],"[651, 8]",trans;gender;mocap_framerate;betas;dmpls;poses,
141,141,141/141_07_poses.npz,141_07_poses,,60.0,298,4.966666666666667,female,"[298, 156]","[298, 3]",[16],"[298, 8]",trans;gender;mocap_framerate;betas;dmpls;poses,
141,141,141/141_08_poses.npz,141_08_poses,,60.0,331,5.516666666666667,female,"[331, 156]","[331, 3]",[16],"[331, 8]",trans;gender;mocap_framerate;betas;dmpls;poses,
141,141,141/141_09_poses.npz,141_09_poses,,60.0,234,3.9,female,"[234, 156]","[234, 3]",[16],"[234, 8]",trans;gender;mocap_framerate;betas;dmpls;poses,
141,141,141/141_10_poses.npz,141_10_poses,,60.0,507,8.45,female,"[507, 156]","[507, 3]",[16],"[507, 8]",trans;gender;mocap_framerate;betas;dmpls;poses,
141,141,141/141_11_poses.npz,141_11_poses,,60.0,686,11.433333333333334,female,"[686, 156]","[686, 3]",[16],"[686, 8]",trans;gender;mocap_framerate;betas;dmpls;poses,
141,141,141/141_12_poses.npz,141_12_poses,,60.0,568,9.466666666666667,female,"[568, 156]","[568, 3]",[16],"[568, 8]",trans;gender;mocap_framerate;betas;dmpls;poses,
141,141,141/141_13_poses.npz,141_13_poses,,60.0,368,6.133333333333334,female,"[368, 156]","[368, 3]",[16],"[368, 8]",trans;gender;mocap_framerate;betas;dmpls;poses,
141,141,141/141_14_poses.npz,141_14_poses,,60.0,577,9.616666666666667,female,"[577, 156]","[577, 3]",[16],"[577, 8]",trans;gender;mocap_framerate;betas;dmpls;poses,
141,141,141/141_15_poses.npz,141_15_poses,,60.0,1165,19.416666666666668,female,"[1165, 156]","[1165, 3]",[16],"[1165, 8]",trans;gender;mocap_framerate;betas;dmpls;poses,
141,141,141/141_16_poses.npz,141_16_poses,,60.0,299,4.983333333333333,female,"[299, 156]","[299, 3]",[16],"[299, 8]",trans;gender;mocap_framerate;betas;dmpls;poses,
141,141,141/141_17_poses.npz,141_17_poses,,60.0,561,9.35,female,"[561, 156]","[561, 3]",[16],"[561, 8]",trans;gender;mocap_framerate;betas;dmpls;poses,
141,141,141/141_18_poses.npz,141_18_poses,,60.0,388,6.466666666666667,female,"[388, 156]","[388, 3]",[16],"[388, 8]",trans;gender;mocap_framerate;betas;dmpls;poses,
141,141,141/141_19_poses.npz,141_19_poses,,60.0,1193,19.883333333333333,female,"[1193, 156]","[1193, 3]",[16],"[1193, 8]",trans;gender;mocap_framerate;betas;dmpls;poses,
141,141,141/141_20_poses.npz,141_20_poses,,60.0,763,12.716666666666667,female,"[763, 156]","[763, 3]",[16],"[763, 8]",trans;gender;mocap_framerate;betas;dmpls;poses,
141,141,141/141_21_poses.npz,141_21_poses,,60.0,272,4.533333333333333,female,"[272, 156]","[272, 3]",[16],"[272, 8]",trans;gender;mocap_framerate;betas;dmpls;poses,
141,141,141/141_22_poses.npz,141_22_poses,,60.0,198,3.3,female,"[198, 156]","[198, 3]",[16],"[198, 8]",trans;gender;mocap_framerate;betas;dmpls;poses,
141,141,141/141_23_poses.npz,141_23_poses,,60.0,256,4.266666666666667,female,"[256, 156]","[256, 3]",[16],"[256, 8]",trans;gender;mocap_framerate;betas;dmpls;poses,
141,141,141/141_24_poses.npz,141_24_poses,,60.0,260,4.333333333333333,female,"[260, 156]","[260, 3]",[16],"[260, 8]",trans;gender;mocap_framerate;betas;dmpls;poses,
141,141,141/141_25_poses.npz,141_25_poses,,60.0,614,10.233333333333333,female,"[614, 156]","[614, 3]",[16],"[614, 8]",trans;gender;mocap_framerate;betas;dmpls;poses,
141,141,141/141_26_poses.npz,141_26_poses,,60.0,398,6.633333333333334,female,"[398, 156]","[398, 3]",[16],"[398, 8]",trans;gender;mocap_framerate;betas;dmpls;poses,
141,141,141/141_27_poses.npz,141_27_poses,,60.0,555,9.25,female,"[555, 156]","[555, 3]",[16],"[555, 8]",trans;gender;mocap_framerate;betas;dmpls;poses,
141,141,141/141_28_poses.npz,141_28_poses,,60.0,355,5.916666666666667,female,"[355, 156]","[355, 3]",[16],"[355, 8]",trans;gender;mocap_framerate;betas;dmpls;poses,
141,141,141/141_29_poses.npz,141_29_poses,,60.0,1166,19.433333333333334,female,"[1166, 156]","[1166, 3]",[16],"[1166, 8]",trans;gender;mocap_framerate;betas;dmpls;poses,
141,141,141/141_30_poses.npz,141_30_poses,,60.0,721,12.016666666666667,female,"[721, 156]","[721, 3]",[16],"[721, 8]",trans;gender;mocap_framerate;betas;dmpls;poses,
141,141,141/141_31_poses.npz,141_31_poses,,60.0,671,11.183333333333334,female,"[671, 156]","[671, 3]",[16],"[671, 8]",trans;gender;mocap_framerate;betas;dmpls;poses,
141,141,141/141_32_poses.npz,141_32_poses,,60.0,888,14.8,female,"[888, 156]","[888, 3]",[16],"[888, 8]",trans;gender;mocap_framerate;betas;dmpls;poses,
141,141,141/141_33_poses.npz,141_33_poses,,60.0,1059,17.65,female,"[1059, 156]","[1059, 3]",[16],"[1059, 8]",trans;gender;mocap_framerate;betas;dmpls;poses,
141,141,141/141_34_poses.npz,141_34_poses,,60.0,314,5.233333333333333,female,"[314, 156]","[314, 3]",[16],"[314, 8]",trans;gender;mocap_framerate;betas;dmpls;poses,
142,142,142/142_01_poses.npz,142_01_poses,,120.0,5241,43.675,male,"[5241, 156]","[5241, 3]",[16],"[5241, 8]",trans;gender;mocap_framerate;betas;dmpls;poses,
142,142,142/142_02_poses.npz,142_02_poses,,120.0,1882,15.683333333333334,male,"[1882, 156]","[1882, 3]",[16],"[1882, 8]",trans;gender;mocap_framerate;betas;dmpls;poses,
142,142,142/142_04_poses.npz,142_04_poses,,120.0,3731,31.091666666666665,male,"[3731, 156]","[3731, 3]",[16],"[3731, 8]",trans;gender;mocap_framerate;betas;dmpls;poses,
142,142,142/142_06_poses.npz,142_06_poses,,120.0,2644,22.033333333333335,male,"[2644, 156]","[2644, 3]",[16],"[2644, 8]",trans;gender;mocap_framerate;betas;dmpls;poses,
142,142,142/142_08_poses.npz,142_08_poses,,120.0,3033,25.275,male,"[3033, 156]","[3033, 3]",[16],"[3033, 8]",trans;gender;mocap_framerate;betas;dmpls;poses,
142,142,142/142_09_poses.npz,142_09_poses,,120.0,2666,22.216666666666665,male,"[2666, 156]","[2666, 3]",[16],"[2666, 8]",trans;gender;mocap_framerate;betas;dmpls;poses,
142,142,142/142_11_poses.npz,142_11_poses,,120.0,3277,27.308333333333334,male,"[3277, 156]","[3277, 3]",[16],"[3277, 8]",trans;gender;mocap_framerate;betas;dmpls;poses,
142,142,142/142_12_poses.npz,142_12_poses,,120.0,4702,39.18333333333333,male,"[4702, 156]","[4702, 3]",[16],"[4702, 8]",trans;gender;mocap_framerate;betas;dmpls;poses,
142,142,142/142_13_poses.npz,142_13_poses,,120.0,5159,42.99166666666667,male,"[5159, 156]","[5159, 3]",[16],"[5159, 8]",trans;gender;mocap_framerate;betas;dmpls;poses,
142,142,142/142_14_poses.npz,142_14_poses,,120.0,1663,13.858333333333333,male,"[1663, 156]","[1663, 3]",[16],"[1663, 8]",trans;gender;mocap_framerate;betas;dmpls;poses,
142,142,142/142_15_poses.npz,142_15_poses,,120.0,5374,44.78333333333333,male,"[5374, 156]","[5374, 3]",[16],"[5374, 8]",trans;gender;mocap_framerate;betas;dmpls;poses,
142,142,142/142_16_poses.npz,142_16_poses,,120.0,5818,48.483333333333334,male,"[5818, 156]","[5818, 3]",[16],"[5818, 8]",trans;gender;mocap_framerate;betas;dmpls;poses,
142,142,142/142_17_poses.npz,142_17_poses,,120.0,4431,36.925,male,"[4431, 156]","[4431, 3]",[16],"[4431, 8]",trans;gender;mocap_framerate;betas;dmpls;poses,
142,142,142/142_18_poses.npz,142_18_poses,,120.0,4897,40.80833333333333,male,"[4897, 156]","[4897, 3]",[16],"[4897, 8]",trans;gender;mocap_framerate;betas;dmpls;poses,
142,142,142/142_19_poses.npz,142_19_poses,,120.0,4493,37.44166666666667,male,"[4493, 156]","[4493, 3]",[16],"[4493, 8]",trans;gender;mocap_framerate;betas;dmpls;poses,
142,142,142/142_20_poses.npz,142_20_poses,,120.0,1534,12.783333333333333,male,"[1534, 156]","[1534, 3]",[16],"[1534, 8]",trans;gender;mocap_framerate;betas;dmpls;poses,
142,142,142/142_21_poses.npz,142_21_poses,,120.0,1412,11.766666666666667,male,"[1412, 156]","[1412, 3]",[16],"[1412, 8]",trans;gender;mocap_framerate;betas;dmpls;poses,
142,142,142/142_22_poses.npz,142_22_poses,,120.0,5221,43.50833333333333,male,"[5221, 156]","[5221, 3]",[16],"[5221, 8]",trans;gender;mocap_framerate;betas;dmpls;poses,
143,143,143/143_01_poses.npz,143_01_poses,,60.0,100,1.6666666666666667,female,"[100, 156]","[100, 3]",[16],"[100, 8]",trans;gender;mocap_framerate;betas;dmpls;poses,
143,143,143/143_02_poses.npz,143_02_poses,,60.0,208,3.466666666666667,female,"[208, 156]","[208, 3]",[16],"[208, 8]",trans;gender;mocap_framerate;betas;dmpls;poses,
143,143,143/143_03_poses.npz,143_03_poses,,60.0,239,3.9833333333333334,female,"[239, 156]","[239, 3]",[16],"[239, 8]",trans;gender;mocap_framerate;betas;dmpls;poses,
143,143,143/143_04_poses.npz,143_04_poses,,60.0,1085,18.083333333333332,female,"[1085, 156]","[1085, 3]",[16],"[1085, 8]",trans;gender;mocap_framerate;betas;dmpls;poses,
143,143,143/143_05_poses.npz,143_05_poses,,60.0,338,5.633333333333334,female,"[338, 156]","[338, 3]",[16],"[338, 8]",trans;gender;mocap_framerate;betas;dmpls;poses,
143,143,143/143_06_poses.npz,143_06_poses,,60.0,393,6.55,female,"[393, 156]","[393, 3]",[16],"[393, 8]",trans;gender;mocap_framerate;betas;dmpls;poses,
143,143,143/143_07_poses.npz,143_07_poses,,60.0,557,9.283333333333333,female,"[557, 156]","[557, 3]",[16],"[557, 8]",trans;gender;mocap_framerate;betas;dmpls;poses,
143,143,143/143_08_poses.npz,143_08_poses,,60.0,387,6.45,female,"[387, 156]","[387, 3]",[16],"[387, 8]",trans;gender;mocap_framerate;betas;dmpls;poses,
143,143,143/143_09_poses.npz,143_09_poses,,60.0,545,9.083333333333334,female,"[545, 156]","[545, 3]",[16],"[545, 8]",trans;gender;mocap_framerate;betas;dmpls;poses,
143,143,143/143_10_poses.npz,143_10_poses,,60.0,575,9.583333333333334,female,"[575, 156]","[575, 3]",[16],"[575, 8]",trans;gender;mocap_framerate;betas;dmpls;poses,
143,143,143/143_11_poses.npz,143_11_poses,,60.0,657,10.95,female,"[657, 156]","[657, 3]",[16],"[657, 8]",trans;gender;mocap_framerate;betas;dmpls;poses,
143,143,143/143_12_poses.npz,143_12_poses,,60.0,590,9.833333333333334,female,"[590, 156]","[590, 3]",[16],"[590, 8]",trans;gender;mocap_framerate;betas;dmpls;poses,
143,143,143/143_13_poses.npz,143_13_poses,,60.0,581,9.683333333333334,female,"[581, 156]","[581, 3]",[16],"[581, 8]",trans;gender;mocap_framerate;betas;dmpls;poses,
143,143,143/143_14_poses.npz,143_14_poses,,60.0,725,12.083333333333334,female,"[725, 156]","[725, 3]",[16],"[725, 8]",trans;gender;mocap_framerate;betas;dmpls;poses,
143,143,143/143_15_poses.npz,143_15_poses,,60.0,708,11.8,female,"[708, 156]","[708, 3]",[16],"[708, 8]",trans;gender;mocap_framerate;betas;dmpls;poses,
143,143,143/143_16_poses.npz,143_16_poses,,60.0,611,10.183333333333334,female,"[611, 156]","[611, 3]",[16],"[611, 8]",trans;gender;mocap_framerate;betas;dmpls;poses,
143,143,143/143_17_poses.npz,143_17_poses,,60.0,632,10.533333333333333,female,"[632, 156]","[632, 3]",[16],"[632, 8]",trans;gender;mocap_framerate;betas;dmpls;poses,
143,143,143/143_18_poses.npz,143_18_poses,,60.0,752,12.533333333333333,female,"[752, 156]","[752, 3]",[16],"[752, 8]",trans;gender;mocap_framerate;betas;dmpls;poses,
143,143,143/143_19_poses.npz,143_19_poses,,60.0,839,13.983333333333333,female,"[839, 156]","[839, 3]",[16],"[839, 8]",trans;gender;mocap_framerate;betas;dmpls;poses,
143,143,143/143_20_poses.npz,143_20_poses,,60.0,651,10.85,female,"[651, 156]","[651, 3]",[16],"[651, 8]",trans;gender;mocap_framerate;betas;dmpls;poses,
143,143,143/143_22_poses.npz,143_22_poses,,60.0,1091,18.183333333333334,female,"[1091, 156]","[1091, 3]",[16],"[1091, 8]",trans;gender;mocap_framerate;betas;dmpls;poses,
143,143,143/143_23_poses.npz,143_23_poses,,60.0,814,13.566666666666666,female,"[814, 156]","[814, 3]",[16],"[814, 8]",trans;gender;mocap_framerate;betas;dmpls;poses,
143,143,143/143_24_poses.npz,143_24_poses,,60.0,1005,16.75,female,"[1005, 156]","[1005, 3]",[16],"[1005, 8]",trans;gender;mocap_framerate;betas;dmpls;poses,
143,143,143/143_25_poses.npz,143_25_poses,,60.0,658,10.966666666666667,female,"[658, 156]","[658, 3]",[16],"[658, 8]",trans;gender;mocap_framerate;betas;dmpls;poses,
143,143,143/143_26_poses.npz,143_26_poses,,60.0,635,10.583333333333334,female,"[635, 156]","[635, 3]",[16],"[635, 8]",trans;gender;mocap_framerate;betas;dmpls;poses,
143,143,143/143_27_poses.npz,143_27_poses,,60.0,704,11.733333333333333,female,"[704, 156]","[704, 3]",[16],"[704, 8]",trans;gender;mocap_framerate;betas;dmpls;poses,
143,143,143/143_28_poses.npz,143_28_poses,,60.0,643,10.716666666666667,female,"[643, 156]","[643, 3]",[16],"[643, 8]",trans;gender;mocap_framerate;betas;dmpls;poses,
143,143,143/143_29_poses.npz,143_29_poses,,60.0,1080,18.0,female,"[1080, 156]","[1080, 3]",[16],"[1080, 8]",trans;gender;mocap_framerate;betas;dmpls;poses,
143,143,143/143_30_poses.npz,143_30_poses,,60.0,370,6.166666666666667,female,"[370, 156]","[370, 3]",[16],"[370, 8]",trans;gender;mocap_framerate;betas;dmpls;poses,
143,143,143/143_31_poses.npz,143_31_poses,,60.0,423,7.05,female,"[423, 156]","[423, 3]",[16],"[423, 8]",trans;gender;mocap_framerate;betas;dmpls;poses,
143,143,143/143_32_poses.npz,143_32_poses,,60.0,780,13.0,female,"[780, 156]","[780, 3]",[16],"[780, 8]",trans;gender;mocap_framerate;betas;dmpls;poses,
143,143,143/143_33_poses.npz,143_33_poses,,60.0,361,6.016666666666667,female,"[361, 156]","[361, 3]",[16],"[361, 8]",trans;gender;mocap_framerate;betas;dmpls;poses,
143,143,143/143_34_poses.npz,143_34_poses,,60.0,783,13.05,female,"[783, 156]","[783, 3]",[16],"[783, 8]",trans;gender;mocap_framerate;betas;dmpls;poses,
143,143,143/143_35_poses.npz,143_35_poses,,60.0,1279,21.316666666666666,female,"[1279, 156]","[1279, 3]",[16],"[1279, 8]",trans;gender;mocap_framerate;betas;dmpls;poses,
143,143,143/143_36_poses.npz,143_36_poses,,60.0,761,12.683333333333334,female,"[761, 156]","[761, 3]",[16],"[761, 8]",trans;gender;mocap_framerate;betas;dmpls;poses,
143,143,143/143_37_poses.npz,143_37_poses,,60.0,551,9.183333333333334,female,"[551, 156]","[551, 3]",[16],"[551, 8]",trans;gender;mocap_framerate;betas;dmpls;poses,
143,143,143/143_38_poses.npz,143_38_poses,,60.0,1317,21.95,female,"[1317, 156]","[1317, 3]",[16],"[1317, 8]",trans;gender;mocap_framerate;betas;dmpls;poses,
143,143,143/143_39_poses.npz,143_39_poses,,60.0,1083,18.05,female,"[1083, 156]","[1083, 3]",[16],"[1083, 8]",trans;gender;mocap_framerate;betas;dmpls;poses,
143,143,143/143_40_poses.npz,143_40_poses,,60.0,966,16.1,female,"[966, 156]","[966, 3]",[16],"[966, 8]",trans;gender;mocap_framerate;betas;dmpls;poses,
143,143,143/143_41_poses.npz,143_41_poses,,60.0,1167,19.45,female,"[1167, 156]","[1167, 3]",[16],"[1167, 8]",trans;gender;mocap_framerate;betas;dmpls;poses,
143,143,143/143_42_poses.npz,143_42_poses,,60.0,537,8.95,female,"[537, 156]","[537, 3]",[16],"[537, 8]",trans;gender;mocap_framerate;betas;dmpls;poses,
144,144,144/144_01_poses.npz,144_01_poses,,120.0,2459,20.491666666666667,female,"[2459, 156]","[2459, 3]",[16],"[2459, 8]",trans;gender;mocap_framerate;betas;dmpls;poses,
144,144,144/144_02_poses.npz,144_02_poses,,120.0,2324,19.366666666666667,female,"[2324, 156]","[2324, 3]",[16],"[2324, 8]",trans;gender;mocap_framerate;betas;dmpls;poses,
144,144,144/144_03_poses.npz,144_03_poses,,120.0,4479,37.325,female,"[4479, 156]","[4479, 3]",[16],"[4479, 8]",trans;gender;mocap_framerate;betas;dmpls;poses,
144,144,144/144_04_poses.npz,144_04_poses,,120.0,3874,32.28333333333333,female,"[3874, 156]","[3874, 3]",[16],"[3874, 8]",trans;gender;mocap_framerate;betas;dmpls;poses,
144,144,144/144_05_poses.npz,144_05_poses,,120.0,2786,23.216666666666665,female,"[2786, 156]","[2786, 3]",[16],"[2786, 8]",trans;gender;mocap_framerate;betas;dmpls;poses,
144,144,144/144_06_poses.npz,144_06_poses,,120.0,3633,30.275,female,"[3633, 156]","[3633, 3]",[16],"[3633, 8]",trans;gender;mocap_framerate;betas;dmpls;poses,
144,144,144/144_07_poses.npz,144_07_poses,,120.0,2448,20.4,female,"[2448, 156]","[2448, 3]",[16],"[2448, 8]",trans;gender;mocap_framerate;betas;dmpls;poses,
144,144,144/144_08_poses.npz,144_08_poses,,120.0,3001,25.008333333333333,female,"[3001, 156]","[3001, 3]",[16],"[3001, 8]",trans;gender;mocap_framerate;betas;dmpls;poses,
144,144,144/144_09_poses.npz,144_09_poses,,120.0,3382,28.183333333333334,female,"[3382, 156]","[3382, 3]",[16],"[3382, 8]",trans;gender;mocap_framerate;betas;dmpls;poses,
144,144,144/144_10_poses.npz,144_10_poses,,120.0,3498,29.15,female,"[3498, 156]","[3498, 3]",[16],"[3498, 8]",trans;gender;mocap_framerate;betas;dmpls;poses,
144,144,144/144_11_poses.npz,144_11_poses,,120.0,3429,28.575,female,"[3429, 156]","[3429, 3]",[16],"[3429, 8]",trans;gender;mocap_framerate;betas;dmpls;poses,
144,144,144/144_12_poses.npz,144_12_poses,,120.0,3319,27.658333333333335,female,"[3319, 156]","[3319, 3]",[16],"[3319, 8]",trans;gender;mocap_framerate;betas;dmpls;poses,
144,144,144/144_13_poses.npz,144_13_poses,,120.0,1946,16.216666666666665,female,"[1946, 156]","[1946, 3]",[16],"[1946, 8]",trans;gender;mocap_framerate;betas;dmpls;poses,
144,144,144/144_14_poses.npz,144_14_poses,,120.0,2055,17.125,female,"[2055, 156]","[2055, 3]",[16],"[2055, 8]",trans;gender;mocap_framerate;betas;dmpls;poses,
144,144,144/144_15_poses.npz,144_15_poses,,120.0,3302,27.516666666666666,female,"[3302, 156]","[3302, 3]",[16],"[3302, 8]",trans;gender;mocap_framerate;betas;dmpls;poses,
144,144,144/144_16_poses.npz,144_16_poses,,120.0,3088,25.733333333333334,female,"[3088, 156]","[3088, 3]",[16],"[3088, 8]",trans;gender;mocap_framerate;betas;dmpls;poses,
144,144,144/144_17_poses.npz,144_17_poses,,120.0,2820,23.5,female,"[2820, 156]","[2820, 3]",[16],"[2820, 8]",trans;gender;mocap_framerate;betas;dmpls;poses,
144,144,144/144_18_poses.npz,144_18_poses,,120.0,3096,25.8,female,"[3096, 156]","[3096, 3]",[16],"[3096, 8]",trans;gender;mocap_framerate;betas;dmpls;poses,
144,144,144/144_19_poses.npz,144_19_poses,,120.0,347,2.8916666666666666,female,"[347, 156]","[347, 3]",[16],"[347, 8]",trans;gender;mocap_framerate;betas;dmpls;poses,
144,144,144/144_20_poses.npz,144_20_poses,,120.0,2270,18.916666666666668,female,"[2270, 156]","[2270, 3]",[16],"[2270, 8]",trans;gender;mocap_framerate;betas;dmpls;poses,
144,144,144/144_21_poses.npz,144_21_poses,,120.0,1930,16.083333333333332,female,"[1930, 156]","[1930, 3]",[16],"[1930, 8]",trans;gender;mocap_framerate;betas;dmpls;poses,
144,144,144/144_22_poses.npz,144_22_poses,,120.0,3339,27.825,female,"[3339, 156]","[3339, 3]",[16],"[3339, 8]",trans;gender;mocap_framerate;betas;dmpls;poses,
144,144,144/144_23_poses.npz,144_23_poses,,120.0,3409,28.408333333333335,female,"[3409, 156]","[3409, 3]",[16],"[3409, 8]",trans;gender;mocap_framerate;betas;dmpls;poses,
144,144,144/144_24_poses.npz,144_24_poses,,120.0,4701,39.175,female,"[4701, 156]","[4701, 3]",[16],"[4701, 8]",trans;gender;mocap_framerate;betas;dmpls;poses,
144,144,144/144_26_poses.npz,144_26_poses,,120.0,3347,27.891666666666666,female,"[3347, 156]","[3347, 3]",[16],"[3347, 8]",trans;gender;mocap_framerate;betas;dmpls;poses,
144,144,144/144_27_poses.npz,144_27_poses,,120.0,2655,22.125,female,"[2655, 156]","[2655, 3]",[16],"[2655, 8]",trans;gender;mocap_framerate;betas;dmpls;poses,
144,144,144/144_28_poses.npz,144_28_poses,,120.0,2286,19.05,female,"[2286, 156]","[2286, 3]",[16],"[2286, 8]",trans;gender;mocap_framerate;betas;dmpls;poses,
144,144,144/144_29_poses.npz,144_29_poses,,120.0,3083,25.691666666666666,female,"[3083, 156]","[3083, 3]",[16],"[3083, 8]",trans;gender;mocap_framerate;betas;dmpls;poses,
144,144,144/144_32_poses.npz,144_32_poses,,120.0,5202,43.35,female,"[5202, 156]","[5202, 3]",[16],"[5202, 8]",trans;gender;mocap_framerate;betas;dmpls;poses,
144,144,144/144_34_poses.npz,144_34_poses,,120.0,4688,39.06666666666667,female,"[4688, 156]","[4688, 3]",[16],"[4688, 8]",trans;gender;mocap_framerate;betas;dmpls;poses,
15,15,15/15_01_poses.npz,15_01_poses,,120.0,5524,46.03333333333333,male,"[5524, 156]","[5524, 3]",[16],"[5524, 8]",trans;gender;mocap_framerate;betas;dmpls;poses,
15,15,15/15_02_poses.npz,15_02_poses,,120.0,21965,183.04166666666666,male,"[21965, 156]","[21965, 3]",[16],"[21965, 8]",trans;gender;mocap_framerate;betas;dmpls;poses,
15,15,15/15_03_poses.npz,15_03_poses,,120.0,12550,104.58333333333333,male,"[12550, 156]","[12550, 3]",[16],"[12550, 8]",trans;gender;mocap_framerate;betas;dmpls;poses,
15,15,15/15_04_poses.npz,15_04_poses,,120.0,22549,187.90833333333333,male,"[22549, 156]","[22549, 3]",[16],"[22549, 8]",trans;gender;mocap_framerate;betas;dmpls;poses,
15,15,15/15_05_poses.npz,15_05_poses,,120.0,22948,191.23333333333332,male,"[22948, 156]","[22948, 3]",[16],"[22948, 8]",trans;gender;mocap_framerate;betas;dmpls;poses,
15,15,15/15_06_poses.npz,15_06_poses,,120.0,3604,30.033333333333335,male,"[3604, 156]","[3604, 3]",[16],"[3604, 8]",trans;gender;mocap_framerate;betas;dmpls;poses,
15,15,15/15_07_poses.npz,15_07_poses,,120.0,5498,45.81666666666667,male,"[5498, 156]","[5498, 3]",[16],"[5498, 8]",trans;gender;mocap_framerate;betas;dmpls;poses,
15,15,15/15_08_poses.npz,15_08_poses,,120.0,3859,32.15833333333333,male,"[3859, 156]","[3859, 3]",[16],"[3859, 8]",trans;gender;mocap_framerate;betas;dmpls;poses,
15,15,15/15_09_poses.npz,15_09_poses,,120.0,7875,65.625,male,"[7875, 156]","[7875, 3]",[16],"[7875, 8]",trans;gender;mocap_framerate;betas;dmpls;poses,
15,15,15/15_10_poses.npz,15_10_poses,,120.0,2781,23.175,male,"[2781, 156]","[2781, 3]",[16],"[2781, 8]",trans;gender;mocap_framerate;betas;dmpls;poses,
15,15,15/15_11_poses.npz,15_11_poses,,120.0,9394,78.28333333333333,male,"[9394, 156]","[9394, 3]",[16],"[9394, 8]",trans;gender;mocap_framerate;betas;dmpls;poses,
15,15,15/15_12_poses.npz,15_12_poses,,120.0,9086,75.71666666666667,male,"[9086, 156]","[9086, 3]",[16],"[9086, 8]",trans;gender;mocap_framerate;betas;dmpls;poses,
15,15,15/15_13_poses.npz,15_13_poses,,120.0,9330,77.75,male,"[9330, 156]","[9330, 3]",[16],"[9330, 8]",trans;gender;mocap_framerate;betas;dmpls;poses,
15,15,15/15_14_poses.npz,15_14_poses,,120.0,8986,74.88333333333334,male,"[8986, 156]","[8986, 3]",[16],"[8986, 8]",trans;gender;mocap_framerate;betas;dmpls;poses,
16,16,16/16_34_poses.npz,16_34_poses,,120.0,347,2.8916666666666666,male,"[347, 156]","[347, 3]",[16],"[347, 8]",trans;gender;mocap_framerate;betas;dmpls;poses,
16,16,16/16_35_poses.npz,16_35_poses,,120.0,162,1.35,male,"[162, 156]","[162, 3]",[16],"[162, 8]",trans;gender;mocap_framerate;betas;dmpls;poses,
17,17,17/17_01_poses.npz,17_01_poses,,120.0,6305,52.541666666666664,male,"[6305, 156]","[6305, 3]",[16],"[6305, 8]",trans;gender;mocap_framerate;betas;dmpls;poses,
17,17,17/17_03_poses.npz,17_03_poses,,120.0,6353,52.94166666666667,male,"[6353, 156]","[6353, 3]",[16],"[6353, 8]",trans;gender;mocap_framerate;betas;dmpls;poses,
17,17,17/17_04_poses.npz,17_04_poses,,120.0,6383,53.19166666666667,male,"[6383, 156]","[6383, 3]",[16],"[6383, 8]",trans;gender;mocap_framerate;betas;dmpls;poses,
17,17,17/17_05_poses.npz,17_05_poses,,120.0,6339,52.825,male,"[6339, 156]","[6339, 3]",[16],"[6339, 8]",trans;gender;mocap_framerate;betas;dmpls;poses,
17,17,17/17_06_poses.npz,17_06_poses,,120.0,6200,51.666666666666664,male,"[6200, 156]","[6200, 3]",[16],"[6200, 8]",trans;gender;mocap_framerate;betas;dmpls;poses,
17,17,17/17_07_poses.npz,17_07_poses,,120.0,6426,53.55,male,"[6426, 156]","[6426, 3]",[16],"[6426, 8]",trans;gender;mocap_framerate;betas;dmpls;poses,
17,17,17/17_08_poses.npz,17_08_poses,,120.0,6179,51.49166666666667,male,"[6179, 156]","[6179, 3]",[16],"[6179, 8]",trans;gender;mocap_framerate;betas;dmpls;poses,
17,17,17/17_09_poses.npz,17_09_poses,,120.0,6079,50.65833333333333,male,"[6079, 156]","[6079, 3]",[16],"[6079, 8]",trans;gender;mocap_framerate;betas;dmpls;poses,
17,17,17/17_10_poses.npz,17_10_poses,,120.0,2783,23.191666666666666,male,"[2783, 156]","[2783, 3]",[16],"[2783, 8]",trans;gender;mocap_framerate;betas;dmpls;poses,
18_19_Justin,18_19_Justin,18_19_Justin/18_01_poses.npz,18_01_poses,,120.0,303,2.525,male,"[303, 156]","[303, 3]",[16],"[303, 8]",trans;gender;mocap_framerate;betas;dmpls;poses,
18_19_Justin,18_19_Justin,18_19_Justin/18_02_poses.npz,18_02_poses,,120.0,301,2.5083333333333333,male,"[301, 156]","[301, 3]",[16],"[301, 8]",trans;gender;mocap_framerate;betas;dmpls;poses,
18_19_Justin,18_19_Justin,18_19_Justin/18_03_poses.npz,18_03_poses,,120.0,592,4.933333333333334,male,"[592, 156]","[592, 3]",[16],"[592, 8]",trans;gender;mocap_framerate;betas;dmpls;poses,
18_19_Justin,18_19_Justin,18_19_Justin/18_04_poses.npz,18_04_poses,,120.0,405,3.375,male,"[405, 156]","[405, 3]",[16],"[405, 8]",trans;gender;mocap_framerate;betas;dmpls;poses,
18_19_Justin,18_19_Justin,18_19_Justin/18_06_poses.npz,18_06_poses,,120.0,407,3.3916666666666666,male,"[407, 156]","[407, 3]",[16],"[407, 8]",trans;gender;mocap_framerate;betas;dmpls;poses,
18_19_Justin,18_19_Justin,18_19_Justin/18_07_poses.npz,18_07_poses,,120.0,291,2.425,male,"[291, 156]","[291, 3]",[16],"[291, 8]",trans;gender;mocap_framerate;betas;dmpls;poses,
18_19_Justin,18_19_Justin,18_19_Justin/18_08_poses.npz,18_08_poses,,120.0,2086,17.383333333333333,male,"[2086, 156]","[2086, 3]",[16],"[2086, 8]",trans;gender;mocap_framerate;betas;dmpls;poses,
18_19_Justin,18_19_Justin,18_19_Justin/18_09_poses.npz,18_09_poses,,120.0,232,1.9333333333333333,male,"[232, 156]","[232, 3]",[16],"[232, 8]",trans;gender;mocap_framerate;betas;dmpls;poses,
18_19_Justin,18_19_Justin,18_19_Justin/18_10_poses.npz,18_10_poses,,120.0,1805,15.041666666666666,male,"[1805, 156]","[1805, 3]",[16],"[1805, 8]",trans;gender;mocap_framerate;betas;dmpls;poses,
18_19_Justin,18_19_Justin,18_19_Justin/18_11_poses.npz,18_11_poses,,120.0,1911,15.925,male,"[1911, 156]","[1911, 3]",[16],"[1911, 8]",trans;gender;mocap_framerate;betas;dmpls;poses,
18_19_Justin,18_19_Justin,18_19_Justin/18_13_poses.npz,18_13_poses,,120.0,466,3.8833333333333333,male,"[466, 156]","[466, 3]",[16],"[466, 8]",trans;gender;mocap_framerate;betas;dmpls;poses,
18_19_Justin,18_19_Justin,18_19_Justin/18_14_poses.npz,18_14_poses,,120.0,332,2.7666666666666666,male,"[332, 156]","[332, 3]",[16],"[332, 8]",trans;gender;mocap_framerate;betas;dmpls;poses,
18_19_Justin,18_19_Justin,18_19_Justin/18_15_poses.npz,18_15_poses,,120.0,1536,12.8,male,"[1536, 156]","[1536, 3]",[16],"[1536, 8]",trans;gender;mocap_framerate;betas;dmpls;poses,
18_19_rory,18_19_rory,18_19_rory/18_01_poses.npz,18_01_poses,,120.0,303,2.525,male,"[303, 156]","[303, 3]",[16],"[303, 8]",trans;gender;mocap_framerate;betas;dmpls;poses,
18_19_rory,18_19_rory,18_19_rory/18_03_poses.npz,18_03_poses,,120.0,592,4.933333333333334,male,"[592, 156]","[592, 3]",[16],"[592, 8]",trans;gender;mocap_framerate;betas;dmpls;poses,
18_19_rory,18_19_rory,18_19_rory/18_04_poses.npz,18_04_poses,,120.0,405,3.375,male,"[405, 156]","[405, 3]",[16],"[405, 8]",trans;gender;mocap_framerate;betas;dmpls;poses,
18_19_rory,18_19_rory,18_19_rory/18_06_poses.npz,18_06_poses,,120.0,407,3.3916666666666666,male,"[407, 156]","[407, 3]",[16],"[407, 8]",trans;gender;mocap_framerate;betas;dmpls;poses,
18_19_rory,18_19_rory,18_19_rory/18_07_poses.npz,18_07_poses,,120.0,291,2.425,male,"[291, 156]","[291, 3]",[16],"[291, 8]",trans;gender;mocap_framerate;betas;dmpls;poses,
18_19_rory,18_19_rory,18_19_rory/18_08_poses.npz,18_08_poses,,120.0,2086,17.383333333333333,male,"[2086, 156]","[2086, 3]",[16],"[2086, 8]",trans;gender;mocap_framerate;betas;dmpls;poses,
18_19_rory,18_19_rory,18_19_rory/18_09_poses.npz,18_09_poses,,120.0,232,1.9333333333333333,male,"[232, 156]","[232, 3]",[16],"[232, 8]",trans;gender;mocap_framerate;betas;dmpls;poses,
18_19_rory,18_19_rory,18_19_rory/18_10_poses.npz,18_10_poses,,120.0,1805,15.041666666666666,male,"[1805, 156]","[1805, 3]",[16],"[1805, 8]",trans;gender;mocap_framerate;betas;dmpls;poses,
18_19_rory,18_19_rory,18_19_rory/18_11_poses.npz,18_11_poses,,120.0,1911,15.925,male,"[1911, 156]","[1911, 3]",[16],"[1911, 8]",trans;gender;mocap_framerate;betas;dmpls;poses,
18_19_rory,18_19_rory,18_19_rory/18_12_poses.npz,18_12_poses,,120.0,1253,10.441666666666666,male,"[1253, 156]","[1253, 3]",[16],"[1253, 8]",trans;gender;mocap_framerate;betas;dmpls;poses,
18_19_rory,18_19_rory,18_19_rory/18_13_poses.npz,18_13_poses,,120.0,466,3.8833333333333333,male,"[466, 156]","[466, 3]",[16],"[466, 8]",trans;gender;mocap_framerate;betas;dmpls;poses,
18_19_rory,18_19_rory,18_19_rory/18_14_poses.npz,18_14_poses,,120.0,332,2.7666666666666666,male,"[332, 156]","[332, 3]",[16],"[332, 8]",trans;gender;mocap_framerate;betas;dmpls;poses,
18_19_rory,18_19_rory,18_19_rory/18_15_poses.npz,18_15_poses,,120.0,1536,12.8,male,"[1536, 156]","[1536, 3]",[16],"[1536, 8]",trans;gender;mocap_framerate;betas;dmpls;poses,
20_21_Justin1,20_21_Justin1,20_21_Justin1/20_01_poses.npz,20_01_poses,,120.0,1285,10.708333333333334,male,"[1285, 156]","[1285, 3]",[16],"[1285, 8]",trans;gender;mocap_framerate;betas;dmpls;poses,
20_21_Justin1,20_21_Justin1,20_21_Justin1/20_02_poses.npz,20_02_poses,,120.0,229,1.9083333333333334,male,"[229, 156]","[229, 3]",[16],"[229, 8]",trans;gender;mocap_framerate;betas;dmpls;poses,
20_21_Justin1,20_21_Justin1,20_21_Justin1/20_03_poses.npz,20_03_poses,,120.0,274,2.283333333333333,male,"[274, 156]","[274, 3]",[16],"[274, 8]",trans;gender;mocap_framerate;betas;dmpls;poses,
20_21_Justin1,20_21_Justin1,20_21_Justin1/20_04_poses.npz,20_04_poses,,120.0,248,2.066666666666667,male,"[248, 156]","[248, 3]",[16],"[248, 8]",trans;gender;mocap_framerate;betas;dmpls;poses,
20_21_Justin1,20_21_Justin1,20_21_Justin1/20_06_poses.npz,20_06_poses,,120.0,289,2.408333333333333,male,"[289, 156]","[289, 3]",[16],"[289, 8]",trans;gender;mocap_framerate;betas;dmpls;poses,
20_21_Justin1,20_21_Justin1,20_21_Justin1/20_07_poses.npz,20_07_poses,,120.0,243,2.025,male,"[243, 156]","[243, 3]",[16],"[243, 8]",trans;gender;mocap_framerate;betas;dmpls;poses,
20_21_Justin1,20_21_Justin1,20_21_Justin1/20_08_poses.npz,20_08_poses,,120.0,214,1.7833333333333334,male,"[214, 156]","[214, 3]",[16],"[214, 8]",trans;gender;mocap_framerate;betas;dmpls;poses,
20_21_Justin1,20_21_Justin1,20_21_Justin1/20_09_poses.npz,20_09_poses,,120.0,652,5.433333333333334,male,"[652, 156]","[652, 3]",[16],"[652, 8]",trans;gender;mocap_framerate;betas;dmpls;poses,
20_21_Justin1,20_21_Justin1,20_21_Justin1/20_10_poses.npz,20_10_poses,,120.0,519,4.325,male,"[519, 156]","[519, 3]",[16],"[519, 8]",trans;gender;mocap_framerate;betas;dmpls;poses,
20_21_Justin1,20_21_Justin1,20_21_Justin1/20_11_poses.npz,20_11_poses,,120.0,232,1.9333333333333333,male,"[232, 156]","[232, 3]",[16],"[232, 8]",trans;gender;mocap_framerate;betas;dmpls;poses,
20_21_Justin1,20_21_Justin1,20_21_Justin1/20_12_poses.npz,20_12_poses,,120.0,246,2.05,male,"[246, 156]","[246, 3]",[16],"[246, 8]",trans;gender;mocap_framerate;betas;dmpls;poses,
20_21_Justin1,20_21_Justin1,20_21_Justin1/20_13_poses.npz,20_13_poses,,120.0,1617,13.475,male,"[1617, 156]","[1617, 3]",[16],"[1617, 8]",trans;gender;mocap_framerate;betas;dmpls;poses,
20_21_rory1,20_21_rory1,20_21_rory1/20_01_poses.npz,20_01_poses,,120.0,1285,10.708333333333334,male,"[1285, 156]","[1285, 3]",[16],"[1285, 8]",trans;gender;mocap_framerate;betas;dmpls;poses,
20_21_rory1,20_21_rory1,20_21_rory1/20_02_poses.npz,20_02_poses,,120.0,229,1.9083333333333334,male,"[229, 156]","[229, 3]",[16],"[229, 8]",trans;gender;mocap_framerate;betas;dmpls;poses,
20_21_rory1,20_21_rory1,20_21_rory1/20_03_poses.npz,20_03_poses,,120.0,274,2.283333333333333,male,"[274, 156]","[274, 3]",[16],"[274, 8]",trans;gender;mocap_framerate;betas;dmpls;poses,
20_21_rory1,20_21_rory1,20_21_rory1/20_04_poses.npz,20_04_poses,,120.0,248,2.066666666666667,male,"[248, 156]","[248, 3]",[16],"[248, 8]",trans;gender;mocap_framerate;betas;dmpls;poses,
20_21_rory1,20_21_rory1,20_21_rory1/20_05_poses.npz,20_05_poses,,120.0,230,1.9166666666666667,male,"[230, 156]","[230, 3]",[16],"[230, 8]",trans;gender;mocap_framerate;betas;dmpls;poses,
20_21_rory1,20_21_rory1,20_21_rory1/20_06_poses.npz,20_06_poses,,120.0,289,2.408333333333333,male,"[289, 156]","[289, 3]",[16],"[289, 8]",trans;gender;mocap_framerate;betas;dmpls;poses,
20_21_rory1,20_21_rory1,20_21_rory1/20_07_poses.npz,20_07_poses,,120.0,243,2.025,male,"[243, 156]","[243, 3]",[16],"[243, 8]",trans;gender;mocap_framerate;betas;dmpls;poses,
20_21_rory1,20_21_rory1,20_21_rory1/20_08_poses.npz,20_08_poses,,120.0,214,1.7833333333333334,male,"[214, 156]","[214, 3]",[16],"[214, 8]",trans;gender;mocap_framerate;betas;dmpls;poses,
20_21_rory1,20_21_rory1,20_21_rory1/20_09_poses.npz,20_09_poses,,120.0,652,5.433333333333334,male,"[652, 156]","[652, 3]",[16],"[652, 8]",trans;gender;mocap_framerate;betas;dmpls;poses,
20_21_rory1,20_21_rory1,20_21_rory1/20_10_poses.npz,20_10_poses,,120.0,519,4.325,male,"[519, 156]","[519, 3]",[16],"[519, 8]",trans;gender;mocap_framerate;betas;dmpls;poses,
20_21_rory1,20_21_rory1,20_21_rory1/20_11_poses.npz,20_11_poses,,120.0,232,1.9333333333333333,male,"[232, 156]","[232, 3]",[16],"[232, 8]",trans;gender;mocap_framerate;betas;dmpls;poses,
20_21_rory1,20_21_rory1,20_21_rory1/20_12_poses.npz,20_12_poses,,120.0,246,2.05,male,"[246, 156]","[246, 3]",[16],"[246, 8]",trans;gender;mocap_framerate;betas;dmpls;poses,
20_21_rory1,20_21_rory1,20_21_rory1/20_13_poses.npz,20_13_poses,,120.0,1617,13.475,male,"[1617, 156]","[1617, 3]",[16],"[1617, 8]",trans;gender;mocap_framerate;betas;dmpls;poses,
22_23_justin,22_23_justin,22_23_justin/22_01_poses.npz,22_01_poses,,120.0,782,6.516666666666667,male,"[782, 156]","[782, 3]",[16],"[782, 8]",trans;gender;mocap_framerate;betas;dmpls;poses,
22_23_justin,22_23_justin,22_23_justin/22_02_poses.npz,22_02_poses,,120.0,472,3.933333333333333,male,"[472, 156]","[472, 3]",[16],"[472, 8]",trans;gender;mocap_framerate;betas;dmpls;poses,
22_23_justin,22_23_justin,22_23_justin/22_03_poses.npz,22_03_poses,,120.0,812,6.766666666666667,male,"[812, 156]","[812, 3]",[16],"[812, 8]",trans;gender;mocap_framerate;betas;dmpls;poses,
22_23_justin,22_23_justin,22_23_justin/22_04_poses.npz,22_04_poses,,120.0,520,4.333333333333333,male,"[520, 156]","[520, 3]",[16],"[520, 8]",trans;gender;mocap_framerate;betas;dmpls;poses,
22_23_justin,22_23_justin,22_23_justin/22_05_poses.npz,22_05_poses,,120.0,524,4.366666666666666,male,"[524, 156]","[524, 3]",[16],"[524, 8]",trans;gender;mocap_framerate;betas;dmpls;poses,
22_23_justin,22_23_justin,22_23_justin/22_06_poses.npz,22_06_poses,,120.0,503,4.191666666666666,male,"[503, 156]","[503, 3]",[16],"[503, 8]",trans;gender;mocap_framerate;betas;dmpls;poses,
22_23_justin,22_23_justin,22_23_justin/22_07_poses.npz,22_07_poses,,120.0,303,2.525,male,"[303, 156]","[303, 3]",[16],"[303, 8]",trans;gender;mocap_framerate;betas;dmpls;poses,
22_23_justin,22_23_justin,22_23_justin/22_08_poses.npz,22_08_poses,,120.0,226,1.8833333333333333,male,"[226, 156]","[226, 3]",[16],"[226, 8]",trans;gender;mocap_framerate;betas;dmpls;poses,
22_23_justin,22_23_justin,22_23_justin/22_09_poses.npz,22_09_poses,,120.0,538,4.483333333333333,male,"[538, 156]","[538, 3]",[16],"[538, 8]",trans;gender;mocap_framerate;betas;dmpls;poses,
22_23_justin,22_23_justin,22_23_justin/22_10_poses.npz,22_10_poses,,120.0,517,4.308333333333334,male,"[517, 156]","[517, 3]",[16],"[517, 8]",trans;gender;mocap_framerate;betas;dmpls;poses,
22_23_justin,22_23_justin,22_23_justin/22_11_poses.npz,22_11_poses,,120.0,541,4.508333333333334,male,"[541, 156]","[541, 3]",[16],"[541, 8]",trans;gender;mocap_framerate;betas;dmpls;poses,
22_23_justin,22_23_justin,22_23_justin/22_12_poses.npz,22_12_poses,,120.0,304,2.533333333333333,male,"[304, 156]","[304, 3]",[16],"[304, 8]",trans;gender;mocap_framerate;betas;dmpls;poses,
22_23_justin,22_23_justin,22_23_justin/22_13_poses.npz,22_13_poses,,120.0,919,7.658333333333333,male,"[919, 156]","[919, 3]",[16],"[919, 8]",trans;gender;mocap_framerate;betas;dmpls;poses,
22_23_justin,22_23_justin,22_23_justin/22_14_poses.npz,22_14_poses,,120.0,707,5.891666666666667,male,"[707, 156]","[707, 3]",[16],"[707, 8]",trans;gender;mocap_framerate;betas;dmpls;poses,
22_23_justin,22_23_justin,22_23_justin/22_15_poses.npz,22_15_poses,,120.0,495,4.125,male,"[495, 156]","[495, 3]",[16],"[495, 8]",trans;gender;mocap_framerate;betas;dmpls;poses,
22_23_justin,22_23_justin,22_23_justin/22_16_poses.npz,22_16_poses,,120.0,432,3.6,male,"[432, 156]","[432, 3]",[16],"[432, 8]",trans;gender;mocap_framerate;betas;dmpls;poses,
22_23_justin,22_23_justin,22_23_justin/22_17_poses.npz,22_17_poses,,120.0,832,6.933333333333334,male,"[832, 156]","[832, 3]",[16],"[832, 8]",trans;gender;mocap_framerate;betas;dmpls;poses,
22_23_justin,22_23_justin,22_23_justin/22_18_poses.npz,22_18_poses,,120.0,538,4.483333333333333,male,"[538, 156]","[538, 3]",[16],"[538, 8]",trans;gender;mocap_framerate;betas;dmpls;poses,
22_23_justin,22_23_justin,22_23_justin/22_19_poses.npz,22_19_poses,,120.0,480,4.0,male,"[480, 156]","[480, 3]",[16],"[480, 8]",trans;gender;mocap_framerate;betas;dmpls;poses,
22_23_justin,22_23_justin,22_23_justin/22_20_poses.npz,22_20_poses,,120.0,376,3.1333333333333333,male,"[376, 156]","[376, 3]",[16],"[376, 8]",trans;gender;mocap_framerate;betas;dmpls;poses,
22_23_justin,22_23_justin,22_23_justin/22_21_poses.npz,22_21_poses,,120.0,389,3.2416666666666667,male,"[389, 156]","[389, 3]",[16],"[389, 8]",trans;gender;mocap_framerate;betas;dmpls;poses,
22_23_justin,22_23_justin,22_23_justin/22_22_poses.npz,22_22_poses,,120.0,181,1.5083333333333333,male,"[181, 156]","[181, 3]",[16],"[181, 8]",trans;gender;mocap_framerate;betas;dmpls;poses,
22_23_justin,22_23_justin,22_23_justin/22_23_poses.npz,22_23_poses,,120.0,215,1.7916666666666667,male,"[215, 156]","[215, 3]",[16],"[215, 8]",trans;gender;mocap_framerate;betas;dmpls;poses,
22_23_justin,22_23_justin,22_23_justin/22_24_poses.npz,22_24_poses,,120.0,214,1.7833333333333334,male,"[214, 156]","[214, 3]",[16],"[214, 8]",trans;gender;mocap_framerate;betas;dmpls;poses,
22_23_Rory,22_23_Rory,22_23_Rory/22_01_poses.npz,22_01_poses,,120.0,782,6.516666666666667,male,"[782, 156]","[782, 3]",[16],"[782, 8]",trans;gender;mocap_framerate;betas;dmpls;poses,
22_23_Rory,22_23_Rory,22_23_Rory/22_02_poses.npz,22_02_poses,,120.0,472,3.933333333333333,male,"[472, 156]","[472, 3]",[16],"[472, 8]",trans;gender;mocap_framerate;betas;dmpls;poses,
22_23_Rory,22_23_Rory,22_23_Rory/22_03_poses.npz,22_03_poses,,120.0,812,6.766666666666667,male,"[812, 156]","[812, 3]",[16],"[812, 8]",trans;gender;mocap_framerate;betas;dmpls;poses,
22_23_Rory,22_23_Rory,22_23_Rory/22_04_poses.npz,22_04_poses,,120.0,520,4.333333333333333,male,"[520, 156]","[520, 3]",[16],"[520, 8]",trans;gender;mocap_framerate;betas;dmpls;poses,
22_23_Rory,22_23_Rory,22_23_Rory/22_05_poses.npz,22_05_poses,,120.0,524,4.366666666666666,male,"[524, 156]","[524, 3]",[16],"[524, 8]",trans;gender;mocap_framerate;betas;dmpls;poses,
22_23_Rory,22_23_Rory,22_23_Rory/22_06_poses.npz,22_06_poses,,120.0,503,4.191666666666666,male,"[503, 156]","[503, 3]",[16],"[503, 8]",trans;gender;mocap_framerate;betas;dmpls;poses,
22_23_Rory,22_23_Rory,22_23_Rory/22_07_poses.npz,22_07_poses,,120.0,303,2.525,male,"[303, 156]","[303, 3]",[16],"[303, 8]",trans;gender;mocap_framerate;betas;dmpls;poses,
22_23_Rory,22_23_Rory,22_23_Rory/22_08_poses.npz,22_08_poses,,120.0,226,1.8833333333333333,male,"[226, 156]","[226, 3]",[16],"[226, 8]",trans;gender;mocap_framerate;betas;dmpls;poses,
22_23_Rory,22_23_Rory,22_23_Rory/22_10_poses.npz,22_10_poses,,120.0,517,4.308333333333334,male,"[517, 156]","[517, 3]",[16],"[517, 8]",trans;gender;mocap_framerate;betas;dmpls;poses,
22_23_Rory,22_23_Rory,22_23_Rory/22_11_poses.npz,22_11_poses,,120.0,541,4.508333333333334,male,"[541, 156]","[541, 3]",[16],"[541, 8]",trans;gender;mocap_framerate;betas;dmpls;poses,
22_23_Rory,22_23_Rory,22_23_Rory/22_12_poses.npz,22_12_poses,,120.0,304,2.533333333333333,male,"[304, 156]","[304, 3]",[16],"[304, 8]",trans;gender;mocap_framerate;betas;dmpls;poses,
22_23_Rory,22_23_Rory,22_23_Rory/22_13_poses.npz,22_13_poses,,120.0,919,7.658333333333333,male,"[919, 156]","[919, 3]",[16],"[919, 8]",trans;gender;mocap_framerate;betas;dmpls;poses,
22_23_Rory,22_23_Rory,22_23_Rory/22_14_poses.npz,22_14_poses,,120.0,707,5.891666666666667,male,"[707, 156]","[707, 3]",[16],"[707, 8]",trans;gender;mocap_framerate;betas;dmpls;poses,
22_23_Rory,22_23_Rory,22_23_Rory/22_15_poses.npz,22_15_poses,,120.0,495,4.125,male,"[495, 156]","[495, 3]",[16],"[495, 8]",trans;gender;mocap_framerate;betas;dmpls;poses,
22_23_Rory,22_23_Rory,22_23_Rory/22_16_poses.npz,22_16_poses,,120.0,432,3.6,male,"[432, 156]","[432, 3]",[16],"[432, 8]",trans;gender;mocap_framerate;betas;dmpls;poses,
22_23_Rory,22_23_Rory,22_23_Rory/22_17_poses.npz,22_17_poses,,120.0,832,6.933333333333334,male,"[832, 156]","[832, 3]",[16],"[832, 8]",trans;gender;mocap_framerate;betas;dmpls;poses,
22_23_Rory,22_23_Rory,22_23_Rory/22_18_poses.npz,22_18_poses,,120.0,538,4.483333333333333,male,"[538, 156]","[538, 3]",[16],"[538, 8]",trans;gender;mocap_framerate;betas;dmpls;poses,
22_23_Rory,22_23_Rory,22_23_Rory/22_19_poses.npz,22_19_poses,,120.0,480,4.0,male,"[480, 156]","[480, 3]",[16],"[480, 8]",trans;gender;mocap_framerate;betas;dmpls;poses,
22_23_Rory,22_23_Rory,22_23_Rory/22_20_poses.npz,22_20_poses,,120.0,376,3.1333333333333333,male,"[376, 156]","[376, 3]",[16],"[376, 8]",trans;gender;mocap_framerate;betas;dmpls;poses,
22_23_Rory,22_23_Rory,22_23_Rory/22_21_poses.npz,22_21_poses,,120.0,389,3.2416666666666667,male,"[389, 156]","[389, 3]",[16],"[389, 8]",trans;gender;mocap_framerate;betas;dmpls;poses,
22_23_Rory,22_23_Rory,22_23_Rory/22_22_poses.npz,22_22_poses,,120.0,181,1.5083333333333333,male,"[181, 156]","[181, 3]",[16],"[181, 8]",trans;gender;mocap_framerate;betas;dmpls;poses,
22_23_Rory,22_23_Rory,22_23_Rory/22_23_poses.npz,22_23_poses,,120.0,215,1.7916666666666667,male,"[215, 156]","[215, 3]",[16],"[215, 8]",trans;gender;mocap_framerate;betas;dmpls;poses,
22_23_Rory,22_23_Rory,22_23_Rory/22_24_poses.npz,22_24_poses,,120.0,214,1.7833333333333334,male,"[214, 156]","[214, 3]",[16],"[214, 8]",trans;gender;mocap_framerate;betas;dmpls;poses,
22_23_Rory,22_23_Rory,22_23_Rory/22_25_poses.npz,22_25_poses,,120.0,175,1.4583333333333333,male,"[175, 156]","[175, 3]",[16],"[175, 8]",trans;gender;mocap_framerate;betas;dmpls;poses,
24,24,24/24_01_poses.npz,24_01_poses,,120.0,2072,17.266666666666666,female,"[2072, 156]","[2072, 3]",[16],"[2072, 8]",trans;gender;mocap_framerate;betas;dmpls;poses,
25,25,25/25_01_poses.npz,25_01_poses,,120.0,1618,13.483333333333333,male,"[1618, 156]","[1618, 3]",[16],"[1618, 8]",trans;gender;mocap_framerate;betas;dmpls;poses,
26,26,26/26_01_poses.npz,26_01_poses,,120.0,884,7.366666666666666,male,"[884, 156]","[884, 3]",[16],"[884, 8]",trans;gender;mocap_framerate;betas;dmpls;poses,
26,26,26/26_02_poses.npz,26_02_poses,,120.0,6058,50.483333333333334,male,"[6058, 156]","[6058, 3]",[16],"[6058, 8]",trans;gender;mocap_framerate;betas;dmpls;poses,
26,26,26/26_03_poses.npz,26_03_poses,,120.0,2238,18.65,male,"[2238, 156]","[2238, 3]",[16],"[2238, 8]",trans;gender;mocap_framerate;betas;dmpls;poses,
26,26,26/26_05_poses.npz,26_05_poses,,120.0,3635,30.291666666666668,male,"[3635, 156]","[3635, 3]",[16],"[3635, 8]",trans;gender;mocap_framerate;betas;dmpls;poses,
26,26,26/26_10_poses.npz,26_10_poses,,120.0,697,5.808333333333334,male,"[697, 156]","[697, 3]",[16],"[697, 8]",trans;gender;mocap_framerate;betas;dmpls;poses,
27,27,27/27_01_poses.npz,27_01_poses,,120.0,1033,8.608333333333333,male,"[1033, 156]","[1033, 3]",[16],"[1033, 8]",trans;gender;mocap_framerate;betas;dmpls;poses,
27,27,27/27_02_poses.npz,27_02_poses,,120.0,3565,29.708333333333332,male,"[3565, 156]","[3565, 3]",[16],"[3565, 8]",trans;gender;mocap_framerate;betas;dmpls;poses,
27,27,27/27_03_poses.npz,27_03_poses,,120.0,2150,17.916666666666668,male,"[2150, 156]","[2150, 3]",[16],"[2150, 8]",trans;gender;mocap_framerate;betas;dmpls;poses,
27,27,27/27_04_poses.npz,27_04_poses,,120.0,3644,30.366666666666667,male,"[3644, 156]","[3644, 3]",[16],"[3644, 8]",trans;gender;mocap_framerate;betas;dmpls;poses,
27,27,27/27_05_poses.npz,27_05_poses,,120.0,7722,64.35,male,"[7722, 156]","[7722, 3]",[16],"[7722, 8]",trans;gender;mocap_framerate;betas;dmpls;poses,
27,27,27/27_06_poses.npz,27_06_poses,,120.0,2870,23.916666666666668,male,"[2870, 156]","[2870, 3]",[16],"[2870, 8]",trans;gender;mocap_framerate;betas;dmpls;poses,
27,27,27/27_07_poses.npz,27_07_poses,,120.0,1791,14.925,male,"[1791, 156]","[1791, 3]",[16],"[1791, 8]",trans;gender;mocap_framerate;betas;dmpls;poses,
27,27,27/27_08_poses.npz,27_08_poses,,120.0,3511,29.258333333333333,male,"[3511, 156]","[3511, 3]",[16],"[3511, 8]",trans;gender;mocap_framerate;betas;dmpls;poses,
27,27,27/27_09_poses.npz,27_09_poses,,120.0,3775,31.458333333333332,male,"[3775, 156]","[3775, 3]",[16],"[3775, 8]",trans;gender;mocap_framerate;betas;dmpls;poses,
27,27,27/27_10_poses.npz,27_10_poses,,120.0,7798,64.98333333333333,male,"[7798, 156]","[7798, 3]",[16],"[7798, 8]",trans;gender;mocap_framerate;betas;dmpls;poses,
27,27,27/27_11_poses.npz,27_11_poses,,120.0,1937,16.141666666666666,male,"[1937, 156]","[1937, 3]",[16],"[1937, 8]",trans;gender;mocap_framerate;betas;dmpls;poses,
28,28,28/28_01_poses.npz,28_01_poses,,120.0,3129,26.075,female,"[3129, 156]","[3129, 3]",[16],"[3129, 8]",trans;gender;mocap_framerate;betas;dmpls;poses,
28,28,28/28_02_poses.npz,28_02_poses,,120.0,2055,17.125,female,"[2055, 156]","[2055, 3]",[16],"[2055, 8]",trans;gender;mocap_framerate;betas;dmpls;poses,
28,28,28/28_03_poses.npz,28_03_poses,,120.0,3772,31.433333333333334,female,"[3772, 156]","[3772, 3]",[16],"[3772, 8]",trans;gender;mocap_framerate;betas;dmpls;poses,
28,28,28/28_04_poses.npz,28_04_poses,,120.0,7898,65.81666666666666,female,"[7898, 156]","[7898, 3]",[16],"[7898, 8]",trans;gender;mocap_framerate;betas;dmpls;poses,
28,28,28/28_05_poses.npz,28_05_poses,,120.0,3243,27.025,female,"[3243, 156]","[3243, 3]",[16],"[3243, 8]",trans;gender;mocap_framerate;betas;dmpls;poses,
28,28,28/28_06_poses.npz,28_06_poses,,120.0,2213,18.441666666666666,female,"[2213, 156]","[2213, 3]",[16],"[2213, 8]",trans;gender;mocap_framerate;betas;dmpls;poses,
28,28,28/28_07_poses.npz,28_07_poses,,120.0,3658,30.483333333333334,female,"[3658, 156]","[3658, 3]",[16],"[3658, 8]",trans;gender;mocap_framerate;betas;dmpls;poses,
28,28,28/28_09_poses.npz,28_09_poses,,120.0,1713,14.275,female,"[1713, 156]","[1713, 3]",[16],"[1713, 8]",trans;gender;mocap_framerate;betas;dmpls;poses,
28,28,28/28_10_poses.npz,28_10_poses,,120.0,2075,17.291666666666668,female,"[2075, 156]","[2075, 3]",[16],"[2075, 8]",trans;gender;mocap_framerate;betas;dmpls;poses,
28,28,28/28_11_poses.npz,28_11_poses,,120.0,6616,55.13333333333333,female,"[6616, 156]","[6616, 3]",[16],"[6616, 8]",trans;gender;mocap_framerate;betas;dmpls;poses,
28,28,28/28_12_poses.npz,28_12_poses,,120.0,5147,42.891666666666666,female,"[5147, 156]","[5147, 3]",[16],"[5147, 8]",trans;gender;mocap_framerate;betas;dmpls;poses,
28,28,28/28_13_poses.npz,28_13_poses,,120.0,5889,49.075,female,"[5889, 156]","[5889, 3]",[16],"[5889, 8]",trans;gender;mocap_framerate;betas;dmpls;poses,
28,28,28/28_14_poses.npz,28_14_poses,,120.0,3742,31.183333333333334,female,"[3742, 156]","[3742, 3]",[16],"[3742, 8]",trans;gender;mocap_framerate;betas;dmpls;poses,
28,28,28/28_15_poses.npz,28_15_poses,,120.0,3443,28.691666666666666,female,"[3443, 156]","[3443, 3]",[16],"[3443, 8]",trans;gender;mocap_framerate;betas;dmpls;poses,
28,28,28/28_16_poses.npz,28_16_poses,,120.0,5601,46.675,female,"[5601, 156]","[5601, 3]",[16],"[5601, 8]",trans;gender;mocap_framerate;betas;dmpls;poses,
28,28,28/28_17_poses.npz,28_17_poses,,120.0,5338,44.483333333333334,female,"[5338, 156]","[5338, 3]",[16],"[5338, 8]",trans;gender;mocap_framerate;betas;dmpls;poses,
28,28,28/28_19_poses.npz,28_19_poses,,120.0,4522,37.68333333333333,female,"[4522, 156]","[4522, 3]",[16],"[4522, 8]",trans;gender;mocap_framerate;betas;dmpls;poses,
29,29,29/29_01_poses.npz,29_01_poses,,120.0,1316,10.966666666666667,male,"[1316, 156]","[1316, 3]",[16],"[1316, 8]",trans;gender;mocap_framerate;betas;dmpls;poses,
29,29,29/29_02_poses.npz,29_02_poses,,120.0,3119,25.991666666666667,male,"[3119, 156]","[3119, 3]",[16],"[3119, 8]",trans;gender;mocap_framerate;betas;dmpls;poses,
29,29,29/29_03_poses.npz,29_03_poses,,120.0,2260,18.833333333333332,male,"[2260, 156]","[2260, 3]",[16],"[2260, 8]",trans;gender;mocap_framerate;betas;dmpls;poses,
29,29,29/29_04_poses.npz,29_04_poses,,120.0,3833,31.941666666666666,male,"[3833, 156]","[3833, 3]",[16],"[3833, 8]",trans;gender;mocap_framerate;betas;dmpls;poses,
29,29,29/29_05_poses.npz,29_05_poses,,120.0,3718,30.983333333333334,male,"[3718, 156]","[3718, 3]",[16],"[3718, 8]",trans;gender;mocap_framerate;betas;dmpls;poses,
29,29,29/29_06_poses.npz,29_06_poses,,120.0,8042,67.01666666666667,male,"[8042, 156]","[8042, 3]",[16],"[8042, 8]",trans;gender;mocap_framerate;betas;dmpls;poses,
29,29,29/29_07_poses.npz,29_07_poses,,120.0,3150,26.25,male,"[3150, 156]","[3150, 3]",[16],"[3150, 8]",trans;gender;mocap_framerate;betas;dmpls;poses,
29,29,29/29_08_poses.npz,29_08_poses,,120.0,2284,19.033333333333335,male,"[2284, 156]","[2284, 3]",[16],"[2284, 8]",trans;gender;mocap_framerate;betas;dmpls;poses,
29,29,29/29_09_poses.npz,29_09_poses,,120.0,3737,31.141666666666666,male,"[3737, 156]","[3737, 3]",[16],"[3737, 8]",trans;gender;mocap_framerate;betas;dmpls;poses,
29,29,29/29_10_poses.npz,29_10_poses,,120.0,7951,66.25833333333334,male,"[7951, 156]","[7951, 3]",[16],"[7951, 8]",trans;gender;mocap_framerate;betas;dmpls;poses,
29,29,29/29_11_poses.npz,29_11_poses,,120.0,3720,31.0,male,"[3720, 156]","[3720, 3]",[16],"[3720, 8]",trans;gender;mocap_framerate;betas;dmpls;poses,
29,29,29/29_12_poses.npz,29_12_poses,,120.0,15024,125.2,male,"[15024, 156]","[15024, 3]",[16],"[15024, 8]",trans;gender;mocap_framerate;betas;dmpls;poses,
29,29,29/29_13_poses.npz,29_13_poses,,120.0,14667,122.225,male,"[14667, 156]","[14667, 3]",[16],"[14667, 8]",trans;gender;mocap_framerate;betas;dmpls;poses,
29,29,29/29_14_poses.npz,29_14_poses,,120.0,3377,28.141666666666666,male,"[3377, 156]","[3377, 3]",[16],"[3377, 8]",trans;gender;mocap_framerate;betas;dmpls;poses,
29,29,29/29_15_poses.npz,29_15_poses,,120.0,4428,36.9,male,"[4428, 156]","[4428, 3]",[16],"[4428, 8]",trans;gender;mocap_framerate;betas;dmpls;poses,
29,29,29/29_16_poses.npz,29_16_poses,,120.0,4433,36.94166666666667,male,"[4433, 156]","[4433, 3]",[16],"[4433, 8]",trans;gender;mocap_framerate;betas;dmpls;poses,
29,29,29/29_17_poses.npz,29_17_poses,,120.0,4306,35.88333333333333,male,"[4306, 156]","[4306, 3]",[16],"[4306, 8]",trans;gender;mocap_framerate;betas;dmpls;poses,
29,29,29/29_18_poses.npz,29_18_poses,,120.0,5960,49.666666666666664,male,"[5960, 156]","[5960, 3]",[16],"[5960, 8]",trans;gender;mocap_framerate;betas;dmpls;poses,
29,29,29/29_19_poses.npz,29_19_poses,,120.0,3565,29.708333333333332,male,"[3565, 156]","[3565, 3]",[16],"[3565, 8]",trans;gender;mocap_framerate;betas;dmpls;poses,
29,29,29/29_20_poses.npz,29_20_poses,,120.0,3727,31.058333333333334,male,"[3727, 156]","[3727, 3]",[16],"[3727, 8]",trans;gender;mocap_framerate;betas;dmpls;poses,
29,29,29/29_21_poses.npz,29_21_poses,,120.0,3995,33.291666666666664,male,"[3995, 156]","[3995, 3]",[16],"[3995, 8]",trans;gender;mocap_framerate;betas;dmpls;poses,
29,29,29/29_22_poses.npz,29_22_poses,,120.0,3261,27.175,male,"[3261, 156]","[3261, 3]",[16],"[3261, 8]",trans;gender;mocap_framerate;betas;dmpls;poses,
29,29,29/29_23_poses.npz,29_23_poses,,120.0,4585,38.208333333333336,male,"[4585, 156]","[4585, 3]",[16],"[4585, 8]",trans;gender;mocap_framerate;betas;dmpls;poses,
29,29,29/29_24_poses.npz,29_24_poses,,120.0,4252,35.43333333333333,male,"[4252, 156]","[4252, 3]",[16],"[4252, 8]",trans;gender;mocap_framerate;betas;dmpls;poses,
29,29,29/29_25_poses.npz,29_25_poses,,120.0,4446,37.05,male,"[4446, 156]","[4446, 3]",[16],"[4446, 8]",trans;gender;mocap_framerate;betas;dmpls;poses,
30,30,30/30_01_poses.npz,30_01_poses,,120.0,3231,26.925,female,"[3231, 156]","[3231, 3]",[16],"[3231, 8]",trans;gender;mocap_framerate;betas;dmpls;poses,
30,30,30/30_02_poses.npz,30_02_poses,,120.0,2382,19.85,female,"[2382, 156]","[2382, 3]",[16],"[2382, 8]",trans;gender;mocap_framerate;betas;dmpls;poses,
30,30,30/30_03_poses.npz,30_03_poses,,120.0,4174,34.78333333333333,female,"[4174, 156]","[4174, 3]",[16],"[4174, 8]",trans;gender;mocap_framerate;betas;dmpls;poses,
30,30,30/30_04_poses.npz,30_04_poses,,120.0,3701,30.841666666666665,female,"[3701, 156]","[3701, 3]",[16],"[3701, 8]",trans;gender;mocap_framerate;betas;dmpls;poses,
30,30,30/30_06_poses.npz,30_06_poses,,120.0,8040,67.0,female,"[8040, 156]","[8040, 3]",[16],"[8040, 8]",trans;gender;mocap_framerate;betas;dmpls;poses,
30,30,30/30_07_poses.npz,30_07_poses,,120.0,3157,26.308333333333334,female,"[3157, 156]","[3157, 3]",[16],"[3157, 8]",trans;gender;mocap_framerate;betas;dmpls;poses,
30,30,30/30_08_poses.npz,30_08_poses,,120.0,2194,18.283333333333335,female,"[2194, 156]","[2194, 3]",[16],"[2194, 8]",trans;gender;mocap_framerate;betas;dmpls;poses,
30,30,30/30_09_poses.npz,30_09_poses,,120.0,3759,31.325,female,"[3759, 156]","[3759, 3]",[16],"[3759, 8]",trans;gender;mocap_framerate;betas;dmpls;poses,
30,30,30/30_10_poses.npz,30_10_poses,,120.0,7972,66.43333333333334,female,"[7972, 156]","[7972, 3]",[16],"[7972, 8]",trans;gender;mocap_framerate;betas;dmpls;poses,
30,30,30/30_11_poses.npz,30_11_poses,,120.0,14909,124.24166666666666,female,"[14909, 156]","[14909, 3]",[16],"[14909, 8]",trans;gender;mocap_framerate;betas;dmpls;poses,
30,30,30/30_12_poses.npz,30_12_poses,,120.0,14762,123.01666666666667,female,"[14762, 156]","[14762, 3]",[16],"[14762, 8]",trans;gender;mocap_framerate;betas;dmpls;poses,
30,30,30/30_13_poses.npz,30_13_poses,,120.0,1965,16.375,female,"[1965, 156]","[1965, 3]",[16],"[1965, 8]",trans;gender;mocap_framerate;betas;dmpls;poses,
30,30,30/30_14_poses.npz,30_14_poses,,120.0,2575,21.458333333333332,female,"[2575, 156]","[2575, 3]",[16],"[2575, 8]",trans;gender;mocap_framerate;betas;dmpls;poses,
30,30,30/30_15_poses.npz,30_15_poses,,120.0,3216,26.8,female,"[3216, 156]","[3216, 3]",[16],"[3216, 8]",trans;gender;mocap_framerate;betas;dmpls;poses,
30,30,30/30_16_poses.npz,30_16_poses,,120.0,3620,30.166666666666668,female,"[3620, 156]","[3620, 3]",[16],"[3620, 8]",trans;gender;mocap_framerate;betas;dmpls;poses,
30,30,30/30_17_poses.npz,30_17_poses,,120.0,2902,24.183333333333334,female,"[2902, 156]","[2902, 3]",[16],"[2902, 8]",trans;gender;mocap_framerate;betas;dmpls;poses,
30,30,30/30_18_poses.npz,30_18_poses,,120.0,3567,29.725,female,"[3567, 156]","[3567, 3]",[16],"[3567, 8]",trans;gender;mocap_framerate;betas;dmpls;poses,
30,30,30/30_19_poses.npz,30_19_poses,,120.0,4094,34.11666666666667,female,"[4094, 156]","[4094, 3]",[16],"[4094, 8]",trans;gender;mocap_framerate;betas;dmpls;poses,
30,30,30/30_20_poses.npz,30_20_poses,,120.0,3419,28.491666666666667,female,"[3419, 156]","[3419, 3]",[16],"[3419, 8]",trans;gender;mocap_framerate;betas;dmpls;poses,
30,30,30/30_21_poses.npz,30_21_poses,,120.0,4086,34.05,female,"[4086, 156]","[4086, 3]",[16],"[4086, 8]",trans;gender;mocap_framerate;betas;dmpls;poses,
30,30,30/30_22_poses.npz,30_22_poses,,120.0,3286,27.383333333333333,female,"[3286, 156]","[3286, 3]",[16],"[3286, 8]",trans;gender;mocap_framerate;betas;dmpls;poses,
30,30,30/30_23_poses.npz,30_23_poses,,120.0,3923,32.69166666666667,female,"[3923, 156]","[3923, 3]",[16],"[3923, 8]",trans;gender;mocap_framerate;betas;dmpls;poses,
31,31,31/31_01_poses.npz,31_01_poses,,120.0,3955,32.958333333333336,male,"[3955, 156]","[3955, 3]",[16],"[3955, 8]",trans;gender;mocap_framerate;betas;dmpls;poses,
31,31,31/31_02_poses.npz,31_02_poses,,120.0,2272,18.933333333333334,male,"[2272, 156]","[2272, 3]",[16],"[2272, 8]",trans;gender;mocap_framerate;betas;dmpls;poses,
31,31,31/31_03_poses.npz,31_03_poses,,120.0,3700,30.833333333333332,male,"[3700, 156]","[3700, 3]",[16],"[3700, 8]",trans;gender;mocap_framerate;betas;dmpls;poses,
31,31,31/31_05_poses.npz,31_05_poses,,120.0,3181,26.508333333333333,male,"[3181, 156]","[3181, 3]",[16],"[3181, 8]",trans;gender;mocap_framerate;betas;dmpls;poses,
31,31,31/31_06_poses.npz,31_06_poses,,120.0,2111,17.591666666666665,male,"[2111, 156]","[2111, 3]",[16],"[2111, 8]",trans;gender;mocap_framerate;betas;dmpls;poses,
31,31,31/31_07_poses.npz,31_07_poses,,120.0,3693,30.775,male,"[3693, 156]","[3693, 3]",[16],"[3693, 8]",trans;gender;mocap_framerate;betas;dmpls;poses,
31,31,31/31_08_poses.npz,31_08_poses,,120.0,7862,65.51666666666667,male,"[7862, 156]","[7862, 3]",[16],"[7862, 8]",trans;gender;mocap_framerate;betas;dmpls;poses,
31,31,31/31_09_poses.npz,31_09_poses,,120.0,14654,122.11666666666666,male,"[14654, 156]","[14654, 3]",[16],"[14654, 8]",trans;gender;mocap_framerate;betas;dmpls;poses,
31,31,31/31_10_poses.npz,31_10_poses,,120.0,13659,113.825,male,"[13659, 156]","[13659, 3]",[16],"[13659, 8]",trans;gender;mocap_framerate;betas;dmpls;poses,
31,31,31/31_11_poses.npz,31_11_poses,,120.0,3875,32.291666666666664,male,"[3875, 156]","[3875, 3]",[16],"[3875, 8]",trans;gender;mocap_framerate;betas;dmpls;poses,
31,31,31/31_13_poses.npz,31_13_poses,,120.0,3888,32.4,male,"[3888, 156]","[3888, 3]",[16],"[3888, 8]",trans;gender;mocap_framerate;betas;dmpls;poses,
31,31,31/31_14_poses.npz,31_14_poses,,120.0,3793,31.608333333333334,male,"[3793, 156]","[3793, 3]",[16],"[3793, 8]",trans;gender;mocap_framerate;betas;dmpls;poses,
31,31,31/31_15_poses.npz,31_15_poses,,120.0,3707,30.891666666666666,male,"[3707, 156]","[3707, 3]",[16],"[3707, 8]",trans;gender;mocap_framerate;betas;dmpls;poses,
31,31,31/31_16_poses.npz,31_16_poses,,120.0,3910,32.583333333333336,male,"[3910, 156]","[3910, 3]",[16],"[3910, 8]",trans;gender;mocap_framerate;betas;dmpls;poses,
31,31,31/31_17_poses.npz,31_17_poses,,120.0,3993,33.275,male,"[3993, 156]","[3993, 3]",[16],"[3993, 8]",trans;gender;mocap_framerate;betas;dmpls;poses,
31,31,31/31_18_poses.npz,31_18_poses,,120.0,4236,35.3,male,"[4236, 156]","[4236, 3]",[16],"[4236, 8]",trans;gender;mocap_framerate;betas;dmpls;poses,
31,31,31/31_19_poses.npz,31_19_poses,,120.0,3991,33.25833333333333,male,"[3991, 156]","[3991, 3]",[16],"[3991, 8]",trans;gender;mocap_framerate;betas;dmpls;poses,
31,31,31/31_20_poses.npz,31_20_poses,,120.0,3946,32.88333333333333,male,"[3946, 156]","[3946, 3]",[16],"[3946, 8]",trans;gender;mocap_framerate;betas;dmpls;poses,
31,31,31/31_21_poses.npz,31_21_poses,,120.0,4086,34.05,male,"[4086, 156]","[4086, 3]",[16],"[4086, 8]",trans;gender;mocap_framerate;betas;dmpls;poses,
32,32,32/32_01_poses.npz,32_01_poses,,120.0,482,4.016666666666667,female,"[482, 156]","[482, 3]",[16],"[482, 8]",trans;gender;mocap_framerate;betas;dmpls;poses,
32,32,32/32_02_poses.npz,32_02_poses,,120.0,434,3.6166666666666667,female,"[434, 156]","[434, 3]",[16],"[434, 8]",trans;gender;mocap_framerate;betas;dmpls;poses,
32,32,32/32_03_poses.npz,32_03_poses,,120.0,3238,26.983333333333334,female,"[3238, 156]","[3238, 3]",[16],"[3238, 8]",trans;gender;mocap_framerate;betas;dmpls;poses,
32,32,32/32_04_poses.npz,32_04_poses,,120.0,2310,19.25,female,"[2310, 156]","[2310, 3]",[16],"[2310, 8]",trans;gender;mocap_framerate;betas;dmpls;poses,
32,32,32/32_05_poses.npz,32_05_poses,,120.0,3648,30.4,female,"[3648, 156]","[3648, 3]",[16],"[3648, 8]",trans;gender;mocap_framerate;betas;dmpls;poses,
32,32,32/32_06_poses.npz,32_06_poses,,120.0,7851,65.425,female,"[7851, 156]","[7851, 3]",[16],"[7851, 8]",trans;gender;mocap_framerate;betas;dmpls;poses,
32,32,32/32_07_poses.npz,32_07_poses,,120.0,3119,25.991666666666667,female,"[3119, 156]","[3119, 3]",[16],"[3119, 8]",trans;gender;mocap_framerate;betas;dmpls;poses,
32,32,32/32_08_poses.npz,32_08_poses,,120.0,2240,18.666666666666668,female,"[2240, 156]","[2240, 3]",[16],"[2240, 8]",trans;gender;mocap_framerate;betas;dmpls;poses,
32,32,32/32_09_poses.npz,32_09_poses,,120.0,3736,31.133333333333333,female,"[3736, 156]","[3736, 3]",[16],"[3736, 8]",trans;gender;mocap_framerate;betas;dmpls;poses,
32,32,32/32_10_poses.npz,32_10_poses,,120.0,7942,66.18333333333334,female,"[7942, 156]","[7942, 3]",[16],"[7942, 8]",trans;gender;mocap_framerate;betas;dmpls;poses,
32,32,32/32_11_poses.npz,32_11_poses,,120.0,14684,122.36666666666666,female,"[14684, 156]","[14684, 3]",[16],"[14684, 8]",trans;gender;mocap_framerate;betas;dmpls;poses,
32,32,32/32_12_poses.npz,32_12_poses,,120.0,14704,122.53333333333333,female,"[14704, 156]","[14704, 3]",[16],"[14704, 8]",trans;gender;mocap_framerate;betas;dmpls;poses,
32,32,32/32_13_poses.npz,32_13_poses,,120.0,3234,26.95,female,"[3234, 156]","[3234, 3]",[16],"[3234, 8]",trans;gender;mocap_framerate;betas;dmpls;poses,
32,32,32/32_14_poses.npz,32_14_poses,,120.0,2667,22.225,female,"[2667, 156]","[2667, 3]",[16],"[2667, 8]",trans;gender;mocap_framerate;betas;dmpls;poses,
32,32,32/32_15_poses.npz,32_15_poses,,120.0,3627,30.225,female,"[3627, 156]","[3627, 3]",[16],"[3627, 8]",trans;gender;mocap_framerate;betas;dmpls;poses,
32,32,32/32_16_poses.npz,32_16_poses,,120.0,4390,36.583333333333336,female,"[4390, 156]","[4390, 3]",[16],"[4390, 8]",trans;gender;mocap_framerate;betas;dmpls;poses,
32,32,32/32_17_poses.npz,32_17_poses,,120.0,3312,27.6,female,"[3312, 156]","[3312, 3]",[16],"[3312, 8]",trans;gender;mocap_framerate;betas;dmpls;poses,
32,32,32/32_18_poses.npz,32_18_poses,,120.0,3032,25.266666666666666,female,"[3032, 156]","[3032, 3]",[16],"[3032, 8]",trans;gender;mocap_framerate;betas;dmpls;poses,
32,32,32/32_19_poses.npz,32_19_poses,,120.0,2311,19.258333333333333,female,"[2311, 156]","[2311, 3]",[16],"[2311, 8]",trans;gender;mocap_framerate;betas;dmpls;poses,
32,32,32/32_20_poses.npz,32_20_poses,,120.0,3555,29.625,female,"[3555, 156]","[3555, 3]",[16],"[3555, 8]",trans;gender;mocap_framerate;betas;dmpls;poses,
32,32,32/32_21_poses.npz,32_21_poses,,120.0,2038,16.983333333333334,female,"[2038, 156]","[2038, 3]",[16],"[2038, 8]",trans;gender;mocap_framerate;betas;dmpls;poses,
32,32,32/32_22_poses.npz,32_22_poses,,120.0,2847,23.725,female,"[2847, 156]","[2847, 3]",[16],"[2847, 8]",trans;gender;mocap_framerate;betas;dmpls;poses,
35,35,35/35_01_poses.npz,35_01_poses,,120.0,358,2.9833333333333334,male,"[358, 156]","[358, 3]",[16],"[358, 8]",trans;gender;mocap_framerate;betas;dmpls;poses,
35,35,35/35_02_poses.npz,35_02_poses,,120.0,406,3.3833333333333333,male,"[406, 156]","[406, 3]",[16],"[406, 8]",trans;gender;mocap_framerate;betas;dmpls;poses,
35,35,35/35_03_poses.npz,35_03_poses,,120.0,427,3.558333333333333,male,"[427, 156]","[427, 3]",[16],"[427, 8]",trans;gender;mocap_framerate;betas;dmpls;poses,
35,35,35/35_04_poses.npz,35_04_poses,,120.0,433,3.6083333333333334,male,"[433, 156]","[433, 3]",[16],"[433, 8]",trans;gender;mocap_framerate;betas;dmpls;poses,
35,35,35/35_05_poses.npz,35_05_poses,,120.0,427,3.558333333333333,male,"[427, 156]","[427, 3]",[16],"[427, 8]",trans;gender;mocap_framerate;betas;dmpls;poses,
35,35,35/35_06_poses.npz,35_06_poses,,120.0,438,3.65,male,"[438, 156]","[438, 3]",[16],"[438, 8]",trans;gender;mocap_framerate;betas;dmpls;poses,
35,35,35/35_07_poses.npz,35_07_poses,,120.0,360,3.0,male,"[360, 156]","[360, 3]",[16],"[360, 8]",trans;gender;mocap_framerate;betas;dmpls;poses,
35,35,35/35_08_poses.npz,35_08_poses,,120.0,455,3.7916666666666665,male,"[455, 156]","[455, 3]",[16],"[455, 8]",trans;gender;mocap_framerate;betas;dmpls;poses,
35,35,35/35_09_poses.npz,35_09_poses,,120.0,384,3.2,male,"[384, 156]","[384, 3]",[16],"[384, 8]",trans;gender;mocap_framerate;betas;dmpls;poses,
35,35,35/35_10_poses.npz,35_10_poses,,120.0,432,3.6,male,"[432, 156]","[432, 3]",[16],"[432, 8]",trans;gender;mocap_framerate;betas;dmpls;poses,
35,35,35/35_11_poses.npz,35_11_poses,,120.0,385,3.2083333333333335,male,"[385, 156]","[385, 3]",[16],"[385, 8]",trans;gender;mocap_framerate;betas;dmpls;poses,
35,35,35/35_12_poses.npz,35_12_poses,,120.0,397,3.308333333333333,male,"[397, 156]","[397, 3]",[16],"[397, 8]",trans;gender;mocap_framerate;betas;dmpls;poses,
35,35,35/35_13_poses.npz,35_13_poses,,120.0,454,3.783333333333333,male,"[454, 156]","[454, 3]",[16],"[454, 8]",trans;gender;mocap_framerate;betas;dmpls;poses,
35,35,35/35_14_poses.npz,35_14_poses,,120.0,411,3.425,male,"[411, 156]","[411, 3]",[16],"[411, 8]",trans;gender;mocap_framerate;betas;dmpls;poses,
35,35,35/35_15_poses.npz,35_15_poses,,120.0,406,3.3833333333333333,male,"[406, 156]","[406, 3]",[16],"[406, 8]",trans;gender;mocap_framerate;betas;dmpls;poses,
35,35,35/35_16_poses.npz,35_16_poses,,120.0,443,3.691666666666667,male,"[443, 156]","[443, 3]",[16],"[443, 8]",trans;gender;mocap_framerate;betas;dmpls;poses,
35,35,35/35_17_poses.npz,35_17_poses,,120.0,167,1.3916666666666666,male,"[167, 156]","[167, 3]",[16],"[167, 8]",trans;gender;mocap_framerate;betas;dmpls;poses,
35,35,35/35_18_poses.npz,35_18_poses,,120.0,175,1.4583333333333333,male,"[175, 156]","[175, 3]",[16],"[175, 8]",trans;gender;mocap_framerate;betas;dmpls;poses,
35,35,35/35_19_poses.npz,35_19_poses,,120.0,160,1.3333333333333333,male,"[160, 156]","[160, 3]",[16],"[160, 8]",trans;gender;mocap_framerate;betas;dmpls;poses,
35,35,35/35_20_poses.npz,35_20_poses,,120.0,163,1.3583333333333334,male,"[163, 156]","[163, 3]",[16],"[163, 8]",trans;gender;mocap_framerate;betas;dmpls;poses,
35,35,35/35_21_poses.npz,35_21_poses,,120.0,161,1.3416666666666666,male,"[161, 156]","[161, 3]",[16],"[161, 8]",trans;gender;mocap_framerate;betas;dmpls;poses,
35,35,35/35_22_poses.npz,35_22_poses,,120.0,167,1.3916666666666666,male,"[167, 156]","[167, 3]",[16],"[167, 8]",trans;gender;mocap_framerate;betas;dmpls;poses,
35,35,35/35_23_poses.npz,35_23_poses,,120.0,162,1.35,male,"[162, 156]","[162, 3]",[16],"[162, 8]",trans;gender;mocap_framerate;betas;dmpls;poses,
35,35,35/35_24_poses.npz,35_24_poses,,120.0,150,1.25,male,"[150, 156]","[150, 3]",[16],"[150, 8]",trans;gender;mocap_framerate;betas;dmpls;poses,
35,35,35/35_25_poses.npz,35_25_poses,,120.0,165,1.375,male,"[165, 156]","[165, 3]",[16],"[165, 8]",trans;gender;mocap_framerate;betas;dmpls;poses,
35,35,35/35_26_poses.npz,35_26_poses,,120.0,138,1.15,male,"[138, 156]","[138, 3]",[16],"[138, 8]",trans;gender;mocap_framerate;betas;dmpls;poses,
35,35,35/35_27_poses.npz,35_27_poses,,120.0,9807,81.725,male,"[9807, 156]","[9807, 3]",[16],"[9807, 8]",trans;gender;mocap_framerate;betas;dmpls;poses,
35,35,35/35_28_poses.npz,35_28_poses,,120.0,417,3.475,male,"[417, 156]","[417, 3]",[16],"[417, 8]",trans;gender;mocap_framerate;betas;dmpls;poses,
35,35,35/35_29_poses.npz,35_29_poses,,120.0,497,4.141666666666667,male,"[497, 156]","[497, 3]",[16],"[497, 8]",trans;gender;mocap_framerate;betas;dmpls;poses,
35,35,35/35_30_poses.npz,35_30_poses,,120.0,412,3.433333333333333,male,"[412, 156]","[412, 3]",[16],"[412, 8]",trans;gender;mocap_framerate;betas;dmpls;poses,
35,35,35/35_31_poses.npz,35_31_poses,,120.0,421,3.5083333333333333,male,"[421, 156]","[421, 3]",[16],"[421, 8]",trans;gender;mocap_framerate;betas;dmpls;poses,
35,35,35/35_32_poses.npz,35_32_poses,,120.0,392,3.2666666666666666,male,"[392, 156]","[392, 3]",[16],"[392, 8]",trans;gender;mocap_framerate;betas;dmpls;poses,
35,35,35/35_33_poses.npz,35_33_poses,,120.0,421,3.5083333333333333,male,"[421, 156]","[421, 3]",[16],"[421, 8]",trans;gender;mocap_framerate;betas;dmpls;poses,
35,35,35/35_34_poses.npz,35_34_poses,,120.0,415,3.4583333333333335,male,"[415, 156]","[415, 3]",[16],"[415, 8]",trans;gender;mocap_framerate;betas;dmpls;poses,
36,36,36/36_01_poses.npz,36_01_poses,,120.0,557,4.641666666666667,male,"[557, 156]","[557, 3]",[16],"[557, 8]",trans;gender;mocap_framerate;betas;dmpls;poses,
36,36,36/36_02_poses.npz,36_02_poses,,120.0,4273,35.608333333333334,male,"[4273, 156]","[4273, 3]",[16],"[4273, 8]",trans;gender;mocap_framerate;betas;dmpls;poses,
36,36,36/36_03_poses.npz,36_03_poses,,120.0,3852,32.1,male,"[3852, 156]","[3852, 3]",[16],"[3852, 8]",trans;gender;mocap_framerate;betas;dmpls;poses,
36,36,36/36_04_poses.npz,36_04_poses,,120.0,3726,31.05,male,"[3726, 156]","[3726, 3]",[16],"[3726, 8]",trans;gender;mocap_framerate;betas;dmpls;poses,
36,36,36/36_05_poses.npz,36_05_poses,,120.0,4196,34.96666666666667,male,"[4196, 156]","[4196, 3]",[16],"[4196, 8]",trans;gender;mocap_framerate;betas;dmpls;poses,
36,36,36/36_06_poses.npz,36_06_poses,,120.0,3896,32.46666666666667,male,"[3896, 156]","[3896, 3]",[16],"[3896, 8]",trans;gender;mocap_framerate;betas;dmpls;poses,
36,36,36/36_07_poses.npz,36_07_poses,,120.0,3772,31.433333333333334,male,"[3772, 156]","[3772, 3]",[16],"[3772, 8]",trans;gender;mocap_framerate;betas;dmpls;poses,
36,36,36/36_08_poses.npz,36_08_poses,,120.0,3714,30.95,male,"[3714, 156]","[3714, 3]",[16],"[3714, 8]",trans;gender;mocap_framerate;betas;dmpls;poses,
36,36,36/36_09_poses.npz,36_09_poses,,120.0,3890,32.416666666666664,male,"[3890, 156]","[3890, 3]",[16],"[3890, 8]",trans;gender;mocap_framerate;betas;dmpls;poses,
36,36,36/36_10_poses.npz,36_10_poses,,120.0,3832,31.933333333333334,male,"[3832, 156]","[3832, 3]",[16],"[3832, 8]",trans;gender;mocap_framerate;betas;dmpls;poses,
36,36,36/36_11_poses.npz,36_11_poses,,120.0,4168,34.733333333333334,male,"[4168, 156]","[4168, 3]",[16],"[4168, 8]",trans;gender;mocap_framerate;betas;dmpls;poses,
36,36,36/36_12_poses.npz,36_12_poses,,120.0,4585,38.208333333333336,male,"[4585, 156]","[4585, 3]",[16],"[4585, 8]",trans;gender;mocap_framerate;betas;dmpls;poses,
36,36,36/36_13_poses.npz,36_13_poses,,120.0,4247,35.391666666666666,male,"[4247, 156]","[4247, 3]",[16],"[4247, 8]",trans;gender;mocap_framerate;betas;dmpls;poses,
36,36,36/36_14_poses.npz,36_14_poses,,120.0,4146,34.55,male,"[4146, 156]","[4146, 3]",[16],"[4146, 8]",trans;gender;mocap_framerate;betas;dmpls;poses,
36,36,36/36_15_poses.npz,36_15_poses,,120.0,4164,34.7,male,"[4164, 156]","[4164, 3]",[16],"[4164, 8]",trans;gender;mocap_framerate;betas;dmpls;poses,
36,36,36/36_16_poses.npz,36_16_poses,,120.0,4395,36.625,male,"[4395, 156]","[4395, 3]",[16],"[4395, 8]",trans;gender;mocap_framerate;betas;dmpls;poses,
36,36,36/36_17_poses.npz,36_17_poses,,120.0,4359,36.325,male,"[4359, 156]","[4359, 3]",[16],"[4359, 8]",trans;gender;mocap_framerate;betas;dmpls;poses,
36,36,36/36_18_poses.npz,36_18_poses,,120.0,4304,35.86666666666667,male,"[4304, 156]","[4304, 3]",[16],"[4304, 8]",trans;gender;mocap_framerate;betas;dmpls;poses,
36,36,36/36_19_poses.npz,36_19_poses,,120.0,4193,34.94166666666667,male,"[4193, 156]","[4193, 3]",[16],"[4193, 8]",trans;gender;mocap_framerate;betas;dmpls;poses,
36,36,36/36_20_poses.npz,36_20_poses,,120.0,4090,34.083333333333336,male,"[4090, 156]","[4090, 3]",[16],"[4090, 8]",trans;gender;mocap_framerate;betas;dmpls;poses,
36,36,36/36_21_poses.npz,36_21_poses,,120.0,4030,33.583333333333336,male,"[4030, 156]","[4030, 3]",[16],"[4030, 8]",trans;gender;mocap_framerate;betas;dmpls;poses,
36,36,36/36_22_poses.npz,36_22_poses,,120.0,4312,35.93333333333333,male,"[4312, 156]","[4312, 3]",[16],"[4312, 8]",trans;gender;mocap_framerate;betas;dmpls;poses,
36,36,36/36_23_poses.npz,36_23_poses,,120.0,4392,36.6,male,"[4392, 156]","[4392, 3]",[16],"[4392, 8]",trans;gender;mocap_framerate;betas;dmpls;poses,
36,36,36/36_24_poses.npz,36_24_poses,,120.0,4153,34.608333333333334,male,"[4153, 156]","[4153, 3]",[16],"[4153, 8]",trans;gender;mocap_framerate;betas;dmpls;poses,
36,36,36/36_25_poses.npz,36_25_poses,,120.0,4685,39.041666666666664,male,"[4685, 156]","[4685, 3]",[16],"[4685, 8]",trans;gender;mocap_framerate;betas;dmpls;poses,
36,36,36/36_26_poses.npz,36_26_poses,,120.0,4237,35.30833333333333,male,"[4237, 156]","[4237, 3]",[16],"[4237, 8]",trans;gender;mocap_framerate;betas;dmpls;poses,
36,36,36/36_27_poses.npz,36_27_poses,,120.0,4247,35.391666666666666,male,"[4247, 156]","[4247, 3]",[16],"[4247, 8]",trans;gender;mocap_framerate;betas;dmpls;poses,
36,36,36/36_28_poses.npz,36_28_poses,,120.0,2391,19.925,male,"[2391, 156]","[2391, 3]",[16],"[2391, 8]",trans;gender;mocap_framerate;betas;dmpls;poses,
36,36,36/36_29_poses.npz,36_29_poses,,120.0,4469,37.24166666666667,male,"[4469, 156]","[4469, 3]",[16],"[4469, 8]",trans;gender;mocap_framerate;betas;dmpls;poses,
36,36,36/36_30_poses.npz,36_30_poses,,120.0,4414,36.78333333333333,male,"[4414, 156]","[4414, 3]",[16],"[4414, 8]",trans;gender;mocap_framerate;betas;dmpls;poses,
36,36,36/36_31_poses.npz,36_31_poses,,120.0,3736,31.133333333333333,male,"[3736, 156]","[3736, 3]",[16],"[3736, 8]",trans;gender;mocap_framerate;betas;dmpls;poses,
36,36,36/36_32_poses.npz,36_32_poses,,120.0,4468,37.233333333333334,male,"[4468, 156]","[4468, 3]",[16],"[4468, 8]",trans;gender;mocap_framerate;betas;dmpls;poses,
36,36,36/36_33_poses.npz,36_33_poses,,120.0,4311,35.925,male,"[4311, 156]","[4311, 3]",[16],"[4311, 8]",trans;gender;mocap_framerate;betas;dmpls;poses,
36,36,36/36_34_poses.npz,36_34_poses,,120.0,4328,36.06666666666667,male,"[4328, 156]","[4328, 3]",[16],"[4328, 8]",trans;gender;mocap_framerate;betas;dmpls;poses,
36,36,36/36_35_poses.npz,36_35_poses,,120.0,4341,36.175,male,"[4341, 156]","[4341, 3]",[16],"[4341, 8]",trans;gender;mocap_framerate;betas;dmpls;poses,
36,36,36/36_36_poses.npz,36_36_poses,,120.0,4792,39.93333333333333,male,"[4792, 156]","[4792, 3]",[16],"[4792, 8]",trans;gender;mocap_framerate;betas;dmpls;poses,
37,37,37/37_01_poses.npz,37_01_poses,,120.0,511,4.258333333333334,male,"[511, 156]","[511, 3]",[16],"[511, 8]",trans;gender;mocap_framerate;betas;dmpls;poses,
38,38,38/38_01_poses.npz,38_01_poses,,120.0,352,2.933333333333333,male,"[352, 156]","[352, 3]",[16],"[352, 8]",trans;gender;mocap_framerate;betas;dmpls;poses,
38,38,38/38_02_poses.npz,38_02_poses,,120.0,420,3.5,male,"[420, 156]","[420, 3]",[16],"[420, 8]",trans;gender;mocap_framerate;betas;dmpls;poses,
38,38,38/38_03_poses.npz,38_03_poses,,120.0,761,6.341666666666667,male,"[761, 156]","[761, 3]",[16],"[761, 8]",trans;gender;mocap_framerate;betas;dmpls;poses,
38,38,38/38_04_poses.npz,38_04_poses,,120.0,8631,71.925,male,"[8631, 156]","[8631, 3]",[16],"[8631, 8]",trans;gender;mocap_framerate;betas;dmpls;poses,
39,39,39/39_01_poses.npz,39_01_poses,,120.0,378,3.15,male,"[378, 156]","[378, 3]",[16],"[378, 8]",trans;gender;mocap_framerate;betas;dmpls;poses,
39,39,39/39_02_poses.npz,39_02_poses,,120.0,400,3.3333333333333335,male,"[400, 156]","[400, 3]",[16],"[400, 8]",trans;gender;mocap_framerate;betas;dmpls;poses,
39,39,39/39_03_poses.npz,39_03_poses,,120.0,407,3.3916666666666666,male,"[407, 156]","[407, 3]",[16],"[407, 8]",trans;gender;mocap_framerate;betas;dmpls;poses,
39,39,39/39_04_poses.npz,39_04_poses,,120.0,410,3.4166666666666665,male,"[410, 156]","[410, 3]",[16],"[410, 8]",trans;gender;mocap_framerate;betas;dmpls;poses,
39,39,39/39_05_poses.npz,39_05_poses,,120.0,400,3.3333333333333335,male,"[400, 156]","[400, 3]",[16],"[400, 8]",trans;gender;mocap_framerate;betas;dmpls;poses,
39,39,39/39_06_poses.npz,39_06_poses,,120.0,368,3.066666666666667,male,"[368, 156]","[368, 3]",[16],"[368, 8]",trans;gender;mocap_framerate;betas;dmpls;poses,
39,39,39/39_07_poses.npz,39_07_poses,,120.0,367,3.058333333333333,male,"[367, 156]","[367, 3]",[16],"[367, 8]",trans;gender;mocap_framerate;betas;dmpls;poses,
39,39,39/39_08_poses.npz,39_08_poses,,120.0,350,2.9166666666666665,male,"[350, 156]","[350, 3]",[16],"[350, 8]",trans;gender;mocap_framerate;betas;dmpls;poses,
39,39,39/39_09_poses.npz,39_09_poses,,120.0,395,3.2916666666666665,male,"[395, 156]","[395, 3]",[16],"[395, 8]",trans;gender;mocap_framerate;betas;dmpls;poses,
39,39,39/39_10_poses.npz,39_10_poses,,120.0,391,3.2583333333333333,male,"[391, 156]","[391, 3]",[16],"[391, 8]",trans;gender;mocap_framerate;betas;dmpls;poses,
39,39,39/39_11_poses.npz,39_11_poses,,120.0,894,7.45,male,"[894, 156]","[894, 3]",[16],"[894, 8]",trans;gender;mocap_framerate;betas;dmpls;poses,
39,39,39/39_12_poses.npz,39_12_poses,,120.0,427,3.558333333333333,male,"[427, 156]","[427, 3]",[16],"[427, 8]",trans;gender;mocap_framerate;betas;dmpls;poses,
39,39,39/39_13_poses.npz,39_13_poses,,120.0,378,3.15,male,"[378, 156]","[378, 3]",[16],"[378, 8]",trans;gender;mocap_framerate;betas;dmpls;poses,
39,39,39/39_14_poses.npz,39_14_poses,,120.0,399,3.325,male,"[399, 156]","[399, 3]",[16],"[399, 8]",trans;gender;mocap_framerate;betas;dmpls;poses,
40,40,40/40_02_poses.npz,40_02_poses,,120.0,4994,41.61666666666667,male,"[4994, 156]","[4994, 3]",[16],"[4994, 8]",trans;gender;mocap_framerate;betas;dmpls;poses,
40,40,40/40_03_poses.npz,40_03_poses,,120.0,6188,51.56666666666667,male,"[6188, 156]","[6188, 3]",[16],"[6188, 8]",trans;gender;mocap_framerate;betas;dmpls;poses,
40,40,40/40_04_poses.npz,40_04_poses,,120.0,5897,49.141666666666666,male,"[5897, 156]","[5897, 3]",[16],"[5897, 8]",trans;gender;mocap_framerate;betas;dmpls;poses,
40,40,40/40_05_poses.npz,40_05_poses,,120.0,6085,50.708333333333336,male,"[6085, 156]","[6085, 3]",[16],"[6085, 8]",trans;gender;mocap_framerate;betas;dmpls;poses,
40,40,40/40_06_poses.npz,40_06_poses,,120.0,6583,54.858333333333334,male,"[6583, 156]","[6583, 3]",[16],"[6583, 8]",trans;gender;mocap_framerate;betas;dmpls;poses,
40,40,40/40_07_poses.npz,40_07_poses,,120.0,6882,57.35,male,"[6882, 156]","[6882, 3]",[16],"[6882, 8]",trans;gender;mocap_framerate;betas;dmpls;poses,
40,40,40/40_08_poses.npz,40_08_poses,,120.0,6959,57.99166666666667,male,"[6959, 156]","[6959, 3]",[16],"[6959, 8]",trans;gender;mocap_framerate;betas;dmpls;poses,
40,40,40/40_09_poses.npz,40_09_poses,,120.0,5167,43.05833333333333,male,"[5167, 156]","[5167, 3]",[16],"[5167, 8]",trans;gender;mocap_framerate;betas;dmpls;poses,
40,40,40/40_10_poses.npz,40_10_poses,,120.0,6214,51.78333333333333,male,"[6214, 156]","[6214, 3]",[16],"[6214, 8]",trans;gender;mocap_framerate;betas;dmpls;poses,
40,40,40/40_11_poses.npz,40_11_poses,,120.0,6020,50.166666666666664,male,"[6020, 156]","[6020, 3]",[16],"[6020, 8]",trans;gender;mocap_framerate;betas;dmpls;poses,
40,40,40/40_12_poses.npz,40_12_poses,,120.0,8437,70.30833333333334,male,"[8437, 156]","[8437, 3]",[16],"[8437, 8]",trans;gender;mocap_framerate;betas;dmpls;poses,
41,41,41/41_02_poses.npz,41_02_poses,,120.0,4387,36.55833333333333,male,"[4387, 156]","[4387, 3]",[16],"[4387, 8]",trans;gender;mocap_framerate;betas;dmpls;poses,
41,41,41/41_03_poses.npz,41_03_poses,,120.0,5952,49.6,male,"[5952, 156]","[5952, 3]",[16],"[5952, 8]",trans;gender;mocap_framerate;betas;dmpls;poses,
41,41,41/41_04_poses.npz,41_04_poses,,120.0,7067,58.891666666666666,male,"[7067, 156]","[7067, 3]",[16],"[7067, 8]",trans;gender;mocap_framerate;betas;dmpls;poses,
41,41,41/41_05_poses.npz,41_05_poses,,120.0,7225,60.208333333333336,male,"[7225, 156]","[7225, 3]",[16],"[7225, 8]",trans;gender;mocap_framerate;betas;dmpls;poses,
41,41,41/41_06_poses.npz,41_06_poses,,120.0,7105,59.208333333333336,male,"[7105, 156]","[7105, 3]",[16],"[7105, 8]",trans;gender;mocap_framerate;betas;dmpls;poses,
41,41,41/41_07_poses.npz,41_07_poses,,120.0,7536,62.8,male,"[7536, 156]","[7536, 3]",[16],"[7536, 8]",trans;gender;mocap_framerate;betas;dmpls;poses,
41,41,41/41_08_poses.npz,41_08_poses,,120.0,7948,66.23333333333333,male,"[7948, 156]","[7948, 3]",[16],"[7948, 8]",trans;gender;mocap_framerate;betas;dmpls;poses,
41,41,41/41_09_poses.npz,41_09_poses,,120.0,7718,64.31666666666666,male,"[7718, 156]","[7718, 3]",[16],"[7718, 8]",trans;gender;mocap_framerate;betas;dmpls;poses,
41,41,41/41_10_poses.npz,41_10_poses,,120.0,3909,32.575,male,"[3909, 156]","[3909, 3]",[16],"[3909, 8]",trans;gender;mocap_framerate;betas;dmpls;poses,
41,41,41/41_11_poses.npz,41_11_poses,,120.0,3151,26.258333333333333,male,"[3151, 156]","[3151, 3]",[16],"[3151, 8]",trans;gender;mocap_framerate;betas;dmpls;poses,
43,43,43/43_01_poses.npz,43_01_poses,,120.0,421,3.5083333333333333,male,"[421, 156]","[421, 3]",[16],"[421, 8]",trans;gender;mocap_framerate;betas;dmpls;poses,
43,43,43/43_02_poses.npz,43_02_poses,,120.0,904,7.533333333333333,male,"[904, 156]","[904, 3]",[16],"[904, 8]",trans;gender;mocap_framerate;betas;dmpls;poses,
43,43,43/43_03_poses.npz,43_03_poses,,120.0,840,7.0,male,"[840, 156]","[840, 3]",[16],"[840, 8]",trans;gender;mocap_framerate;betas;dmpls;poses,
45,45,45/45_01_poses.npz,45_01_poses,,120.0,456,3.8,male,"[456, 156]","[456, 3]",[16],"[456, 8]",trans;gender;mocap_framerate;betas;dmpls;poses,
46,46,46/46_01_poses.npz,46_01_poses,,120.0,616,5.133333333333334,male,"[616, 156]","[616, 3]",[16],"[616, 8]",trans;gender;mocap_framerate;betas;dmpls;poses,
47,47,47/47_01_poses.npz,47_01_poses,,120.0,1319,10.991666666666667,male,"[1319, 156]","[1319, 3]",[16],"[1319, 8]",trans;gender;mocap_framerate;betas;dmpls;poses,
49,49,49/49_01_poses.npz,49_01_poses,,120.0,652,5.433333333333334,male,"[652, 156]","[652, 3]",[16],"[652, 8]",trans;gender;mocap_framerate;betas;dmpls;poses,
49,49,49/49_02_poses.npz,49_02_poses,,120.0,2085,17.375,male,"[2085, 156]","[2085, 3]",[16],"[2085, 8]",trans;gender;mocap_framerate;betas;dmpls;poses,
49,49,49/49_03_poses.npz,49_03_poses,,120.0,1504,12.533333333333333,male,"[1504, 156]","[1504, 3]",[16],"[1504, 8]",trans;gender;mocap_framerate;betas;dmpls;poses,
49,49,49/49_04_poses.npz,49_04_poses,,120.0,251,2.091666666666667,male,"[251, 156]","[251, 3]",[16],"[251, 8]",trans;gender;mocap_framerate;betas;dmpls;poses,
49,49,49/49_05_poses.npz,49_05_poses,,120.0,164,1.3666666666666667,male,"[164, 156]","[164, 3]",[16],"[164, 8]",trans;gender;mocap_framerate;betas;dmpls;poses,
49,49,49/49_06_poses.npz,49_06_poses,,120.0,481,4.008333333333334,male,"[481, 156]","[481, 3]",[16],"[481, 8]",trans;gender;mocap_framerate;betas;dmpls;poses,
49,49,49/49_07_poses.npz,49_07_poses,,120.0,471,3.925,male,"[471, 156]","[471, 3]",[16],"[471, 8]",trans;gender;mocap_framerate;betas;dmpls;poses,
49,49,49/49_08_poses.npz,49_08_poses,,120.0,575,4.791666666666667,male,"[575, 156]","[575, 3]",[16],"[575, 8]",trans;gender;mocap_framerate;betas;dmpls;poses,
49,49,49/49_09_poses.npz,49_09_poses,,120.0,1917,15.975,male,"[1917, 156]","[1917, 3]",[16],"[1917, 8]",trans;gender;mocap_framerate;betas;dmpls;poses,
49,49,49/49_10_poses.npz,49_10_poses,,120.0,1424,11.866666666666667,male,"[1424, 156]","[1424, 3]",[16],"[1424, 8]",trans;gender;mocap_framerate;betas;dmpls;poses,
49,49,49/49_11_poses.npz,49_11_poses,,120.0,1197,9.975,male,"[1197, 156]","[1197, 3]",[16],"[1197, 8]",trans;gender;mocap_framerate;betas;dmpls;poses,
49,49,49/49_12_poses.npz,49_12_poses,,120.0,1131,9.425,male,"[1131, 156]","[1131, 3]",[16],"[1131, 8]",trans;gender;mocap_framerate;betas;dmpls;poses,
49,49,49/49_13_poses.npz,49_13_poses,,120.0,523,4.358333333333333,male,"[523, 156]","[523, 3]",[16],"[523, 8]",trans;gender;mocap_framerate;betas;dmpls;poses,
49,49,49/49_14_poses.npz,49_14_poses,,120.0,619,5.158333333333333,male,"[619, 156]","[619, 3]",[16],"[619, 8]",trans;gender;mocap_framerate;betas;dmpls;poses,
49,49,49/49_15_poses.npz,49_15_poses,,120.0,947,7.891666666666667,male,"[947, 156]","[947, 3]",[16],"[947, 8]",trans;gender;mocap_framerate;betas;dmpls;poses,
49,49,49/49_16_poses.npz,49_16_poses,,120.0,1136,9.466666666666667,male,"[1136, 156]","[1136, 3]",[16],"[1136, 8]",trans;gender;mocap_framerate;betas;dmpls;poses,
49,49,49/49_17_poses.npz,49_17_poses,,120.0,750,6.25,male,"[750, 156]","[750, 3]",[16],"[750, 8]",trans;gender;mocap_framerate;betas;dmpls;poses,
49,49,49/49_18_poses.npz,49_18_poses,,120.0,1102,9.183333333333334,male,"[1102, 156]","[1102, 3]",[16],"[1102, 8]",trans;gender;mocap_framerate;betas;dmpls;poses,
49,49,49/49_19_poses.npz,49_19_poses,,120.0,957,7.975,male,"[957, 156]","[957, 3]",[16],"[957, 8]",trans;gender;mocap_framerate;betas;dmpls;poses,
49,49,49/49_20_poses.npz,49_20_poses,,120.0,898,7.483333333333333,male,"[898, 156]","[898, 3]",[16],"[898, 8]",trans;gender;mocap_framerate;betas;dmpls;poses,
49,49,49/49_21_poses.npz,49_21_poses,,120.0,2422,20.183333333333334,male,"[2422, 156]","[2422, 3]",[16],"[2422, 8]",trans;gender;mocap_framerate;betas;dmpls;poses,
49,49,49/49_22_poses.npz,49_22_poses,,120.0,1288,10.733333333333333,male,"[1288, 156]","[1288, 3]",[16],"[1288, 8]",trans;gender;mocap_framerate;betas;dmpls;poses,
54,54,54/54_01_poses.npz,54_01_poses,,120.0,1921,16.008333333333333,female,"[1921, 156]","[1921, 3]",[16],"[1921, 8]",trans;gender;mocap_framerate;betas;dmpls;poses,
54,54,54/54_02_poses.npz,54_02_poses,,120.0,3009,25.075,female,"[3009, 156]","[3009, 3]",[16],"[3009, 8]",trans;gender;mocap_framerate;betas;dmpls;poses,
54,54,54/54_03_poses.npz,54_03_poses,,120.0,2772,23.1,female,"[2772, 156]","[2772, 3]",[16],"[2772, 8]",trans;gender;mocap_framerate;betas;dmpls;poses,
54,54,54/54_04_poses.npz,54_04_poses,,120.0,4609,38.40833333333333,female,"[4609, 156]","[4609, 3]",[16],"[4609, 8]",trans;gender;mocap_framerate;betas;dmpls;poses,
54,54,54/54_05_poses.npz,54_05_poses,,120.0,1067,8.891666666666667,female,"[1067, 156]","[1067, 3]",[16],"[1067, 8]",trans;gender;mocap_framerate;betas;dmpls;poses,
54,54,54/54_06_poses.npz,54_06_poses,,120.0,7878,65.65,female,"[7878, 156]","[7878, 3]",[16],"[7878, 8]",trans;gender;mocap_framerate;betas;dmpls;poses,
54,54,54/54_07_poses.npz,54_07_poses,,120.0,4010,33.416666666666664,female,"[4010, 156]","[4010, 3]",[16],"[4010, 8]",trans;gender;mocap_framerate;betas;dmpls;poses,
54,54,54/54_08_poses.npz,54_08_poses,,120.0,4238,35.31666666666667,female,"[4238, 156]","[4238, 3]",[16],"[4238, 8]",trans;gender;mocap_framerate;betas;dmpls;poses,
54,54,54/54_09_poses.npz,54_09_poses,,120.0,1932,16.1,female,"[1932, 156]","[1932, 3]",[16],"[1932, 8]",trans;gender;mocap_framerate;betas;dmpls;poses,
54,54,54/54_10_poses.npz,54_10_poses,,120.0,4711,39.25833333333333,female,"[4711, 156]","[4711, 3]",[16],"[4711, 8]",trans;gender;mocap_framerate;betas;dmpls;poses,
54,54,54/54_11_poses.npz,54_11_poses,,120.0,3414,28.45,female,"[3414, 156]","[3414, 3]",[16],"[3414, 8]",trans;gender;mocap_framerate;betas;dmpls;poses,
54,54,54/54_12_poses.npz,54_12_poses,,120.0,2293,19.108333333333334,female,"[2293, 156]","[2293, 3]",[16],"[2293, 8]",trans;gender;mocap_framerate;betas;dmpls;poses,
54,54,54/54_13_poses.npz,54_13_poses,,120.0,1631,13.591666666666667,female,"[1631, 156]","[1631, 3]",[16],"[1631, 8]",trans;gender;mocap_framerate;betas;dmpls;poses,
54,54,54/54_14_poses.npz,54_14_poses,,120.0,1628,13.566666666666666,female,"[1628, 156]","[1628, 3]",[16],"[1628, 8]",trans;gender;mocap_framerate;betas;dmpls;poses,
54,54,54/54_15_poses.npz,54_15_poses,,120.0,4124,34.36666666666667,female,"[4124, 156]","[4124, 3]",[16],"[4124, 8]",trans;gender;mocap_framerate;betas;dmpls;poses,
54,54,54/54_16_poses.npz,54_16_poses,,120.0,4122,34.35,female,"[4122, 156]","[4122, 3]",[16],"[4122, 8]",trans;gender;mocap_framerate;betas;dmpls;poses,
54,54,54/54_17_poses.npz,54_17_poses,,120.0,2820,23.5,female,"[2820, 156]","[2820, 3]",[16],"[2820, 8]",trans;gender;mocap_framerate;betas;dmpls;poses,
54,54,54/54_18_poses.npz,54_18_poses,,120.0,2024,16.866666666666667,female,"[2024, 156]","[2024, 3]",[16],"[2024, 8]",trans;gender;mocap_framerate;betas;dmpls;poses,
54,54,54/54_19_poses.npz,54_19_poses,,120.0,4890,40.75,female,"[4890, 156]","[4890, 3]",[16],"[4890, 8]",trans;gender;mocap_framerate;betas;dmpls;poses,
54,54,54/54_20_poses.npz,54_20_poses,,120.0,6196,51.63333333333333,female,"[6196, 156]","[6196, 3]",[16],"[6196, 8]",trans;gender;mocap_framerate;betas;dmpls;poses,
54,54,54/54_21_poses.npz,54_21_poses,,120.0,6988,58.233333333333334,female,"[6988, 156]","[6988, 3]",[16],"[6988, 8]",trans;gender;mocap_framerate;betas;dmpls;poses,
54,54,54/54_22_poses.npz,54_22_poses,,120.0,2534,21.116666666666667,female,"[2534, 156]","[2534, 3]",[16],"[2534, 8]",trans;gender;mocap_framerate;betas;dmpls;poses,
54,54,54/54_23_poses.npz,54_23_poses,,120.0,4299,35.825,female,"[4299, 156]","[4299, 3]",[16],"[4299, 8]",trans;gender;mocap_framerate;betas;dmpls;poses,
54,54,54/54_24_poses.npz,54_24_poses,,120.0,2687,22.391666666666666,female,"[2687, 156]","[2687, 3]",[16],"[2687, 8]",trans;gender;mocap_framerate;betas;dmpls;poses,
54,54,54/54_25_poses.npz,54_25_poses,,120.0,4542,37.85,female,"[4542, 156]","[4542, 3]",[16],"[4542, 8]",trans;gender;mocap_framerate;betas;dmpls;poses,
54,54,54/54_26_poses.npz,54_26_poses,,120.0,1961,16.341666666666665,female,"[1961, 156]","[1961, 3]",[16],"[1961, 8]",trans;gender;mocap_framerate;betas;dmpls;poses,
54,54,54/54_27_poses.npz,54_27_poses,,120.0,3440,28.666666666666668,female,"[3440, 156]","[3440, 3]",[16],"[3440, 8]",trans;gender;mocap_framerate;betas;dmpls;poses,
55,55,55/55_01_poses.npz,55_01_poses,,120.0,1806,15.05,male,"[1806, 156]","[1806, 3]",[16],"[1806, 8]",trans;gender;mocap_framerate;betas;dmpls;poses,
55,55,55/55_02_poses.npz,55_02_poses,,120.0,2180,18.166666666666668,male,"[2180, 156]","[2180, 3]",[16],"[2180, 8]",trans;gender;mocap_framerate;betas;dmpls;poses,
55,55,55/55_03_poses.npz,55_03_poses,,120.0,4530,37.75,male,"[4530, 156]","[4530, 3]",[16],"[4530, 8]",trans;gender;mocap_framerate;betas;dmpls;poses,
55,55,55/55_04_poses.npz,55_04_poses,,120.0,530,4.416666666666667,male,"[530, 156]","[530, 3]",[16],"[530, 8]",trans;gender;mocap_framerate;betas;dmpls;poses,
55,55,55/55_05_poses.npz,55_05_poses,,120.0,2812,23.433333333333334,male,"[2812, 156]","[2812, 3]",[16],"[2812, 8]",trans;gender;mocap_framerate;betas;dmpls;poses,
55,55,55/55_06_poses.npz,55_06_poses,,120.0,9275,77.29166666666667,male,"[9275, 156]","[9275, 3]",[16],"[9275, 8]",trans;gender;mocap_framerate;betas;dmpls;poses,
55,55,55/55_07_poses.npz,55_07_poses,,120.0,4568,38.06666666666667,male,"[4568, 156]","[4568, 3]",[16],"[4568, 8]",trans;gender;mocap_framerate;betas;dmpls;poses,
55,55,55/55_08_poses.npz,55_08_poses,,120.0,5340,44.5,male,"[5340, 156]","[5340, 3]",[16],"[5340, 8]",trans;gender;mocap_framerate;betas;dmpls;poses,
55,55,55/55_09_poses.npz,55_09_poses,,120.0,4220,35.166666666666664,male,"[4220, 156]","[4220, 3]",[16],"[4220, 8]",trans;gender;mocap_framerate;betas;dmpls;poses,
55,55,55/55_10_poses.npz,55_10_poses,,120.0,1362,11.35,male,"[1362, 156]","[1362, 3]",[16],"[1362, 8]",trans;gender;mocap_framerate;betas;dmpls;poses,
55,55,55/55_11_poses.npz,55_11_poses,,120.0,4365,36.375,male,"[4365, 156]","[4365, 3]",[16],"[4365, 8]",trans;gender;mocap_framerate;betas;dmpls;poses,
55,55,55/55_12_poses.npz,55_12_poses,,120.0,2075,17.291666666666668,male,"[2075, 156]","[2075, 3]",[16],"[2075, 8]",trans;gender;mocap_framerate;betas;dmpls;poses,
55,55,55/55_13_poses.npz,55_13_poses,,120.0,9738,81.15,male,"[9738, 156]","[9738, 3]",[16],"[9738, 8]",trans;gender;mocap_framerate;betas;dmpls;poses,
55,55,55/55_14_poses.npz,55_14_poses,,120.0,5202,43.35,male,"[5202, 156]","[5202, 3]",[16],"[5202, 8]",trans;gender;mocap_framerate;betas;dmpls;poses,
55,55,55/55_15_poses.npz,55_15_poses,,120.0,9693,80.775,male,"[9693, 156]","[9693, 3]",[16],"[9693, 8]",trans;gender;mocap_framerate;betas;dmpls;poses,
55,55,55/55_16_poses.npz,55_16_poses,,120.0,6082,50.68333333333333,male,"[6082, 156]","[6082, 3]",[16],"[6082, 8]",trans;gender;mocap_framerate;betas;dmpls;poses,
55,55,55/55_17_poses.npz,55_17_poses,,120.0,6176,51.46666666666667,male,"[6176, 156]","[6176, 3]",[16],"[6176, 8]",trans;gender;mocap_framerate;betas;dmpls;poses,
55,55,55/55_18_poses.npz,55_18_poses,,120.0,5387,44.891666666666666,male,"[5387, 156]","[5387, 3]",[16],"[5387, 8]",trans;gender;mocap_framerate;betas;dmpls;poses,
55,55,55/55_19_poses.npz,55_19_poses,,120.0,4741,39.50833333333333,male,"[4741, 156]","[4741, 3]",[16],"[4741, 8]",trans;gender;mocap_framerate;betas;dmpls;poses,
55,55,55/55_20_poses.npz,55_20_poses,,120.0,4598,38.31666666666667,male,"[4598, 156]","[4598, 3]",[16],"[4598, 8]",trans;gender;mocap_framerate;betas;dmpls;poses,
55,55,55/55_21_poses.npz,55_21_poses,,120.0,3499,29.158333333333335,male,"[3499, 156]","[3499, 3]",[16],"[3499, 8]",trans;gender;mocap_framerate;betas;dmpls;poses,
55,55,55/55_22_poses.npz,55_22_poses,,120.0,6541,54.50833333333333,male,"[6541, 156]","[6541, 3]",[16],"[6541, 8]",trans;gender;mocap_framerate;betas;dmpls;poses,
55,55,55/55_23_poses.npz,55_23_poses,,120.0,5971,49.75833333333333,male,"[5971, 156]","[5971, 3]",[16],"[5971, 8]",trans;gender;mocap_framerate;betas;dmpls;poses,
55,55,55/55_24_poses.npz,55_24_poses,,120.0,9522,79.35,male,"[9522, 156]","[9522, 3]",[16],"[9522, 8]",trans;gender;mocap_framerate;betas;dmpls;poses,
55,55,55/55_25_poses.npz,55_25_poses,,120.0,3188,26.566666666666666,male,"[3188, 156]","[3188, 3]",[16],"[3188, 8]",trans;gender;mocap_framerate;betas;dmpls;poses,
55,55,55/55_26_poses.npz,55_26_poses,,120.0,4103,34.19166666666667,male,"[4103, 156]","[4103, 3]",[16],"[4103, 8]",trans;gender;mocap_framerate;betas;dmpls;poses,
55,55,55/55_27_poses.npz,55_27_poses,,120.0,5003,41.69166666666667,male,"[5003, 156]","[5003, 3]",[16],"[5003, 8]",trans;gender;mocap_framerate;betas;dmpls;poses,
55,55,55/55_28_poses.npz,55_28_poses,,120.0,8309,69.24166666666666,male,"[8309, 156]","[8309, 3]",[16],"[8309, 8]",trans;gender;mocap_framerate;betas;dmpls;poses,
56,56,56/56_01_poses.npz,56_01_poses,,120.0,1506,12.55,male,"[1506, 156]","[1506, 3]",[16],"[1506, 8]",trans;gender;mocap_framerate;betas;dmpls;poses,
56,56,56/56_02_poses.npz,56_02_poses,,120.0,3418,28.483333333333334,male,"[3418, 156]","[3418, 3]",[16],"[3418, 8]",trans;gender;mocap_framerate;betas;dmpls;poses,
56,56,56/56_03_poses.npz,56_03_poses,,120.0,6220,51.833333333333336,male,"[6220, 156]","[6220, 3]",[16],"[6220, 8]",trans;gender;mocap_framerate;betas;dmpls;poses,
56,56,56/56_04_poses.npz,56_04_poses,,120.0,6767,56.391666666666666,male,"[6767, 156]","[6767, 3]",[16],"[6767, 8]",trans;gender;mocap_framerate;betas;dmpls;poses,
56,56,56/56_05_poses.npz,56_05_poses,,120.0,7359,61.325,male,"[7359, 156]","[7359, 3]",[16],"[7359, 8]",trans;gender;mocap_framerate;betas;dmpls;poses,
56,56,56/56_06_poses.npz,56_06_poses,,120.0,6784,56.53333333333333,male,"[6784, 156]","[6784, 3]",[16],"[6784, 8]",trans;gender;mocap_framerate;betas;dmpls;poses,
56,56,56/56_07_poses.npz,56_07_poses,,120.0,9420,78.5,male,"[9420, 156]","[9420, 3]",[16],"[9420, 8]",trans;gender;mocap_framerate;betas;dmpls;poses,
56,56,56/56_08_poses.npz,56_08_poses,,120.0,4174,34.78333333333333,male,"[4174, 156]","[4174, 3]",[16],"[4174, 8]",trans;gender;mocap_framerate;betas;dmpls;poses,
60,60,60/60_01_poses.npz,60_01_poses,,60.0,2242,37.36666666666667,male,"[2242, 156]","[2242, 3]",[16],"[2242, 8]",trans;gender;mocap_framerate;betas;dmpls;poses,
60,60,60/60_02_poses.npz,60_02_poses,,60.0,2101,35.016666666666666,male,"[2101, 156]","[2101, 3]",[16],"[2101, 8]",trans;gender;mocap_framerate;betas;dmpls;poses,
60,60,60/60_03_poses.npz,60_03_poses,,60.0,1830,30.5,male,"[1830, 156]","[1830, 3]",[16],"[1830, 8]",trans;gender;mocap_framerate;betas;dmpls;poses,
60,60,60/60_04_poses.npz,60_04_poses,,60.0,1871,31.183333333333334,male,"[1871, 156]","[1871, 3]",[16],"[1871, 8]",trans;gender;mocap_framerate;betas;dmpls;poses,
60,60,60/60_05_poses.npz,60_05_poses,,60.0,1678,27.966666666666665,male,"[1678, 156]","[1678, 3]",[16],"[1678, 8]",trans;gender;mocap_framerate;betas;dmpls;poses,
60,60,60/60_06_poses.npz,60_06_poses,,60.0,1772,29.533333333333335,male,"[1772, 156]","[1772, 3]",[16],"[1772, 8]",trans;gender;mocap_framerate;betas;dmpls;poses,
60,60,60/60_08_poses.npz,60_08_poses,,60.0,3421,57.016666666666666,male,"[3421, 156]","[3421, 3]",[16],"[3421, 8]",trans;gender;mocap_framerate;betas;dmpls;poses,
60,60,60/60_09_poses.npz,60_09_poses,,60.0,2575,42.916666666666664,male,"[2575, 156]","[2575, 3]",[16],"[2575, 8]",trans;gender;mocap_framerate;betas;dmpls;poses,
60,60,60/60_10_poses.npz,60_10_poses,,60.0,1197,19.95,male,"[1197, 156]","[1197, 3]",[16],"[1197, 8]",trans;gender;mocap_framerate;betas;dmpls;poses,
60,60,60/60_11_poses.npz,60_11_poses,,60.0,2108,35.13333333333333,male,"[2108, 156]","[2108, 3]",[16],"[2108, 8]",trans;gender;mocap_framerate;betas;dmpls;poses,
60,60,60/60_12_poses.npz,60_12_poses,,60.0,1690,28.166666666666668,male,"[1690, 156]","[1690, 3]",[16],"[1690, 8]",trans;gender;mocap_framerate;betas;dmpls;poses,
60,60,60/60_13_poses.npz,60_13_poses,,60.0,2271,37.85,male,"[2271, 156]","[2271, 3]",[16],"[2271, 8]",trans;gender;mocap_framerate;betas;dmpls;poses,
60,60,60/60_14_poses.npz,60_14_poses,,60.0,1949,32.483333333333334,male,"[1949, 156]","[1949, 3]",[16],"[1949, 8]",trans;gender;mocap_framerate;betas;dmpls;poses,
60,60,60/60_15_poses.npz,60_15_poses,,60.0,2140,35.666666666666664,male,"[2140, 156]","[2140, 3]",[16],"[2140, 8]",trans;gender;mocap_framerate;betas;dmpls;poses,
61,61,61/61_01_poses.npz,61_01_poses,,60.0,2242,37.36666666666667,male,"[2242, 156]","[2242, 3]",[16],"[2242, 8]",trans;gender;mocap_framerate;betas;dmpls;poses,
61,61,61/61_02_poses.npz,61_02_poses,,60.0,2101,35.016666666666666,male,"[2101, 156]","[2101, 3]",[16],"[2101, 8]",trans;gender;mocap_framerate;betas;dmpls;poses,
61,61,61/61_03_poses.npz,61_03_poses,,60.0,1830,30.5,male,"[1830, 156]","[1830, 3]",[16],"[1830, 8]",trans;gender;mocap_framerate;betas;dmpls;poses,
61,61,61/61_04_poses.npz,61_04_poses,,60.0,1871,31.183333333333334,male,"[1871, 156]","[1871, 3]",[16],"[1871, 8]",trans;gender;mocap_framerate;betas;dmpls;poses,
61,61,61/61_09_poses.npz,61_09_poses,,60.0,2575,42.916666666666664,male,"[2575, 156]","[2575, 3]",[16],"[2575, 8]",trans;gender;mocap_framerate;betas;dmpls;poses,
61,61,61/61_10_poses.npz,61_10_poses,,60.0,1197,19.95,male,"[1197, 156]","[1197, 3]",[16],"[1197, 8]",trans;gender;mocap_framerate;betas;dmpls;poses,
61,61,61/61_12_poses.npz,61_12_poses,,60.0,1690,28.166666666666668,male,"[1690, 156]","[1690, 3]",[16],"[1690, 8]",trans;gender;mocap_framerate;betas;dmpls;poses,
61,61,61/61_15_poses.npz,61_15_poses,,60.0,2140,35.666666666666664,male,"[2140, 156]","[2140, 3]",[16],"[2140, 8]",trans;gender;mocap_framerate;betas;dmpls;poses,
62,62,62/62_01_poses.npz,62_01_poses,,60.0,1082,18.033333333333335,male,"[1082, 156]","[1082, 3]",[16],"[1082, 8]",trans;gender;mocap_framerate;betas;dmpls;poses,
62,62,62/62_02_poses.npz,62_02_poses,,60.0,1040,17.333333333333332,male,"[1040, 156]","[1040, 3]",[16],"[1040, 8]",trans;gender;mocap_framerate;betas;dmpls;poses,
62,62,62/62_03_poses.npz,62_03_poses,,60.0,1377,22.95,male,"[1377, 156]","[1377, 3]",[16],"[1377, 8]",trans;gender;mocap_framerate;betas;dmpls;poses,
62,62,62/62_04_poses.npz,62_04_poses,,60.0,1353,22.55,male,"[1353, 156]","[1353, 3]",[16],"[1353, 8]",trans;gender;mocap_framerate;betas;dmpls;poses,
62,62,62/62_05_poses.npz,62_05_poses,,60.0,1158,19.3,male,"[1158, 156]","[1158, 3]",[16],"[1158, 8]",trans;gender;mocap_framerate;betas;dmpls;poses,
62,62,62/62_06_poses.npz,62_06_poses,,60.0,2650,44.166666666666664,male,"[2650, 156]","[2650, 3]",[16],"[2650, 8]",trans;gender;mocap_framerate;betas;dmpls;poses,
62,62,62/62_07_poses.npz,62_07_poses,,60.0,1114,18.566666666666666,male,"[1114, 156]","[1114, 3]",[16],"[1114, 8]",trans;gender;mocap_framerate;betas;dmpls;poses,
62,62,62/62_08_poses.npz,62_08_poses,,60.0,896,14.933333333333334,male,"[896, 156]","[896, 3]",[16],"[896, 8]",trans;gender;mocap_framerate;betas;dmpls;poses,
62,62,62/62_09_poses.npz,62_09_poses,,60.0,1138,18.966666666666665,male,"[1138, 156]","[1138, 3]",[16],"[1138, 8]",trans;gender;mocap_framerate;betas;dmpls;poses,
62,62,62/62_10_poses.npz,62_10_poses,,60.0,2021,33.68333333333333,male,"[2021, 156]","[2021, 3]",[16],"[2021, 8]",trans;gender;mocap_framerate;betas;dmpls;poses,
62,62,62/62_11_poses.npz,62_11_poses,,60.0,3707,61.78333333333333,male,"[3707, 156]","[3707, 3]",[16],"[3707, 8]",trans;gender;mocap_framerate;betas;dmpls;poses,
62,62,62/62_12_poses.npz,62_12_poses,,60.0,985,16.416666666666668,male,"[985, 156]","[985, 3]",[16],"[985, 8]",trans;gender;mocap_framerate;betas;dmpls;poses,
62,62,62/62_13_poses.npz,62_13_poses,,60.0,1264,21.066666666666666,male,"[1264, 156]","[1264, 3]",[16],"[1264, 8]",trans;gender;mocap_framerate;betas;dmpls;poses,
62,62,62/62_14_poses.npz,62_14_poses,,60.0,674,11.233333333333333,male,"[674, 156]","[674, 3]",[16],"[674, 8]",trans;gender;mocap_framerate;betas;dmpls;poses,
62,62,62/62_15_poses.npz,62_15_poses,,60.0,680,11.333333333333334,male,"[680, 156]","[680, 3]",[16],"[680, 8]",trans;gender;mocap_framerate;betas;dmpls;poses,
62,62,62/62_16_poses.npz,62_16_poses,,60.0,628,10.466666666666667,male,"[628, 156]","[628, 3]",[16],"[628, 8]",trans;gender;mocap_framerate;betas;dmpls;poses,
62,62,62/62_17_poses.npz,62_17_poses,,60.0,721,12.016666666666667,male,"[721, 156]","[721, 3]",[16],"[721, 8]",trans;gender;mocap_framerate;betas;dmpls;poses,
62,62,62/62_18_poses.npz,62_18_poses,,60.0,565,9.416666666666666,male,"[565, 156]","[565, 3]",[16],"[565, 8]",trans;gender;mocap_framerate;betas;dmpls;poses,
62,62,62/62_19_poses.npz,62_19_poses,,60.0,659,10.983333333333333,male,"[659, 156]","[659, 3]",[16],"[659, 8]",trans;gender;mocap_framerate;betas;dmpls;poses,
62,62,62/62_20_poses.npz,62_20_poses,,60.0,964,16.066666666666666,male,"[964, 156]","[964, 3]",[16],"[964, 8]",trans;gender;mocap_framerate;betas;dmpls;poses,
62,62,62/62_21_poses.npz,62_21_poses,,60.0,3449,57.483333333333334,male,"[3449, 156]","[3449, 3]",[16],"[3449, 8]",trans;gender;mocap_framerate;betas;dmpls;poses,
62,62,62/62_22_poses.npz,62_22_poses,,60.0,1056,17.6,male,"[1056, 156]","[1056, 3]",[16],"[1056, 8]",trans;gender;mocap_framerate;betas;dmpls;poses,
62,62,62/62_23_poses.npz,62_23_poses,,60.0,955,15.916666666666666,male,"[955, 156]","[955, 3]",[16],"[955, 8]",trans;gender;mocap_framerate;betas;dmpls;poses,
62,62,62/62_24_poses.npz,62_24_poses,,60.0,2886,48.1,male,"[2886, 156]","[2886, 3]",[16],"[2886, 8]",trans;gender;mocap_framerate;betas;dmpls;poses,
62,62,62/62_25_poses.npz,62_25_poses,,60.0,1324,22.066666666666666,male,"[1324, 156]","[1324, 3]",[16],"[1324, 8]",trans;gender;mocap_framerate;betas;dmpls;poses,
63,63,63/63_01_poses.npz,63_01_poses,,120.0,448,3.7333333333333334,male,"[448, 156]","[448, 3]",[16],"[448, 8]",trans;gender;mocap_framerate;betas;dmpls;poses,
63,63,63/63_02_poses.npz,63_02_poses,,120.0,493,4.108333333333333,male,"[493, 156]","[493, 3]",[16],"[493, 8]",trans;gender;mocap_framerate;betas;dmpls;poses,
63,63,63/63_03_poses.npz,63_03_poses,,120.0,444,3.7,male,"[444, 156]","[444, 3]",[16],"[444, 8]",trans;gender;mocap_framerate;betas;dmpls;poses,
63,63,63/63_04_poses.npz,63_04_poses,,120.0,412,3.433333333333333,male,"[412, 156]","[412, 3]",[16],"[412, 8]",trans;gender;mocap_framerate;betas;dmpls;poses,
63,63,63/63_05_poses.npz,63_05_poses,,120.0,387,3.225,male,"[387, 156]","[387, 3]",[16],"[387, 8]",trans;gender;mocap_framerate;betas;dmpls;poses,
63,63,63/63_06_poses.npz,63_06_poses,,120.0,529,4.408333333333333,male,"[529, 156]","[529, 3]",[16],"[529, 8]",trans;gender;mocap_framerate;betas;dmpls;poses,
63,63,63/63_07_poses.npz,63_07_poses,,120.0,376,3.1333333333333333,male,"[376, 156]","[376, 3]",[16],"[376, 8]",trans;gender;mocap_framerate;betas;dmpls;poses,
63,63,63/63_08_poses.npz,63_08_poses,,120.0,364,3.033333333333333,male,"[364, 156]","[364, 3]",[16],"[364, 8]",trans;gender;mocap_framerate;betas;dmpls;poses,
63,63,63/63_09_poses.npz,63_09_poses,,120.0,452,3.7666666666666666,male,"[452, 156]","[452, 3]",[16],"[452, 8]",trans;gender;mocap_framerate;betas;dmpls;poses,
63,63,63/63_10_poses.npz,63_10_poses,,120.0,562,4.683333333333334,male,"[562, 156]","[562, 3]",[16],"[562, 8]",trans;gender;mocap_framerate;betas;dmpls;poses,
63,63,63/63_11_poses.npz,63_11_poses,,120.0,593,4.941666666666666,male,"[593, 156]","[593, 3]",[16],"[593, 8]",trans;gender;mocap_framerate;betas;dmpls;poses,
63,63,63/63_12_poses.npz,63_12_poses,,120.0,504,4.2,male,"[504, 156]","[504, 3]",[16],"[504, 8]",trans;gender;mocap_framerate;betas;dmpls;poses,
63,63,63/63_13_poses.npz,63_13_poses,,120.0,437,3.6416666666666666,male,"[437, 156]","[437, 3]",[16],"[437, 8]",trans;gender;mocap_framerate;betas;dmpls;poses,
63,63,63/63_14_poses.npz,63_14_poses,,120.0,559,4.658333333333333,male,"[559, 156]","[559, 3]",[16],"[559, 8]",trans;gender;mocap_framerate;betas;dmpls;poses,
63,63,63/63_15_poses.npz,63_15_poses,,120.0,415,3.4583333333333335,male,"[415, 156]","[415, 3]",[16],"[415, 8]",trans;gender;mocap_framerate;betas;dmpls;poses,
63,63,63/63_16_poses.npz,63_16_poses,,120.0,621,5.175,male,"[621, 156]","[621, 3]",[16],"[621, 8]",trans;gender;mocap_framerate;betas;dmpls;poses,
63,63,63/63_17_poses.npz,63_17_poses,,120.0,534,4.45,male,"[534, 156]","[534, 3]",[16],"[534, 8]",trans;gender;mocap_framerate;betas;dmpls;poses,
63,63,63/63_18_poses.npz,63_18_poses,,120.0,475,3.9583333333333335,male,"[475, 156]","[475, 3]",[16],"[475, 8]",trans;gender;mocap_framerate;betas;dmpls;poses,
63,63,63/63_19_poses.npz,63_19_poses,,120.0,367,3.058333333333333,male,"[367, 156]","[367, 3]",[16],"[367, 8]",trans;gender;mocap_framerate;betas;dmpls;poses,
63,63,63/63_20_poses.npz,63_20_poses,,120.0,586,4.883333333333334,male,"[586, 156]","[586, 3]",[16],"[586, 8]",trans;gender;mocap_framerate;betas;dmpls;poses,
63,63,63/63_21_poses.npz,63_21_poses,,120.0,437,3.6416666666666666,male,"[437, 156]","[437, 3]",[16],"[437, 8]",trans;gender;mocap_framerate;betas;dmpls;poses,
63,63,63/63_22_poses.npz,63_22_poses,,120.0,527,4.391666666666667,male,"[527, 156]","[527, 3]",[16],"[527, 8]",trans;gender;mocap_framerate;betas;dmpls;poses,
63,63,63/63_23_poses.npz,63_23_poses,,120.0,521,4.341666666666667,male,"[521, 156]","[521, 3]",[16],"[521, 8]",trans;gender;mocap_framerate;betas;dmpls;poses,
63,63,63/63_24_poses.npz,63_24_poses,,120.0,578,4.816666666666666,male,"[578, 156]","[578, 3]",[16],"[578, 8]",trans;gender;mocap_framerate;betas;dmpls;poses,
63,63,63/63_25_poses.npz,63_25_poses,,120.0,615,5.125,male,"[615, 156]","[615, 3]",[16],"[615, 8]",trans;gender;mocap_framerate;betas;dmpls;poses,
63,63,63/63_26_poses.npz,63_26_poses,,120.0,562,4.683333333333334,male,"[562, 156]","[562, 3]",[16],"[562, 8]",trans;gender;mocap_framerate;betas;dmpls;poses,
63,63,63/63_27_poses.npz,63_27_poses,,120.0,569,4.741666666666666,male,"[569, 156]","[569, 3]",[16],"[569, 8]",trans;gender;mocap_framerate;betas;dmpls;poses,
63,63,63/63_28_poses.npz,63_28_poses,,120.0,517,4.308333333333334,male,"[517, 156]","[517, 3]",[16],"[517, 8]",trans;gender;mocap_framerate;betas;dmpls;poses,
63,63,63/63_29_poses.npz,63_29_poses,,120.0,579,4.825,male,"[579, 156]","[579, 3]",[16],"[579, 8]",trans;gender;mocap_framerate;betas;dmpls;poses,
63,63,63/63_30_poses.npz,63_30_poses,,120.0,616,5.133333333333334,male,"[616, 156]","[616, 3]",[16],"[616, 8]",trans;gender;mocap_framerate;betas;dmpls;poses,
64,64,64/64_01_poses.npz,64_01_poses,,120.0,448,3.7333333333333334,male,"[448, 156]","[448, 3]",[16],"[448, 8]",trans;gender;mocap_framerate;betas;dmpls;poses,
64,64,64/64_02_poses.npz,64_02_poses,,120.0,493,4.108333333333333,male,"[493, 156]","[493, 3]",[16],"[493, 8]",trans;gender;mocap_framerate;betas;dmpls;poses,
64,64,64/64_03_poses.npz,64_03_poses,,120.0,444,3.7,male,"[444, 156]","[444, 3]",[16],"[444, 8]",trans;gender;mocap_framerate;betas;dmpls;poses,
64,64,64/64_04_poses.npz,64_04_poses,,120.0,412,3.433333333333333,male,"[412, 156]","[412, 3]",[16],"[412, 8]",trans;gender;mocap_framerate;betas;dmpls;poses,
64,64,64/64_05_poses.npz,64_05_poses,,120.0,387,3.225,male,"[387, 156]","[387, 3]",[16],"[387, 8]",trans;gender;mocap_framerate;betas;dmpls;poses,
64,64,64/64_06_poses.npz,64_06_poses,,120.0,529,4.408333333333333,male,"[529, 156]","[529, 3]",[16],"[529, 8]",trans;gender;mocap_framerate;betas;dmpls;poses,
64,64,64/64_07_poses.npz,64_07_poses,,120.0,376,3.1333333333333333,male,"[376, 156]","[376, 3]",[16],"[376, 8]",trans;gender;mocap_framerate;betas;dmpls;poses,
64,64,64/64_08_poses.npz,64_08_poses,,120.0,364,3.033333333333333,male,"[364, 156]","[364, 3]",[16],"[364, 8]",trans;gender;mocap_framerate;betas;dmpls;poses,
64,64,64/64_09_poses.npz,64_09_poses,,120.0,452,3.7666666666666666,male,"[452, 156]","[452, 3]",[16],"[452, 8]",trans;gender;mocap_framerate;betas;dmpls;poses,
64,64,64/64_10_poses.npz,64_10_poses,,120.0,562,4.683333333333334,male,"[562, 156]","[562, 3]",[16],"[562, 8]",trans;gender;mocap_framerate;betas;dmpls;poses,
64,64,64/64_11_poses.npz,64_11_poses,,120.0,593,4.941666666666666,male,"[593, 156]","[593, 3]",[16],"[593, 8]",trans;gender;mocap_framerate;betas;dmpls;poses,
64,64,64/64_12_poses.npz,64_12_poses,,120.0,504,4.2,male,"[504, 156]","[504, 3]",[16],"[504, 8]",trans;gender;mocap_framerate;betas;dmpls;poses,
64,64,64/64_13_poses.npz,64_13_poses,,120.0,437,3.6416666666666666,male,"[437, 156]","[437, 3]",[16],"[437, 8]",trans;gender;mocap_framerate;betas;dmpls;poses,
64,64,64/64_14_poses.npz,64_14_poses,,120.0,559,4.658333333333333,male,"[559, 156]","[559, 3]",[16],"[559, 8]",trans;gender;mocap_framerate;betas;dmpls;poses,
64,64,64/64_15_poses.npz,64_15_poses,,120.0,415,3.4583333333333335,male,"[415, 156]","[415, 3]",[16],"[415, 8]",trans;gender;mocap_framerate;betas;dmpls;poses,
64,64,64/64_16_poses.npz,64_16_poses,,120.0,621,5.175,male,"[621, 156]","[621, 3]",[16],"[621, 8]",trans;gender;mocap_framerate;betas;dmpls;poses,
64,64,64/64_17_poses.npz,64_17_poses,,120.0,534,4.45,male,"[534, 156]","[534, 3]",[16],"[534, 8]",trans;gender;mocap_framerate;betas;dmpls;poses,
64,64,64/64_18_poses.npz,64_18_poses,,120.0,475,3.9583333333333335,male,"[475, 156]","[475, 3]",[16],"[475, 8]",trans;gender;mocap_framerate;betas;dmpls;poses,
64,64,64/64_19_poses.npz,64_19_poses,,120.0,367,3.058333333333333,male,"[367, 156]","[367, 3]",[16],"[367, 8]",trans;gender;mocap_framerate;betas;dmpls;poses,
64,64,64/64_20_poses.npz,64_20_poses,,120.0,586,4.883333333333334,male,"[586, 156]","[586, 3]",[16],"[586, 8]",trans;gender;mocap_framerate;betas;dmpls;poses,
64,64,64/64_21_poses.npz,64_21_poses,,120.0,437,3.6416666666666666,male,"[437, 156]","[437, 3]",[16],"[437, 8]",trans;gender;mocap_framerate;betas;dmpls;poses,
64,64,64/64_22_poses.npz,64_22_poses,,120.0,527,4.391666666666667,male,"[527, 156]","[527, 3]",[16],"[527, 8]",trans;gender;mocap_framerate;betas;dmpls;poses,
64,64,64/64_23_poses.npz,64_23_poses,,120.0,521,4.341666666666667,male,"[521, 156]","[521, 3]",[16],"[521, 8]",trans;gender;mocap_framerate;betas;dmpls;poses,
64,64,64/64_24_poses.npz,64_24_poses,,120.0,578,4.816666666666666,male,"[578, 156]","[578, 3]",[16],"[578, 8]",trans;gender;mocap_framerate;betas;dmpls;poses,
64,64,64/64_25_poses.npz,64_25_poses,,120.0,615,5.125,male,"[615, 156]","[615, 3]",[16],"[615, 8]",trans;gender;mocap_framerate;betas;dmpls;poses,
64,64,64/64_26_poses.npz,64_26_poses,,120.0,562,4.683333333333334,male,"[562, 156]","[562, 3]",[16],"[562, 8]",trans;gender;mocap_framerate;betas;dmpls;poses,
64,64,64/64_27_poses.npz,64_27_poses,,120.0,569,4.741666666666666,male,"[569, 156]","[569, 3]",[16],"[569, 8]",trans;gender;mocap_framerate;betas;dmpls;poses,
64,64,64/64_28_poses.npz,64_28_poses,,120.0,517,4.308333333333334,male,"[517, 156]","[517, 3]",[16],"[517, 8]",trans;gender;mocap_framerate;betas;dmpls;poses,
64,64,64/64_29_poses.npz,64_29_poses,,120.0,579,4.825,male,"[579, 156]","[579, 3]",[16],"[579, 8]",trans;gender;mocap_framerate;betas;dmpls;poses,
64,64,64/64_30_poses.npz,64_30_poses,,120.0,616,5.133333333333334,male,"[616, 156]","[616, 3]",[16],"[616, 8]",trans;gender;mocap_framerate;betas;dmpls;poses,
70,70,70/70_01_poses.npz,70_01_poses,,120.0,715,5.958333333333333,male,"[715, 156]","[715, 3]",[16],"[715, 8]",trans;gender;mocap_framerate;betas;dmpls;poses,
70,70,70/70_02_poses.npz,70_02_poses,,120.0,759,6.325,male,"[759, 156]","[759, 3]",[16],"[759, 8]",trans;gender;mocap_framerate;betas;dmpls;poses,
70,70,70/70_03_poses.npz,70_03_poses,,120.0,1853,15.441666666666666,male,"[1853, 156]","[1853, 3]",[16],"[1853, 8]",trans;gender;mocap_framerate;betas;dmpls;poses,
70,70,70/70_04_poses.npz,70_04_poses,,120.0,1669,13.908333333333333,male,"[1669, 156]","[1669, 3]",[16],"[1669, 8]",trans;gender;mocap_framerate;betas;dmpls;poses,
70,70,70/70_05_poses.npz,70_05_poses,,120.0,904,7.533333333333333,male,"[904, 156]","[904, 3]",[16],"[904, 8]",trans;gender;mocap_framerate;betas;dmpls;poses,
70,70,70/70_06_poses.npz,70_06_poses,,120.0,835,6.958333333333333,male,"[835, 156]","[835, 3]",[16],"[835, 8]",trans;gender;mocap_framerate;betas;dmpls;poses,
70,70,70/70_08_poses.npz,70_08_poses,,120.0,854,7.116666666666666,male,"[854, 156]","[854, 3]",[16],"[854, 8]",trans;gender;mocap_framerate;betas;dmpls;poses,
70,70,70/70_09_poses.npz,70_09_poses,,120.0,840,7.0,male,"[840, 156]","[840, 3]",[16],"[840, 8]",trans;gender;mocap_framerate;betas;dmpls;poses,
70,70,70/70_10_poses.npz,70_10_poses,,120.0,799,6.658333333333333,male,"[799, 156]","[799, 3]",[16],"[799, 8]",trans;gender;mocap_framerate;betas;dmpls;poses,
73,73,73/73_01_poses.npz,73_01_poses,,120.0,715,5.958333333333333,male,"[715, 156]","[715, 3]",[16],"[715, 8]",trans;gender;mocap_framerate;betas;dmpls;poses,
73,73,73/73_02_poses.npz,73_02_poses,,120.0,759,6.325,male,"[759, 156]","[759, 3]",[16],"[759, 8]",trans;gender;mocap_framerate;betas;dmpls;poses,
73,73,73/73_03_poses.npz,73_03_poses,,120.0,1853,15.441666666666666,male,"[1853, 156]","[1853, 3]",[16],"[1853, 8]",trans;gender;mocap_framerate;betas;dmpls;poses,
73,73,73/73_04_poses.npz,73_04_poses,,120.0,1669,13.908333333333333,male,"[1669, 156]","[1669, 3]",[16],"[1669, 8]",trans;gender;mocap_framerate;betas;dmpls;poses,
73,73,73/73_05_poses.npz,73_05_poses,,120.0,904,7.533333333333333,male,"[904, 156]","[904, 3]",[16],"[904, 8]",trans;gender;mocap_framerate;betas;dmpls;poses,
73,73,73/73_06_poses.npz,73_06_poses,,120.0,835,6.958333333333333,male,"[835, 156]","[835, 3]",[16],"[835, 8]",trans;gender;mocap_framerate;betas;dmpls;poses,
73,73,73/73_08_poses.npz,73_08_poses,,120.0,854,7.116666666666666,male,"[854, 156]","[854, 3]",[16],"[854, 8]",trans;gender;mocap_framerate;betas;dmpls;poses,
73,73,73/73_09_poses.npz,73_09_poses,,120.0,840,7.0,male,"[840, 156]","[840, 3]",[16],"[840, 8]",trans;gender;mocap_framerate;betas;dmpls;poses,
73,73,73/73_10_poses.npz,73_10_poses,,120.0,799,6.658333333333333,male,"[799, 156]","[799, 3]",[16],"[799, 8]",trans;gender;mocap_framerate;betas;dmpls;poses,
74,74,74/74_01_poses.npz,74_01_poses,,60.0,464,7.733333333333333,male,"[464, 156]","[464, 3]",[16],"[464, 8]",trans;gender;mocap_framerate;betas;dmpls;poses,
74,74,74/74_02_poses.npz,74_02_poses,,60.0,265,4.416666666666667,male,"[265, 156]","[265, 3]",[16],"[265, 8]",trans;gender;mocap_framerate;betas;dmpls;poses,
74,74,74/74_03_poses.npz,74_03_poses,,60.0,396,6.6,male,"[396, 156]","[396, 3]",[16],"[396, 8]",trans;gender;mocap_framerate;betas;dmpls;poses,
74,74,74/74_04_poses.npz,74_04_poses,,60.0,315,5.25,male,"[315, 156]","[315, 3]",[16],"[315, 8]",trans;gender;mocap_framerate;betas;dmpls;poses,
74,74,74/74_05_poses.npz,74_05_poses,,60.0,323,5.383333333333334,male,"[323, 156]","[323, 3]",[16],"[323, 8]",trans;gender;mocap_framerate;betas;dmpls;poses,
74,74,74/74_06_poses.npz,74_06_poses,,60.0,325,5.416666666666667,male,"[325, 156]","[325, 3]",[16],"[325, 8]",trans;gender;mocap_framerate;betas;dmpls;poses,
74,74,74/74_07_poses.npz,74_07_poses,,60.0,311,5.183333333333334,male,"[311, 156]","[311, 3]",[16],"[311, 8]",trans;gender;mocap_framerate;betas;dmpls;poses,
74,74,74/74_08_poses.npz,74_08_poses,,60.0,168,2.8,male,"[168, 156]","[168, 3]",[16],"[168, 8]",trans;gender;mocap_framerate;betas;dmpls;poses,
74,74,74/74_09_poses.npz,74_09_poses,,120.0,199,1.6583333333333334,male,"[199, 156]","[199, 3]",[16],"[199, 8]",trans;gender;mocap_framerate;betas;dmpls;poses,
74,74,74/74_10_poses.npz,74_10_poses,,60.0,335,5.583333333333333,male,"[335, 156]","[335, 3]",[16],"[335, 8]",trans;gender;mocap_framerate;betas;dmpls;poses,
74,74,74/74_11_poses.npz,74_11_poses,,60.0,346,5.766666666666667,male,"[346, 156]","[346, 3]",[16],"[346, 8]",trans;gender;mocap_framerate;betas;dmpls;poses,
74,74,74/74_12_poses.npz,74_12_poses,,60.0,302,5.033333333333333,male,"[302, 156]","[302, 3]",[16],"[302, 8]",trans;gender;mocap_framerate;betas;dmpls;poses,
74,74,74/74_13_poses.npz,74_13_poses,,60.0,2524,42.06666666666667,male,"[2524, 156]","[2524, 3]",[16],"[2524, 8]",trans;gender;mocap_framerate;betas;dmpls;poses,
74,74,74/74_14_poses.npz,74_14_poses,,60.0,447,7.45,male,"[447, 156]","[447, 3]",[16],"[447, 8]",trans;gender;mocap_framerate;betas;dmpls;poses,
74,74,74/74_15_poses.npz,74_15_poses,,60.0,439,7.316666666666666,male,"[439, 156]","[439, 3]",[16],"[439, 8]",trans;gender;mocap_framerate;betas;dmpls;poses,
74,74,74/74_16_poses.npz,74_16_poses,,60.0,493,8.216666666666667,male,"[493, 156]","[493, 3]",[16],"[493, 8]",trans;gender;mocap_framerate;betas;dmpls;poses,
74,74,74/74_17_poses.npz,74_17_poses,,60.0,521,8.683333333333334,male,"[521, 156]","[521, 3]",[16],"[521, 8]",trans;gender;mocap_framerate;betas;dmpls;poses,
74,74,74/74_18_poses.npz,74_18_poses,,60.0,492,8.2,male,"[492, 156]","[492, 3]",[16],"[492, 8]",trans;gender;mocap_framerate;betas;dmpls;poses,
74,74,74/74_19_poses.npz,74_19_poses,,60.0,488,8.133333333333333,male,"[488, 156]","[488, 3]",[16],"[488, 8]",trans;gender;mocap_framerate;betas;dmpls;poses,
74,74,74/74_20_poses.npz,74_20_poses,,60.0,576,9.6,male,"[576, 156]","[576, 3]",[16],"[576, 8]",trans;gender;mocap_framerate;betas;dmpls;poses,
75,75,75/75_01_poses.npz,75_01_poses,,60.0,378,6.3,male,"[378, 156]","[378, 3]",[16],"[378, 8]",trans;gender;mocap_framerate;betas;dmpls;poses,
75,75,75/75_02_poses.npz,75_02_poses,,60.0,239,3.9833333333333334,male,"[239, 156]","[239, 3]",[16],"[239, 8]",trans;gender;mocap_framerate;betas;dmpls;poses,
75,75,75/75_03_poses.npz,75_03_poses,,60.0,207,3.45,male,"[207, 156]","[207, 3]",[16],"[207, 8]",trans;gender;mocap_framerate;betas;dmpls;poses,
75,75,75/75_04_poses.npz,75_04_poses,,60.0,290,4.833333333333333,male,"[290, 156]","[290, 3]",[16],"[290, 8]",trans;gender;mocap_framerate;betas;dmpls;poses,
75,75,75/75_05_poses.npz,75_05_poses,,60.0,298,4.966666666666667,male,"[298, 156]","[298, 3]",[16],"[298, 8]",trans;gender;mocap_framerate;betas;dmpls;poses,
75,75,75/75_06_poses.npz,75_06_poses,,60.0,729,12.15,male,"[729, 156]","[729, 3]",[16],"[729, 8]",trans;gender;mocap_framerate;betas;dmpls;poses,
75,75,75/75_07_poses.npz,75_07_poses,,60.0,1119,18.65,male,"[1119, 156]","[1119, 3]",[16],"[1119, 8]",trans;gender;mocap_framerate;betas;dmpls;poses,
75,75,75/75_08_poses.npz,75_08_poses,,60.0,1115,18.583333333333332,male,"[1115, 156]","[1115, 3]",[16],"[1115, 8]",trans;gender;mocap_framerate;betas;dmpls;poses,
75,75,75/75_09_poses.npz,75_09_poses,,60.0,372,6.2,male,"[372, 156]","[372, 3]",[16],"[372, 8]",trans;gender;mocap_framerate;betas;dmpls;poses,
75,75,75/75_11_poses.npz,75_11_poses,,60.0,176,2.933333333333333,male,"[176, 156]","[176, 3]",[16],"[176, 8]",trans;gender;mocap_framerate;betas;dmpls;poses,
75,75,75/75_12_poses.npz,75_12_poses,,60.0,462,7.7,male,"[462, 156]","[462, 3]",[16],"[462, 8]",trans;gender;mocap_framerate;betas;dmpls;poses,
75,75,75/75_13_poses.npz,75_13_poses,,60.0,373,6.216666666666667,male,"[373, 156]","[373, 3]",[16],"[373, 8]",trans;gender;mocap_framerate;betas;dmpls;poses,
75,75,75/75_14_poses.npz,75_14_poses,,60.0,446,7.433333333333334,male,"[446, 156]","[446, 3]",[16],"[446, 8]",trans;gender;mocap_framerate;betas;dmpls;poses,
75,75,75/75_15_poses.npz,75_15_poses,,60.0,1745,29.083333333333332,male,"[1745, 156]","[1745, 3]",[16],"[1745, 8]",trans;gender;mocap_framerate;betas;dmpls;poses,
75,75,75/75_16_poses.npz,75_16_poses,,60.0,343,5.716666666666667,male,"[343, 156]","[343, 3]",[16],"[343, 8]",trans;gender;mocap_framerate;betas;dmpls;poses,
75,75,75/75_17_poses.npz,75_17_poses,,60.0,324,5.4,male,"[324, 156]","[324, 3]",[16],"[324, 8]",trans;gender;mocap_framerate;betas;dmpls;poses,
75,75,75/75_18_poses.npz,75_18_poses,,60.0,303,5.05,male,"[303, 156]","[303, 3]",[16],"[303, 8]",trans;gender;mocap_framerate;betas;dmpls;poses,
75,75,75/75_19_poses.npz,75_19_poses,,60.0,768,12.8,male,"[768, 156]","[768, 3]",[16],"[768, 8]",trans;gender;mocap_framerate;betas;dmpls;poses,
75,75,75/75_20_poses.npz,75_20_poses,,60.0,496,8.266666666666667,male,"[496, 156]","[496, 3]",[16],"[496, 8]",trans;gender;mocap_framerate;betas;dmpls;poses,
76,76,76/76_01_poses.npz,76_01_poses,,120.0,930,7.75,female,"[930, 156]","[930, 3]",[16],"[930, 8]",trans;gender;mocap_framerate;betas;dmpls;poses,
76,76,76/76_02_poses.npz,76_02_poses,,120.0,1164,9.7,female,"[1164, 156]","[1164, 3]",[16],"[1164, 8]",trans;gender;mocap_framerate;betas;dmpls;poses,
76,76,76/76_03_poses.npz,76_03_poses,,120.0,1082,9.016666666666667,female,"[1082, 156]","[1082, 3]",[16],"[1082, 8]",trans;gender;mocap_framerate;betas;dmpls;poses,
76,76,76/76_04_poses.npz,76_04_poses,,120.0,417,3.475,female,"[417, 156]","[417, 3]",[16],"[417, 8]",trans;gender;mocap_framerate;betas;dmpls;poses,
76,76,76/76_05_poses.npz,76_05_poses,,120.0,866,7.216666666666667,female,"[866, 156]","[866, 3]",[16],"[866, 8]",trans;gender;mocap_framerate;betas;dmpls;poses,
76,76,76/76_06_poses.npz,76_06_poses,,120.0,675,5.625,female,"[675, 156]","[675, 3]",[16],"[675, 8]",trans;gender;mocap_framerate;betas;dmpls;poses,
76,76,76/76_07_poses.npz,76_07_poses,,120.0,20,0.16666666666666666,female,"[20, 156]","[20, 3]",[16],"[20, 8]",trans;gender;mocap_framerate;betas;dmpls;poses,
76,76,76/76_08_poses.npz,76_08_poses,,120.0,1503,12.525,female,"[1503, 156]","[1503, 3]",[16],"[1503, 8]",trans;gender;mocap_framerate;betas;dmpls;poses,
76,76,76/76_09_poses.npz,76_09_poses,,120.0,1587,13.225,female,"[1587, 156]","[1587, 3]",[16],"[1587, 8]",trans;gender;mocap_framerate;betas;dmpls;poses,
76,76,76/76_10_poses.npz,76_10_poses,,120.0,1365,11.375,female,"[1365, 156]","[1365, 3]",[16],"[1365, 8]",trans;gender;mocap_framerate;betas;dmpls;poses,
76,76,76/76_11_poses.npz,76_11_poses,,120.0,513,4.275,female,"[513, 156]","[513, 3]",[16],"[513, 8]",trans;gender;mocap_framerate;betas;dmpls;poses,
77,77,77/77_01_poses.npz,77_01_poses,,60.0,1090,18.166666666666668,male,"[1090, 156]","[1090, 3]",[16],"[1090, 8]",trans;gender;mocap_framerate;betas;dmpls;poses,
77,77,77/77_02_poses.npz,77_02_poses,,60.0,937,15.616666666666667,male,"[937, 156]","[937, 3]",[16],"[937, 8]",trans;gender;mocap_framerate;betas;dmpls;poses,
77,77,77/77_03_poses.npz,77_03_poses,,60.0,984,16.4,male,"[984, 156]","[984, 3]",[16],"[984, 8]",trans;gender;mocap_framerate;betas;dmpls;poses,
77,77,77/77_04_poses.npz,77_04_poses,,60.0,883,14.716666666666667,male,"[883, 156]","[883, 3]",[16],"[883, 8]",trans;gender;mocap_framerate;betas;dmpls;poses,
77,77,77/77_05_poses.npz,77_05_poses,,60.0,511,8.516666666666667,male,"[511, 156]","[511, 3]",[16],"[511, 8]",trans;gender;mocap_framerate;betas;dmpls;poses,
77,77,77/77_06_poses.npz,77_06_poses,,60.0,1352,22.533333333333335,male,"[1352, 156]","[1352, 3]",[16],"[1352, 8]",trans;gender;mocap_framerate;betas;dmpls;poses,
77,77,77/77_07_poses.npz,77_07_poses,,60.0,505,8.416666666666666,male,"[505, 156]","[505, 3]",[16],"[505, 8]",trans;gender;mocap_framerate;betas;dmpls;poses,
77,77,77/77_08_poses.npz,77_08_poses,,60.0,1008,16.8,male,"[1008, 156]","[1008, 3]",[16],"[1008, 8]",trans;gender;mocap_framerate;betas;dmpls;poses,
77,77,77/77_09_poses.npz,77_09_poses,,60.0,988,16.466666666666665,male,"[988, 156]","[988, 3]",[16],"[988, 8]",trans;gender;mocap_framerate;betas;dmpls;poses,
77,77,77/77_10_poses.npz,77_10_poses,,60.0,690,11.5,male,"[690, 156]","[690, 3]",[16],"[690, 8]",trans;gender;mocap_framerate;betas;dmpls;poses,
77,77,77/77_11_poses.npz,77_11_poses,,60.0,320,5.333333333333333,male,"[320, 156]","[320, 3]",[16],"[320, 8]",trans;gender;mocap_framerate;betas;dmpls;poses,
77,77,77/77_12_poses.npz,77_12_poses,,60.0,978,16.3,male,"[978, 156]","[978, 3]",[16],"[978, 8]",trans;gender;mocap_framerate;betas;dmpls;poses,
77,77,77/77_13_poses.npz,77_13_poses,,60.0,1387,23.116666666666667,male,"[1387, 156]","[1387, 3]",[16],"[1387, 8]",trans;gender;mocap_framerate;betas;dmpls;poses,
77,77,77/77_14_poses.npz,77_14_poses,,60.0,990,16.5,male,"[990, 156]","[990, 3]",[16],"[990, 8]",trans;gender;mocap_framerate;betas;dmpls;poses,
77,77,77/77_15_poses.npz,77_15_poses,,60.0,1078,17.966666666666665,male,"[1078, 156]","[1078, 3]",[16],"[1078, 8]",trans;gender;mocap_framerate;betas;dmpls;poses,
77,77,77/77_16_poses.npz,77_16_poses,,60.0,653,10.883333333333333,male,"[653, 156]","[653, 3]",[16],"[653, 8]",trans;gender;mocap_framerate;betas;dmpls;poses,
77,77,77/77_17_poses.npz,77_17_poses,,60.0,719,11.983333333333333,male,"[719, 156]","[719, 3]",[16],"[719, 8]",trans;gender;mocap_framerate;betas;dmpls;poses,
77,77,77/77_18_poses.npz,77_18_poses,,60.0,854,14.233333333333333,male,"[854, 156]","[854, 3]",[16],"[854, 8]",trans;gender;mocap_framerate;betas;dmpls;poses,
77,77,77/77_19_poses.npz,77_19_poses,,60.0,1000,16.666666666666668,male,"[1000, 156]","[1000, 3]",[16],"[1000, 8]",trans;gender;mocap_framerate;betas;dmpls;poses,
77,77,77/77_20_poses.npz,77_20_poses,,60.0,1570,26.166666666666668,male,"[1570, 156]","[1570, 3]",[16],"[1570, 8]",trans;gender;mocap_framerate;betas;dmpls;poses,
77,77,77/77_21_poses.npz,77_21_poses,,120.0,1310,10.916666666666666,male,"[1310, 156]","[1310, 3]",[16],"[1310, 8]",trans;gender;mocap_framerate;betas;dmpls;poses,
77,77,77/77_22_poses.npz,77_22_poses,,60.0,1425,23.75,male,"[1425, 156]","[1425, 3]",[16],"[1425, 8]",trans;gender;mocap_framerate;betas;dmpls;poses,
77,77,77/77_23_poses.npz,77_23_poses,,60.0,1592,26.533333333333335,male,"[1592, 156]","[1592, 3]",[16],"[1592, 8]",trans;gender;mocap_framerate;betas;dmpls;poses,
77,77,77/77_24_poses.npz,77_24_poses,,60.0,716,11.933333333333334,male,"[716, 156]","[716, 3]",[16],"[716, 8]",trans;gender;mocap_framerate;betas;dmpls;poses,
77,77,77/77_25_poses.npz,77_25_poses,,60.0,663,11.05,male,"[663, 156]","[663, 3]",[16],"[663, 8]",trans;gender;mocap_framerate;betas;dmpls;poses,
77,77,77/77_26_poses.npz,77_26_poses,,60.0,651,10.85,male,"[651, 156]","[651, 3]",[16],"[651, 8]",trans;gender;mocap_framerate;betas;dmpls;poses,
77,77,77/77_27_poses.npz,77_27_poses,,60.0,727,12.116666666666667,male,"[727, 156]","[727, 3]",[16],"[727, 8]",trans;gender;mocap_framerate;betas;dmpls;poses,
77,77,77/77_28_poses.npz,77_28_poses,,120.0,2970,24.75,male,"[2970, 156]","[2970, 3]",[16],"[2970, 8]",trans;gender;mocap_framerate;betas;dmpls;poses,
77,77,77/77_29_poses.npz,77_29_poses,,60.0,2104,35.06666666666667,male,"[2104, 156]","[2104, 3]",[16],"[2104, 8]",trans;gender;mocap_framerate;betas;dmpls;poses,
77,77,77/77_30_poses.npz,77_30_poses,,60.0,1261,21.016666666666666,male,"[1261, 156]","[1261, 3]",[16],"[1261, 8]",trans;gender;mocap_framerate;betas;dmpls;poses,
77,77,77/77_31_poses.npz,77_31_poses,,60.0,2106,35.1,male,"[2106, 156]","[2106, 3]",[16],"[2106, 8]",trans;gender;mocap_framerate;betas;dmpls;poses,
77,77,77/77_32_poses.npz,77_32_poses,,60.0,1894,31.566666666666666,male,"[1894, 156]","[1894, 3]",[16],"[1894, 8]",trans;gender;mocap_framerate;betas;dmpls;poses,
77,77,77/77_33_poses.npz,77_33_poses,,60.0,2997,49.95,male,"[2997, 156]","[2997, 3]",[16],"[2997, 8]",trans;gender;mocap_framerate;betas;dmpls;poses,
77,77,77/77_34_poses.npz,77_34_poses,,60.0,1122,18.7,male,"[1122, 156]","[1122, 3]",[16],"[1122, 8]",trans;gender;mocap_framerate;betas;dmpls;poses,
78,78,78/78_02_poses.npz,78_02_poses,,120.0,277,2.308333333333333,male,"[277, 156]","[277, 3]",[16],"[277, 8]",trans;gender;mocap_framerate;betas;dmpls;poses,
78,78,78/78_03_poses.npz,78_03_poses,,120.0,174,1.45,male,"[174, 156]","[174, 3]",[16],"[174, 8]",trans;gender;mocap_framerate;betas;dmpls;poses,
78,78,78/78_05_poses.npz,78_05_poses,,120.0,167,1.3916666666666666,male,"[167, 156]","[167, 3]",[16],"[167, 8]",trans;gender;mocap_framerate;betas;dmpls;poses,
78,78,78/78_06_poses.npz,78_06_poses,,120.0,109,0.9083333333333333,male,"[109, 156]","[109, 3]",[16],"[109, 8]",trans;gender;mocap_framerate;betas;dmpls;poses,
78,78,78/78_07_poses.npz,78_07_poses,,120.0,141,1.175,male,"[141, 156]","[141, 3]",[16],"[141, 8]",trans;gender;mocap_framerate;betas;dmpls;poses,
78,78,78/78_08_poses.npz,78_08_poses,,120.0,112,0.9333333333333333,male,"[112, 156]","[112, 3]",[16],"[112, 8]",trans;gender;mocap_framerate;betas;dmpls;poses,
78,78,78/78_10_poses.npz,78_10_poses,,120.0,140,1.1666666666666667,male,"[140, 156]","[140, 3]",[16],"[140, 8]",trans;gender;mocap_framerate;betas;dmpls;poses,
78,78,78/78_11_poses.npz,78_11_poses,,120.0,46,0.38333333333333336,male,"[46, 156]","[46, 3]",[16],"[46, 8]",trans;gender;mocap_framerate;betas;dmpls;poses,
78,78,78/78_12_poses.npz,78_12_poses,,120.0,97,0.8083333333333333,male,"[97, 156]","[97, 3]",[16],"[97, 8]",trans;gender;mocap_framerate;betas;dmpls;poses,
78,78,78/78_13_poses.npz,78_13_poses,,120.0,174,1.45,male,"[174, 156]","[174, 3]",[16],"[174, 8]",trans;gender;mocap_framerate;betas;dmpls;poses,
78,78,78/78_14_poses.npz,78_14_poses,,120.0,171,1.425,male,"[171, 156]","[171, 3]",[16],"[171, 8]",trans;gender;mocap_framerate;betas;dmpls;poses,
78,78,78/78_15_poses.npz,78_15_poses,,120.0,152,1.2666666666666666,male,"[152, 156]","[152, 3]",[16],"[152, 8]",trans;gender;mocap_framerate;betas;dmpls;poses,
78,78,78/78_16_poses.npz,78_16_poses,,120.0,196,1.6333333333333333,male,"[196, 156]","[196, 3]",[16],"[196, 8]",trans;gender;mocap_framerate;betas;dmpls;poses,
78,78,78/78_17_poses.npz,78_17_poses,,120.0,179,1.4916666666666667,male,"[179, 156]","[179, 3]",[16],"[179, 8]",trans;gender;mocap_framerate;betas;dmpls;poses,
78,78,78/78_18_poses.npz,78_18_poses,,120.0,213,1.775,male,"[213, 156]","[213, 3]",[16],"[213, 8]",trans;gender;mocap_framerate;betas;dmpls;poses,
78,78,78/78_19_poses.npz,78_19_poses,,120.0,176,1.4666666666666666,male,"[176, 156]","[176, 3]",[16],"[176, 8]",trans;gender;mocap_framerate;betas;dmpls;poses,
78,78,78/78_20_poses.npz,78_20_poses,,120.0,230,1.9166666666666667,male,"[230, 156]","[230, 3]",[16],"[230, 8]",trans;gender;mocap_framerate;betas;dmpls;poses,
78,78,78/78_21_poses.npz,78_21_poses,,120.0,226,1.8833333333333333,male,"[226, 156]","[226, 3]",[16],"[226, 8]",trans;gender;mocap_framerate;betas;dmpls;poses,
78,78,78/78_22_poses.npz,78_22_poses,,120.0,606,5.05,male,"[606, 156]","[606, 3]",[16],"[606, 8]",trans;gender;mocap_framerate;betas;dmpls;poses,
78,78,78/78_23_poses.npz,78_23_poses,,120.0,519,4.325,male,"[519, 156]","[519, 3]",[16],"[519, 8]",trans;gender;mocap_framerate;betas;dmpls;poses,
78,78,78/78_24_poses.npz,78_24_poses,,120.0,246,2.05,male,"[246, 156]","[246, 3]",[16],"[246, 8]",trans;gender;mocap_framerate;betas;dmpls;poses,
78,78,78/78_25_poses.npz,78_25_poses,,120.0,356,2.966666666666667,male,"[356, 156]","[356, 3]",[16],"[356, 8]",trans;gender;mocap_framerate;betas;dmpls;poses,
78,78,78/78_26_poses.npz,78_26_poses,,120.0,326,2.716666666666667,male,"[326, 156]","[326, 3]",[16],"[326, 8]",trans;gender;mocap_framerate;betas;dmpls;poses,
78,78,78/78_27_poses.npz,78_27_poses,,120.0,296,2.466666666666667,male,"[296, 156]","[296, 3]",[16],"[296, 8]",trans;gender;mocap_framerate;betas;dmpls;poses,
78,78,78/78_28_poses.npz,78_28_poses,,120.0,448,3.7333333333333334,male,"[448, 156]","[448, 3]",[16],"[448, 8]",trans;gender;mocap_framerate;betas;dmpls;poses,
78,78,78/78_29_poses.npz,78_29_poses,,120.0,171,1.425,male,"[171, 156]","[171, 3]",[16],"[171, 8]",trans;gender;mocap_framerate;betas;dmpls;poses,
78,78,78/78_30_poses.npz,78_30_poses,,120.0,703,5.858333333333333,male,"[703, 156]","[703, 3]",[16],"[703, 8]",trans;gender;mocap_framerate;betas;dmpls;poses,
78,78,78/78_31_poses.npz,78_31_poses,,120.0,798,6.65,male,"[798, 156]","[798, 3]",[16],"[798, 8]",trans;gender;mocap_framerate;betas;dmpls;poses,
78,78,78/78_32_poses.npz,78_32_poses,,120.0,214,1.7833333333333334,male,"[214, 156]","[214, 3]",[16],"[214, 8]",trans;gender;mocap_framerate;betas;dmpls;poses,
78,78,78/78_33_poses.npz,78_33_poses,,120.0,229,1.9083333333333334,male,"[229, 156]","[229, 3]",[16],"[229, 8]",trans;gender;mocap_framerate;betas;dmpls;poses,
78,78,78/78_34_poses.npz,78_34_poses,,120.0,305,2.5416666666666665,male,"[305, 156]","[305, 3]",[16],"[305, 8]",trans;gender;mocap_framerate;betas;dmpls;poses,
78,78,78/78_35_poses.npz,78_35_poses,,120.0,220,1.8333333333333333,male,"[220, 156]","[220, 3]",[16],"[220, 8]",trans;gender;mocap_framerate;betas;dmpls;poses,
79,79,79/79_01_poses.npz,79_01_poses,,60.0,586,9.766666666666667,male,"[586, 156]","[586, 3]",[16],"[586, 8]",trans;gender;mocap_framerate;betas;dmpls;poses,
79,79,79/79_02_poses.npz,79_02_poses,,60.0,776,12.933333333333334,male,"[776, 156]","[776, 3]",[16],"[776, 8]",trans;gender;mocap_framerate;betas;dmpls;poses,
79,79,79/79_03_poses.npz,79_03_poses,,60.0,843,14.05,male,"[843, 156]","[843, 3]",[16],"[843, 8]",trans;gender;mocap_framerate;betas;dmpls;poses,
79,79,79/79_04_poses.npz,79_04_poses,,60.0,909,15.15,male,"[909, 156]","[909, 3]",[16],"[909, 8]",trans;gender;mocap_framerate;betas;dmpls;poses,
79,79,79/79_05_poses.npz,79_05_poses,,60.0,980,16.333333333333332,male,"[980, 156]","[980, 3]",[16],"[980, 8]",trans;gender;mocap_framerate;betas;dmpls;poses,
79,79,79/79_06_poses.npz,79_06_poses,,60.0,590,9.833333333333334,male,"[590, 156]","[590, 3]",[16],"[590, 8]",trans;gender;mocap_framerate;betas;dmpls;poses,
79,79,79/79_07_poses.npz,79_07_poses,,60.0,329,5.483333333333333,male,"[329, 156]","[329, 3]",[16],"[329, 8]",trans;gender;mocap_framerate;betas;dmpls;poses,
79,79,79/79_08_poses.npz,79_08_poses,,60.0,442,7.366666666666666,male,"[442, 156]","[442, 3]",[16],"[442, 8]",trans;gender;mocap_framerate;betas;dmpls;poses,
79,79,79/79_09_poses.npz,79_09_poses,,60.0,838,13.966666666666667,male,"[838, 156]","[838, 3]",[16],"[838, 8]",trans;gender;mocap_framerate;betas;dmpls;poses,
79,79,79/79_10_poses.npz,79_10_poses,,60.0,703,11.716666666666667,male,"[703, 156]","[703, 3]",[16],"[703, 8]",trans;gender;mocap_framerate;betas;dmpls;poses,
79,79,79/79_11_poses.npz,79_11_poses,,60.0,130,2.1666666666666665,male,"[130, 156]","[130, 3]",[16],"[130, 8]",trans;gender;mocap_framerate;betas;dmpls;poses,
79,79,79/79_12_poses.npz,79_12_poses,,60.0,1025,17.083333333333332,male,"[1025, 156]","[1025, 3]",[16],"[1025, 8]",trans;gender;mocap_framerate;betas;dmpls;poses,
79,79,79/79_13_poses.npz,79_13_poses,,60.0,664,11.066666666666666,male,"[664, 156]","[664, 3]",[16],"[664, 8]",trans;gender;mocap_framerate;betas;dmpls;poses,
79,79,79/79_14_poses.npz,79_14_poses,,60.0,733,12.216666666666667,male,"[733, 156]","[733, 3]",[16],"[733, 8]",trans;gender;mocap_framerate;betas;dmpls;poses,
79,79,79/79_15_poses.npz,79_15_poses,,60.0,875,14.583333333333334,male,"[875, 156]","[875, 3]",[16],"[875, 8]",trans;gender;mocap_framerate;betas;dmpls;poses,
79,79,79/79_16_poses.npz,79_16_poses,,60.0,720,12.0,male,"[720, 156]","[720, 3]",[16],"[720, 8]",trans;gender;mocap_framerate;betas;dmpls;poses,
79,79,79/79_17_poses.npz,79_17_poses,,60.0,804,13.4,male,"[804, 156]","[804, 3]",[16],"[804, 8]",trans;gender;mocap_framerate;betas;dmpls;poses,
79,79,79/79_18_poses.npz,79_18_poses,,60.0,804,13.4,male,"[804, 156]","[804, 3]",[16],"[804, 8]",trans;gender;mocap_framerate;betas;dmpls;poses,
79,79,79/79_19_poses.npz,79_19_poses,,60.0,691,11.516666666666667,male,"[691, 156]","[691, 3]",[16],"[691, 8]",trans;gender;mocap_framerate;betas;dmpls;poses,
79,79,79/79_20_poses.npz,79_20_poses,,60.0,747,12.45,male,"[747, 156]","[747, 3]",[16],"[747, 8]",trans;gender;mocap_framerate;betas;dmpls;poses,
79,79,79/79_21_poses.npz,79_21_poses,,60.0,817,13.616666666666667,male,"[817, 156]","[817, 3]",[16],"[817, 8]",trans;gender;mocap_framerate;betas;dmpls;poses,
79,79,79/79_22_poses.npz,79_22_poses,,60.0,879,14.65,male,"[879, 156]","[879, 3]",[16],"[879, 8]",trans;gender;mocap_framerate;betas;dmpls;poses,
79,79,79/79_23_poses.npz,79_23_poses,,60.0,730,12.166666666666666,male,"[730, 156]","[730, 3]",[16],"[730, 8]",trans;gender;mocap_framerate;betas;dmpls;poses,
79,79,79/79_24_poses.npz,79_24_poses,,60.0,744,12.4,male,"[744, 156]","[744, 3]",[16],"[744, 8]",trans;gender;mocap_framerate;betas;dmpls;poses,
79,79,79/79_25_poses.npz,79_25_poses,,60.0,603,10.05,male,"[603, 156]","[603, 3]",[16],"[603, 8]",trans;gender;mocap_framerate;betas;dmpls;poses,
79,79,79/79_26_poses.npz,79_26_poses,,60.0,1032,17.2,male,"[1032, 156]","[1032, 3]",[16],"[1032, 8]",trans;gender;mocap_framerate;betas;dmpls;poses,
79,79,79/79_27_poses.npz,79_27_poses,,60.0,883,14.716666666666667,male,"[883, 156]","[883, 3]",[16],"[883, 8]",trans;gender;mocap_framerate;betas;dmpls;poses,
79,79,79/79_28_poses.npz,79_28_poses,,60.0,408,6.8,male,"[408, 156]","[408, 3]",[16],"[408, 8]",trans;gender;mocap_framerate;betas;dmpls;poses,
79,79,79/79_29_poses.npz,79_29_poses,,60.0,678,11.3,male,"[678, 156]","[678, 3]",[16],"[678, 8]",trans;gender;mocap_framerate;betas;dmpls;poses,
79,79,79/79_30_poses.npz,79_30_poses,,60.0,800,13.333333333333334,male,"[800, 156]","[800, 3]",[16],"[800, 8]",trans;gender;mocap_framerate;betas;dmpls;poses,
79,79,79/79_31_poses.npz,79_31_poses,,60.0,578,9.633333333333333,male,"[578, 156]","[578, 3]",[16],"[578, 8]",trans;gender;mocap_framerate;betas;dmpls;poses,
79,79,79/79_32_poses.npz,79_32_poses,,60.0,964,16.066666666666666,male,"[964, 156]","[964, 3]",[16],"[964, 8]",trans;gender;mocap_framerate;betas;dmpls;poses,
79,79,79/79_33_poses.npz,79_33_poses,,60.0,581,9.683333333333334,male,"[581, 156]","[581, 3]",[16],"[581, 8]",trans;gender;mocap_framerate;betas;dmpls;poses,
79,79,79/79_34_poses.npz,79_34_poses,,60.0,748,12.466666666666667,male,"[748, 156]","[748, 3]",[16],"[748, 8]",trans;gender;mocap_framerate;betas;dmpls;poses,
79,79,79/79_35_poses.npz,79_35_poses,,60.0,1194,19.9,male,"[1194, 156]","[1194, 3]",[16],"[1194, 8]",trans;gender;mocap_framerate;betas;dmpls;poses,
79,79,79/79_36_poses.npz,79_36_poses,,60.0,518,8.633333333333333,male,"[518, 156]","[518, 3]",[16],"[518, 8]",trans;gender;mocap_framerate;betas;dmpls;poses,
79,79,79/79_37_poses.npz,79_37_poses,,60.0,602,10.033333333333333,male,"[602, 156]","[602, 3]",[16],"[602, 8]",trans;gender;mocap_framerate;betas;dmpls;poses,
79,79,79/79_38_poses.npz,79_38_poses,,60.0,541,9.016666666666667,male,"[541, 156]","[541, 3]",[16],"[541, 8]",trans;gender;mocap_framerate;betas;dmpls;poses,
79,79,79/79_39_poses.npz,79_39_poses,,60.0,808,13.466666666666667,male,"[808, 156]","[808, 3]",[16],"[808, 8]",trans;gender;mocap_framerate;betas;dmpls;poses,
79,79,79/79_40_poses.npz,79_40_poses,,60.0,866,14.433333333333334,male,"[866, 156]","[866, 3]",[16],"[866, 8]",trans;gender;mocap_framerate;betas;dmpls;poses,
79,79,79/79_41_poses.npz,79_41_poses,,60.0,1108,18.466666666666665,male,"[1108, 156]","[1108, 3]",[16],"[1108, 8]",trans;gender;mocap_framerate;betas;dmpls;poses,
79,79,79/79_42_poses.npz,79_42_poses,,60.0,793,13.216666666666667,male,"[793, 156]","[793, 3]",[16],"[793, 8]",trans;gender;mocap_framerate;betas;dmpls;poses,
79,79,79/79_43_poses.npz,79_43_poses,,60.0,987,16.45,male,"[987, 156]","[987, 3]",[16],"[987, 8]",trans;gender;mocap_framerate;betas;dmpls;poses,
79,79,79/79_44_poses.npz,79_44_poses,,60.0,854,14.233333333333333,male,"[854, 156]","[854, 3]",[16],"[854, 8]",trans;gender;mocap_framerate;betas;dmpls;poses,
79,79,79/79_45_poses.npz,79_45_poses,,60.0,863,14.383333333333333,male,"[863, 156]","[863, 3]",[16],"[863, 8]",trans;gender;mocap_framerate;betas;dmpls;poses,
79,79,79/79_46_poses.npz,79_46_poses,,60.0,1296,21.6,male,"[1296, 156]","[1296, 3]",[16],"[1296, 8]",trans;gender;mocap_framerate;betas;dmpls;poses,
79,79,79/79_47_poses.npz,79_47_poses,,60.0,1234,20.566666666666666,male,"[1234, 156]","[1234, 3]",[16],"[1234, 8]",trans;gender;mocap_framerate;betas;dmpls;poses,
79,79,79/79_48_poses.npz,79_48_poses,,60.0,1262,21.033333333333335,male,"[1262, 156]","[1262, 3]",[16],"[1262, 8]",trans;gender;mocap_framerate;betas;dmpls;poses,
79,79,79/79_49_poses.npz,79_49_poses,,60.0,1038,17.3,male,"[1038, 156]","[1038, 3]",[16],"[1038, 8]",trans;gender;mocap_framerate;betas;dmpls;poses,
79,79,79/79_50_poses.npz,79_50_poses,,60.0,734,12.233333333333333,male,"[734, 156]","[734, 3]",[16],"[734, 8]",trans;gender;mocap_framerate;betas;dmpls;poses,
79,79,79/79_51_poses.npz,79_51_poses,,60.0,854,14.233333333333333,male,"[854, 156]","[854, 3]",[16],"[854, 8]",trans;gender;mocap_framerate;betas;dmpls;poses,
79,79,79/79_52_poses.npz,79_52_poses,,60.0,898,14.966666666666667,male,"[898, 156]","[898, 3]",[16],"[898, 8]",trans;gender;mocap_framerate;betas;dmpls;poses,
79,79,79/79_53_poses.npz,79_53_poses,,60.0,746,12.433333333333334,male,"[746, 156]","[746, 3]",[16],"[746, 8]",trans;gender;mocap_framerate;betas;dmpls;poses,
79,79,79/79_54_poses.npz,79_54_poses,,60.0,1167,19.45,male,"[1167, 156]","[1167, 3]",[16],"[1167, 8]",trans;gender;mocap_framerate;betas;dmpls;poses,
79,79,79/79_55_poses.npz,79_55_poses,,60.0,640,10.666666666666666,male,"[640, 156]","[640, 3]",[16],"[640, 8]",trans;gender;mocap_framerate;betas;dmpls;poses,
79,79,79/79_56_poses.npz,79_56_poses,,60.0,859,14.316666666666666,male,"[859, 156]","[859, 3]",[16],"[859, 8]",trans;gender;mocap_framerate;betas;dmpls;poses,
79,79,79/79_57_poses.npz,79_57_poses,,60.0,967,16.116666666666667,male,"[967, 156]","[967, 3]",[16],"[967, 8]",trans;gender;mocap_framerate;betas;dmpls;poses,
79,79,79/79_58_poses.npz,79_58_poses,,60.0,849,14.15,male,"[849, 156]","[849, 3]",[16],"[849, 8]",trans;gender;mocap_framerate;betas;dmpls;poses,
79,79,79/79_59_poses.npz,79_59_poses,,60.0,850,14.166666666666666,male,"[850, 156]","[850, 3]",[16],"[850, 8]",trans;gender;mocap_framerate;betas;dmpls;poses,
79,79,79/79_60_poses.npz,79_60_poses,,60.0,801,13.35,male,"[801, 156]","[801, 3]",[16],"[801, 8]",trans;gender;mocap_framerate;betas;dmpls;poses,
79,79,79/79_61_poses.npz,79_61_poses,,60.0,1091,18.183333333333334,male,"[1091, 156]","[1091, 3]",[16],"[1091, 8]",trans;gender;mocap_framerate;betas;dmpls;poses,
79,79,79/79_62_poses.npz,79_62_poses,,60.0,845,14.083333333333334,male,"[845, 156]","[845, 3]",[16],"[845, 8]",trans;gender;mocap_framerate;betas;dmpls;poses,
79,79,79/79_63_poses.npz,79_63_poses,,60.0,1092,18.2,male,"[1092, 156]","[1092, 3]",[16],"[1092, 8]",trans;gender;mocap_framerate;betas;dmpls;poses,
79,79,79/79_64_poses.npz,79_64_poses,,60.0,1078,17.966666666666665,male,"[1078, 156]","[1078, 3]",[16],"[1078, 8]",trans;gender;mocap_framerate;betas;dmpls;poses,
79,79,79/79_65_poses.npz,79_65_poses,,60.0,653,10.883333333333333,male,"[653, 156]","[653, 3]",[16],"[653, 8]",trans;gender;mocap_framerate;betas;dmpls;poses,
79,79,79/79_66_poses.npz,79_66_poses,,60.0,728,12.133333333333333,male,"[728, 156]","[728, 3]",[16],"[728, 8]",trans;gender;mocap_framerate;betas;dmpls;poses,
79,79,79/79_67_poses.npz,79_67_poses,,60.0,1262,21.033333333333335,male,"[1262, 156]","[1262, 3]",[16],"[1262, 8]",trans;gender;mocap_framerate;betas;dmpls;poses,
79,79,79/79_68_poses.npz,79_68_poses,,60.0,1180,19.666666666666668,male,"[1180, 156]","[1180, 3]",[16],"[1180, 8]",trans;gender;mocap_framerate;betas;dmpls;poses,
79,79,79/79_69_poses.npz,79_69_poses,,60.0,817,13.616666666666667,male,"[817, 156]","[817, 3]",[16],"[817, 8]",trans;gender;mocap_framerate;betas;dmpls;poses,
79,79,79/79_70_poses.npz,79_70_poses,,60.0,763,12.716666666666667,male,"[763, 156]","[763, 3]",[16],"[763, 8]",trans;gender;mocap_framerate;betas;dmpls;poses,
79,79,79/79_71_poses.npz,79_71_poses,,60.0,1079,17.983333333333334,male,"[1079, 156]","[1079, 3]",[16],"[1079, 8]",trans;gender;mocap_framerate;betas;dmpls;poses,
79,79,79/79_72_poses.npz,79_72_poses,,60.0,953,15.883333333333333,male,"[953, 156]","[953, 3]",[16],"[953, 8]",trans;gender;mocap_framerate;betas;dmpls;poses,
79,79,79/79_73_poses.npz,79_73_poses,,60.0,887,14.783333333333333,male,"[887, 156]","[887, 3]",[16],"[887, 8]",trans;gender;mocap_framerate;betas;dmpls;poses,
79,79,79/79_74_poses.npz,79_74_poses,,60.0,925,15.416666666666666,male,"[925, 156]","[925, 3]",[16],"[925, 8]",trans;gender;mocap_framerate;betas;dmpls;poses,
79,79,79/79_75_poses.npz,79_75_poses,,60.0,1290,21.5,male,"[1290, 156]","[1290, 3]",[16],"[1290, 8]",trans;gender;mocap_framerate;betas;dmpls;poses,
79,79,79/79_76_poses.npz,79_76_poses,,60.0,1254,20.9,male,"[1254, 156]","[1254, 3]",[16],"[1254, 8]",trans;gender;mocap_framerate;betas;dmpls;poses,
79,79,79/79_77_poses.npz,79_77_poses,,60.0,1145,19.083333333333332,male,"[1145, 156]","[1145, 3]",[16],"[1145, 8]",trans;gender;mocap_framerate;betas;dmpls;poses,
79,79,79/79_78_poses.npz,79_78_poses,,60.0,1292,21.533333333333335,male,"[1292, 156]","[1292, 3]",[16],"[1292, 8]",trans;gender;mocap_framerate;betas;dmpls;poses,
79,79,79/79_79_poses.npz,79_79_poses,,60.0,841,14.016666666666667,male,"[841, 156]","[841, 3]",[16],"[841, 8]",trans;gender;mocap_framerate;betas;dmpls;poses,
79,79,79/79_80_poses.npz,79_80_poses,,60.0,986,16.433333333333334,male,"[986, 156]","[986, 3]",[16],"[986, 8]",trans;gender;mocap_framerate;betas;dmpls;poses,
79,79,79/79_81_poses.npz,79_81_poses,,60.0,940,15.666666666666666,male,"[940, 156]","[940, 3]",[16],"[940, 8]",trans;gender;mocap_framerate;betas;dmpls;poses,
79,79,79/79_82_poses.npz,79_82_poses,,60.0,767,12.783333333333333,male,"[767, 156]","[767, 3]",[16],"[767, 8]",trans;gender;mocap_framerate;betas;dmpls;poses,
79,79,79/79_83_poses.npz,79_83_poses,,60.0,1172,19.533333333333335,male,"[1172, 156]","[1172, 3]",[16],"[1172, 8]",trans;gender;mocap_framerate;betas;dmpls;poses,
79,79,79/79_84_poses.npz,79_84_poses,,60.0,876,14.6,male,"[876, 156]","[876, 3]",[16],"[876, 8]",trans;gender;mocap_framerate;betas;dmpls;poses,
79,79,79/79_85_poses.npz,79_85_poses,,60.0,1049,17.483333333333334,male,"[1049, 156]","[1049, 3]",[16],"[1049, 8]",trans;gender;mocap_framerate;betas;dmpls;poses,
79,79,79/79_86_poses.npz,79_86_poses,,60.0,681,11.35,male,"[681, 156]","[681, 3]",[16],"[681, 8]",trans;gender;mocap_framerate;betas;dmpls;poses,
79,79,79/79_87_poses.npz,79_87_poses,,60.0,791,13.183333333333334,male,"[791, 156]","[791, 3]",[16],"[791, 8]",trans;gender;mocap_framerate;betas;dmpls;poses,
79,79,79/79_88_poses.npz,79_88_poses,,60.0,907,15.116666666666667,male,"[907, 156]","[907, 3]",[16],"[907, 8]",trans;gender;mocap_framerate;betas;dmpls;poses,
79,79,79/79_89_poses.npz,79_89_poses,,60.0,885,14.75,male,"[885, 156]","[885, 3]",[16],"[885, 8]",trans;gender;mocap_framerate;betas;dmpls;poses,
79,79,79/79_90_poses.npz,79_90_poses,,60.0,1358,22.633333333333333,male,"[1358, 156]","[1358, 3]",[16],"[1358, 8]",trans;gender;mocap_framerate;betas;dmpls;poses,
79,79,79/79_91_poses.npz,79_91_poses,,60.0,498,8.3,male,"[498, 156]","[498, 3]",[16],"[498, 8]",trans;gender;mocap_framerate;betas;dmpls;poses,
79,79,79/79_92_poses.npz,79_92_poses,,60.0,638,10.633333333333333,male,"[638, 156]","[638, 3]",[16],"[638, 8]",trans;gender;mocap_framerate;betas;dmpls;poses,
79,79,79/79_93_poses.npz,79_93_poses,,60.0,1138,18.966666666666665,male,"[1138, 156]","[1138, 3]",[16],"[1138, 8]",trans;gender;mocap_framerate;betas;dmpls;poses,
79,79,79/79_94_poses.npz,79_94_poses,,60.0,935,15.583333333333334,male,"[935, 156]","[935, 3]",[16],"[935, 8]",trans;gender;mocap_framerate;betas;dmpls;poses,
79,79,79/79_95_poses.npz,79_95_poses,,60.0,945,15.75,male,"[945, 156]","[945, 3]",[16],"[945, 8]",trans;gender;mocap_framerate;betas;dmpls;poses,
79,79,79/79_96_poses.npz,79_96_poses,,60.0,559,9.316666666666666,male,"[559, 156]","[559, 3]",[16],"[559, 8]",trans;gender;mocap_framerate;betas;dmpls;poses,
80,80,80/80_01_poses.npz,80_01_poses,,60.0,849,14.15,female,"[849, 156]","[849, 3]",[16],"[849, 8]",trans;gender;mocap_framerate;betas;dmpls;poses,
80,80,80/80_02_poses.npz,80_02_poses,,60.0,704,11.733333333333333,female,"[704, 156]","[704, 3]",[16],"[704, 8]",trans;gender;mocap_framerate;betas;dmpls;poses,
80,80,80/80_03_poses.npz,80_03_poses,,60.0,660,11.0,female,"[660, 156]","[660, 3]",[16],"[660, 8]",trans;gender;mocap_framerate;betas;dmpls;poses,
80,80,80/80_04_poses.npz,80_04_poses,,60.0,1102,18.366666666666667,female,"[1102, 156]","[1102, 3]",[16],"[1102, 8]",trans;gender;mocap_framerate;betas;dmpls;poses,
80,80,80/80_05_poses.npz,80_05_poses,,60.0,1160,19.333333333333332,female,"[1160, 156]","[1160, 3]",[16],"[1160, 8]",trans;gender;mocap_framerate;betas;dmpls;poses,
80,80,80/80_06_poses.npz,80_06_poses,,60.0,962,16.033333333333335,female,"[962, 156]","[962, 3]",[16],"[962, 8]",trans;gender;mocap_framerate;betas;dmpls;poses,
80,80,80/80_07_poses.npz,80_07_poses,,60.0,1558,25.966666666666665,female,"[1558, 156]","[1558, 3]",[16],"[1558, 8]",trans;gender;mocap_framerate;betas;dmpls;poses,
80,80,80/80_08_poses.npz,80_08_poses,,60.0,879,14.65,female,"[879, 156]","[879, 3]",[16],"[879, 8]",trans;gender;mocap_framerate;betas;dmpls;poses,
80,80,80/80_09_poses.npz,80_09_poses,,60.0,1517,25.283333333333335,female,"[1517, 156]","[1517, 3]",[16],"[1517, 8]",trans;gender;mocap_framerate;betas;dmpls;poses,
80,80,80/80_10_poses.npz,80_10_poses,,60.0,773,12.883333333333333,female,"[773, 156]","[773, 3]",[16],"[773, 8]",trans;gender;mocap_framerate;betas;dmpls;poses,
80,80,80/80_11_poses.npz,80_11_poses,,60.0,703,11.716666666666667,female,"[703, 156]","[703, 3]",[16],"[703, 8]",trans;gender;mocap_framerate;betas;dmpls;poses,
80,80,80/80_12_poses.npz,80_12_poses,,60.0,1611,26.85,female,"[1611, 156]","[1611, 3]",[16],"[1611, 8]",trans;gender;mocap_framerate;betas;dmpls;poses,
80,80,80/80_13_poses.npz,80_13_poses,,60.0,1014,16.9,female,"[1014, 156]","[1014, 3]",[16],"[1014, 8]",trans;gender;mocap_framerate;betas;dmpls;poses,
80,80,80/80_14_poses.npz,80_14_poses,,60.0,1735,28.916666666666668,female,"[1735, 156]","[1735, 3]",[16],"[1735, 8]",trans;gender;mocap_framerate;betas;dmpls;poses,
80,80,80/80_15_poses.npz,80_15_poses,,60.0,1236,20.6,female,"[1236, 156]","[1236, 3]",[16],"[1236, 8]",trans;gender;mocap_framerate;betas;dmpls;poses,
80,80,80/80_16_poses.npz,80_16_poses,,60.0,1259,20.983333333333334,female,"[1259, 156]","[1259, 3]",[16],"[1259, 8]",trans;gender;mocap_framerate;betas;dmpls;poses,
80,80,80/80_17_poses.npz,80_17_poses,,60.0,1438,23.966666666666665,female,"[1438, 156]","[1438, 3]",[16],"[1438, 8]",trans;gender;mocap_framerate;betas;dmpls;poses,
80,80,80/80_18_poses.npz,80_18_poses,,60.0,1511,25.183333333333334,female,"[1511, 156]","[1511, 3]",[16],"[1511, 8]",trans;gender;mocap_framerate;betas;dmpls;poses,
80,80,80/80_19_poses.npz,80_19_poses,,60.0,1825,30.416666666666668,female,"[1825, 156]","[1825, 3]",[16],"[1825, 8]",trans;gender;mocap_framerate;betas;dmpls;poses,
80,80,80/80_20_poses.npz,80_20_poses,,60.0,2020,33.666666666666664,female,"[2020, 156]","[2020, 3]",[16],"[2020, 8]",trans;gender;mocap_framerate;betas;dmpls;poses,
80,80,80/80_21_poses.npz,80_21_poses,,60.0,1399,23.316666666666666,female,"[1399, 156]","[1399, 3]",[16],"[1399, 8]",trans;gender;mocap_framerate;betas;dmpls;poses,
80,80,80/80_22_poses.npz,80_22_poses,,60.0,1054,17.566666666666666,female,"[1054, 156]","[1054, 3]",[16],"[1054, 8]",trans;gender;mocap_framerate;betas;dmpls;poses,
80,80,80/80_23_poses.npz,80_23_poses,,60.0,1022,17.033333333333335,female,"[1022, 156]","[1022, 3]",[16],"[1022, 8]",trans;gender;mocap_framerate;betas;dmpls;poses,
80,80,80/80_24_poses.npz,80_24_poses,,60.0,1782,29.7,female,"[1782, 156]","[1782, 3]",[16],"[1782, 8]",trans;gender;mocap_framerate;betas;dmpls;poses,
80,80,80/80_25_poses.npz,80_25_poses,,60.0,1107,18.45,female,"[1107, 156]","[1107, 3]",[16],"[1107, 8]",trans;gender;mocap_framerate;betas;dmpls;poses,
80,80,80/80_26_poses.npz,80_26_poses,,60.0,1233,20.55,female,"[1233, 156]","[1233, 3]",[16],"[1233, 8]",trans;gender;mocap_framerate;betas;dmpls;poses,
80,80,80/80_27_poses.npz,80_27_poses,,60.0,1086,18.1,female,"[1086, 156]","[1086, 3]",[16],"[1086, 8]",trans;gender;mocap_framerate;betas;dmpls;poses,
80,80,80/80_28_poses.npz,80_28_poses,,60.0,1221,20.35,female,"[1221, 156]","[1221, 3]",[16],"[1221, 8]",trans;gender;mocap_framerate;betas;dmpls;poses,
80,80,80/80_29_poses.npz,80_29_poses,,60.0,1126,18.766666666666666,female,"[1126, 156]","[1126, 3]",[16],"[1126, 8]",trans;gender;mocap_framerate;betas;dmpls;poses,
80,80,80/80_30_poses.npz,80_30_poses,,60.0,2590,43.166666666666664,female,"[2590, 156]","[2590, 3]",[16],"[2590, 8]",trans;gender;mocap_framerate;betas;dmpls;poses,
80,80,80/80_31_poses.npz,80_31_poses,,60.0,1560,26.0,female,"[1560, 156]","[1560, 3]",[16],"[1560, 8]",trans;gender;mocap_framerate;betas;dmpls;poses,
80,80,80/80_32_poses.npz,80_32_poses,,60.0,1614,26.9,female,"[1614, 156]","[1614, 3]",[16],"[1614, 8]",trans;gender;mocap_framerate;betas;dmpls;poses,
80,80,80/80_33_poses.npz,80_33_poses,,60.0,1937,32.28333333333333,female,"[1937, 156]","[1937, 3]",[16],"[1937, 8]",trans;gender;mocap_framerate;betas;dmpls;poses,
80,80,80/80_34_poses.npz,80_34_poses,,60.0,2088,34.8,female,"[2088, 156]","[2088, 3]",[16],"[2088, 8]",trans;gender;mocap_framerate;betas;dmpls;poses,
80,80,80/80_35_poses.npz,80_35_poses,,60.0,1943,32.38333333333333,female,"[1943, 156]","[1943, 3]",[16],"[1943, 8]",trans;gender;mocap_framerate;betas;dmpls;poses,
80,80,80/80_36_poses.npz,80_36_poses,,60.0,1689,28.15,female,"[1689, 156]","[1689, 3]",[16],"[1689, 8]",trans;gender;mocap_framerate;betas;dmpls;poses,
80,80,80/80_37_poses.npz,80_37_poses,,60.0,2691,44.85,female,"[2691, 156]","[2691, 3]",[16],"[2691, 8]",trans;gender;mocap_framerate;betas;dmpls;poses,
80,80,80/80_38_poses.npz,80_38_poses,,60.0,2467,41.11666666666667,female,"[2467, 156]","[2467, 3]",[16],"[2467, 8]",trans;gender;mocap_framerate;betas;dmpls;poses,
80,80,80/80_39_poses.npz,80_39_poses,,60.0,1825,30.416666666666668,female,"[1825, 156]","[1825, 3]",[16],"[1825, 8]",trans;gender;mocap_framerate;betas;dmpls;poses,
80,80,80/80_40_poses.npz,80_40_poses,,60.0,915,15.25,female,"[915, 156]","[915, 3]",[16],"[915, 8]",trans;gender;mocap_framerate;betas;dmpls;poses,
80,80,80/80_41_poses.npz,80_41_poses,,60.0,1065,17.75,female,"[1065, 156]","[1065, 3]",[16],"[1065, 8]",trans;gender;mocap_framerate;betas;dmpls;poses,
80,80,80/80_42_poses.npz,80_42_poses,,60.0,1236,20.6,female,"[1236, 156]","[1236, 3]",[16],"[1236, 8]",trans;gender;mocap_framerate;betas;dmpls;poses,
80,80,80/80_43_poses.npz,80_43_poses,,60.0,980,16.333333333333332,female,"[980, 156]","[980, 3]",[16],"[980, 8]",trans;gender;mocap_framerate;betas;dmpls;poses,
80,80,80/80_44_poses.npz,80_44_poses,,60.0,932,15.533333333333333,female,"[932, 156]","[932, 3]",[16],"[932, 8]",trans;gender;mocap_framerate;betas;dmpls;poses,
80,80,80/80_45_poses.npz,80_45_poses,,60.0,1605,26.75,female,"[1605, 156]","[1605, 3]",[16],"[1605, 8]",trans;gender;mocap_framerate;betas;dmpls;poses,
80,80,80/80_46_poses.npz,80_46_poses,,60.0,1591,26.516666666666666,female,"[1591, 156]","[1591, 3]",[16],"[1591, 8]",trans;gender;mocap_framerate;betas;dmpls;poses,
80,80,80/80_47_poses.npz,80_47_poses,,60.0,1004,16.733333333333334,female,"[1004, 156]","[1004, 3]",[16],"[1004, 8]",trans;gender;mocap_framerate;betas;dmpls;poses,
80,80,80/80_48_poses.npz,80_48_poses,,60.0,1150,19.166666666666668,female,"[1150, 156]","[1150, 3]",[16],"[1150, 8]",trans;gender;mocap_framerate;betas;dmpls;poses,
80,80,80/80_49_poses.npz,80_49_poses,,60.0,1867,31.116666666666667,female,"[1867, 156]","[1867, 3]",[16],"[1867, 8]",trans;gender;mocap_framerate;betas;dmpls;poses,
80,80,80/80_50_poses.npz,80_50_poses,,60.0,1252,20.866666666666667,female,"[1252, 156]","[1252, 3]",[16],"[1252, 8]",trans;gender;mocap_framerate;betas;dmpls;poses,
80,80,80/80_51_poses.npz,80_51_poses,,60.0,1501,25.016666666666666,female,"[1501, 156]","[1501, 3]",[16],"[1501, 8]",trans;gender;mocap_framerate;betas;dmpls;poses,
80,80,80/80_52_poses.npz,80_52_poses,,60.0,1571,26.183333333333334,female,"[1571, 156]","[1571, 3]",[16],"[1571, 8]",trans;gender;mocap_framerate;betas;dmpls;poses,
80,80,80/80_53_poses.npz,80_53_poses,,60.0,1806,30.1,female,"[1806, 156]","[1806, 3]",[16],"[1806, 8]",trans;gender;mocap_framerate;betas;dmpls;poses,
80,80,80/80_54_poses.npz,80_54_poses,,60.0,1627,27.116666666666667,female,"[1627, 156]","[1627, 3]",[16],"[1627, 8]",trans;gender;mocap_framerate;betas;dmpls;poses,
80,80,80/80_55_poses.npz,80_55_poses,,60.0,1375,22.916666666666668,female,"[1375, 156]","[1375, 3]",[16],"[1375, 8]",trans;gender;mocap_framerate;betas;dmpls;poses,
80,80,80/80_56_poses.npz,80_56_poses,,60.0,690,11.5,female,"[690, 156]","[690, 3]",[16],"[690, 8]",trans;gender;mocap_framerate;betas;dmpls;poses,
80,80,80/80_57_poses.npz,80_57_poses,,60.0,1620,27.0,female,"[1620, 156]","[1620, 3]",[16],"[1620, 8]",trans;gender;mocap_framerate;betas;dmpls;poses,
80,80,80/80_58_poses.npz,80_58_poses,,60.0,2352,39.2,female,"[2352, 156]","[2352, 3]",[16],"[2352, 8]",trans;gender;mocap_framerate;betas;dmpls;poses,
80,80,80/80_59_poses.npz,80_59_poses,,60.0,1538,25.633333333333333,female,"[1538, 156]","[1538, 3]",[16],"[1538, 8]",trans;gender;mocap_framerate;betas;dmpls;poses,
80,80,80/80_60_poses.npz,80_60_poses,,60.0,2059,34.31666666666667,female,"[2059, 156]","[2059, 3]",[16],"[2059, 8]",trans;gender;mocap_framerate;betas;dmpls;poses,
80,80,80/80_61_poses.npz,80_61_poses,,60.0,1057,17.616666666666667,female,"[1057, 156]","[1057, 3]",[16],"[1057, 8]",trans;gender;mocap_framerate;betas;dmpls;poses,
80,80,80/80_62_poses.npz,80_62_poses,,60.0,2289,38.15,female,"[2289, 156]","[2289, 3]",[16],"[2289, 8]",trans;gender;mocap_framerate;betas;dmpls;poses,
80,80,80/80_63_poses.npz,80_63_poses,,60.0,2273,37.88333333333333,female,"[2273, 156]","[2273, 3]",[16],"[2273, 8]",trans;gender;mocap_framerate;betas;dmpls;poses,
80,80,80/80_64_poses.npz,80_64_poses,,60.0,2435,40.583333333333336,female,"[2435, 156]","[2435, 3]",[16],"[2435, 8]",trans;gender;mocap_framerate;betas;dmpls;poses,
80,80,80/80_65_poses.npz,80_65_poses,,60.0,1816,30.266666666666666,female,"[1816, 156]","[1816, 3]",[16],"[1816, 8]",trans;gender;mocap_framerate;betas;dmpls;poses,
80,80,80/80_66_poses.npz,80_66_poses,,60.0,2071,34.516666666666666,female,"[2071, 156]","[2071, 3]",[16],"[2071, 8]",trans;gender;mocap_framerate;betas;dmpls;poses,
80,80,80/80_67_poses.npz,80_67_poses,,60.0,2156,35.93333333333333,female,"[2156, 156]","[2156, 3]",[16],"[2156, 8]",trans;gender;mocap_framerate;betas;dmpls;poses,
80,80,80/80_68_poses.npz,80_68_poses,,60.0,2775,46.25,female,"[2775, 156]","[2775, 3]",[16],"[2775, 8]",trans;gender;mocap_framerate;betas;dmpls;poses,
80,80,80/80_69_poses.npz,80_69_poses,,60.0,4281,71.35,female,"[4281, 156]","[4281, 3]",[16],"[4281, 8]",trans;gender;mocap_framerate;betas;dmpls;poses,
80,80,80/80_70_poses.npz,80_70_poses,,60.0,1799,29.983333333333334,female,"[1799, 156]","[1799, 3]",[16],"[1799, 8]",trans;gender;mocap_framerate;betas;dmpls;poses,
80,80,80/80_71_poses.npz,80_71_poses,,60.0,1086,18.1,female,"[1086, 156]","[1086, 3]",[16],"[1086, 8]",trans;gender;mocap_framerate;betas;dmpls;poses,
80,80,80/80_72_poses.npz,80_72_poses,,60.0,1087,18.116666666666667,female,"[1087, 156]","[1087, 3]",[16],"[1087, 8]",trans;gender;mocap_framerate;betas;dmpls;poses,
80,80,80/80_73_poses.npz,80_73_poses,,60.0,790,13.166666666666666,female,"[790, 156]","[790, 3]",[16],"[790, 8]",trans;gender;mocap_framerate;betas;dmpls;poses,
82,82,82/82_01_poses.npz,82_01_poses,,120.0,10,0.08333333333333333,male,"[10, 156]","[10, 3]",[16],"[10, 8]",trans;gender;mocap_framerate;betas;dmpls;poses,
82,82,82/82_02_poses.npz,82_02_poses,,120.0,1808,15.066666666666666,male,"[1808, 156]","[1808, 3]",[16],"[1808, 8]",trans;gender;mocap_framerate;betas;dmpls;poses,
82,82,82/82_03_poses.npz,82_03_poses,,120.0,1899,15.825,male,"[1899, 156]","[1899, 3]",[16],"[1899, 8]",trans;gender;mocap_framerate;betas;dmpls;poses,
82,82,82/82_04_poses.npz,82_04_poses,,120.0,908,7.566666666666666,male,"[908, 156]","[908, 3]",[16],"[908, 8]",trans;gender;mocap_framerate;betas;dmpls;poses,
82,82,82/82_05_poses.npz,82_05_poses,,120.0,2247,18.725,male,"[2247, 156]","[2247, 3]",[16],"[2247, 8]",trans;gender;mocap_framerate;betas;dmpls;poses,
82,82,82/82_06_poses.npz,82_06_poses,,120.0,1091,9.091666666666667,male,"[1091, 156]","[1091, 3]",[16],"[1091, 8]",trans;gender;mocap_framerate;betas;dmpls;poses,
82,82,82/82_07_poses.npz,82_07_poses,,120.0,1198,9.983333333333333,male,"[1198, 156]","[1198, 3]",[16],"[1198, 8]",trans;gender;mocap_framerate;betas;dmpls;poses,
82,82,82/82_08_poses.npz,82_08_poses,,120.0,1699,14.158333333333333,male,"[1699, 156]","[1699, 3]",[16],"[1699, 8]",trans;gender;mocap_framerate;betas;dmpls;poses,
82,82,82/82_09_poses.npz,82_09_poses,,120.0,1292,10.766666666666667,male,"[1292, 156]","[1292, 3]",[16],"[1292, 8]",trans;gender;mocap_framerate;betas;dmpls;poses,
82,82,82/82_10_poses.npz,82_10_poses,,120.0,564,4.7,male,"[564, 156]","[564, 3]",[16],"[564, 8]",trans;gender;mocap_framerate;betas;dmpls;poses,
82,82,82/82_11_poses.npz,82_11_poses,,120.0,695,5.791666666666667,male,"[695, 156]","[695, 3]",[16],"[695, 8]",trans;gender;mocap_framerate;betas;dmpls;poses,
82,82,82/82_12_poses.npz,82_12_poses,,120.0,402,3.35,male,"[402, 156]","[402, 3]",[16],"[402, 8]",trans;gender;mocap_framerate;betas;dmpls;poses,
82,82,82/82_13_poses.npz,82_13_poses,,120.0,413,3.441666666666667,male,"[413, 156]","[413, 3]",[16],"[413, 8]",trans;gender;mocap_framerate;betas;dmpls;poses,
82,82,82/82_14_poses.npz,82_14_poses,,120.0,907,7.558333333333334,male,"[907, 156]","[907, 3]",[16],"[907, 8]",trans;gender;mocap_framerate;betas;dmpls;poses,
82,82,82/82_15_poses.npz,82_15_poses,,120.0,716,5.966666666666667,male,"[716, 156]","[716, 3]",[16],"[716, 8]",trans;gender;mocap_framerate;betas;dmpls;poses,
82,82,82/82_16_poses.npz,82_16_poses,,120.0,1333,11.108333333333333,male,"[1333, 156]","[1333, 3]",[16],"[1333, 8]",trans;gender;mocap_framerate;betas;dmpls;poses,
82,82,82/82_17_poses.npz,82_17_poses,,120.0,1580,13.166666666666666,male,"[1580, 156]","[1580, 3]",[16],"[1580, 8]",trans;gender;mocap_framerate;betas;dmpls;poses,
82,82,82/82_18_poses.npz,82_18_poses,,120.0,10,0.08333333333333333,male,"[10, 156]","[10, 3]",[16],"[10, 8]",trans;gender;mocap_framerate;betas;dmpls;poses,
83,83,83/83_01_poses.npz,83_01_poses,,120.0,633,5.275,male,"[633, 156]","[633, 3]",[16],"[633, 8]",trans;gender;mocap_framerate;betas;dmpls;poses,
83,83,83/83_02_poses.npz,83_02_poses,,120.0,364,3.033333333333333,male,"[364, 156]","[364, 3]",[16],"[364, 8]",trans;gender;mocap_framerate;betas;dmpls;poses,
83,83,83/83_03_poses.npz,83_03_poses,,120.0,669,5.575,male,"[669, 156]","[669, 3]",[16],"[669, 8]",trans;gender;mocap_framerate;betas;dmpls;poses,
83,83,83/83_04_poses.npz,83_04_poses,,120.0,467,3.8916666666666666,male,"[467, 156]","[467, 3]",[16],"[467, 8]",trans;gender;mocap_framerate;betas;dmpls;poses,
83,83,83/83_05_poses.npz,83_05_poses,,120.0,486,4.05,male,"[486, 156]","[486, 3]",[16],"[486, 8]",trans;gender;mocap_framerate;betas;dmpls;poses,
83,83,83/83_06_poses.npz,83_06_poses,,120.0,401,3.341666666666667,male,"[401, 156]","[401, 3]",[16],"[401, 8]",trans;gender;mocap_framerate;betas;dmpls;poses,
83,83,83/83_07_poses.npz,83_07_poses,,120.0,422,3.5166666666666666,male,"[422, 156]","[422, 3]",[16],"[422, 8]",trans;gender;mocap_framerate;betas;dmpls;poses,
83,83,83/83_08_poses.npz,83_08_poses,,120.0,462,3.85,male,"[462, 156]","[462, 3]",[16],"[462, 8]",trans;gender;mocap_framerate;betas;dmpls;poses,
83,83,83/83_09_poses.npz,83_09_poses,,120.0,451,3.7583333333333333,male,"[451, 156]","[451, 3]",[16],"[451, 8]",trans;gender;mocap_framerate;betas;dmpls;poses,
83,83,83/83_10_poses.npz,83_10_poses,,120.0,479,3.9916666666666667,male,"[479, 156]","[479, 3]",[16],"[479, 8]",trans;gender;mocap_framerate;betas;dmpls;poses,
83,83,83/83_11_poses.npz,83_11_poses,,120.0,99,0.825,male,"[99, 156]","[99, 3]",[16],"[99, 8]",trans;gender;mocap_framerate;betas;dmpls;poses,
83,83,83/83_12_poses.npz,83_12_poses,,120.0,508,4.233333333333333,male,"[508, 156]","[508, 3]",[16],"[508, 8]",trans;gender;mocap_framerate;betas;dmpls;poses,
83,83,83/83_13_poses.npz,83_13_poses,,120.0,507,4.225,male,"[507, 156]","[507, 3]",[16],"[507, 8]",trans;gender;mocap_framerate;betas;dmpls;poses,
83,83,83/83_14_poses.npz,83_14_poses,,120.0,429,3.575,male,"[429, 156]","[429, 3]",[16],"[429, 8]",trans;gender;mocap_framerate;betas;dmpls;poses,
83,83,83/83_15_poses.npz,83_15_poses,,120.0,522,4.35,male,"[522, 156]","[522, 3]",[16],"[522, 8]",trans;gender;mocap_framerate;betas;dmpls;poses,
83,83,83/83_16_poses.npz,83_16_poses,,120.0,510,4.25,male,"[510, 156]","[510, 3]",[16],"[510, 8]",trans;gender;mocap_framerate;betas;dmpls;poses,
83,83,83/83_17_poses.npz,83_17_poses,,120.0,524,4.366666666666666,male,"[524, 156]","[524, 3]",[16],"[524, 8]",trans;gender;mocap_framerate;betas;dmpls;poses,
83,83,83/83_18_poses.npz,83_18_poses,,120.0,466,3.8833333333333333,male,"[466, 156]","[466, 3]",[16],"[466, 8]",trans;gender;mocap_framerate;betas;dmpls;poses,
83,83,83/83_19_poses.npz,83_19_poses,,120.0,509,4.241666666666666,male,"[509, 156]","[509, 3]",[16],"[509, 8]",trans;gender;mocap_framerate;betas;dmpls;poses,
83,83,83/83_20_poses.npz,83_20_poses,,120.0,524,4.366666666666666,male,"[524, 156]","[524, 3]",[16],"[524, 8]",trans;gender;mocap_framerate;betas;dmpls;poses,
83,83,83/83_21_poses.npz,83_21_poses,,120.0,519,4.325,male,"[519, 156]","[519, 3]",[16],"[519, 8]",trans;gender;mocap_framerate;betas;dmpls;poses,
83,83,83/83_22_poses.npz,83_22_poses,,120.0,5371,44.75833333333333,male,"[5371, 156]","[5371, 3]",[16],"[5371, 8]",trans;gender;mocap_framerate;betas;dmpls;poses,
83,83,83/83_23_poses.npz,83_23_poses,,120.0,542,4.516666666666667,male,"[542, 156]","[542, 3]",[16],"[542, 8]",trans;gender;mocap_framerate;betas;dmpls;poses,
83,83,83/83_24_poses.npz,83_24_poses,,120.0,532,4.433333333333334,male,"[532, 156]","[532, 3]",[16],"[532, 8]",trans;gender;mocap_framerate;betas;dmpls;poses,
83,83,83/83_25_poses.npz,83_25_poses,,120.0,541,4.508333333333334,male,"[541, 156]","[541, 3]",[16],"[541, 8]",trans;gender;mocap_framerate;betas;dmpls;poses,
83,83,83/83_26_poses.npz,83_26_poses,,120.0,522,4.35,male,"[522, 156]","[522, 3]",[16],"[522, 8]",trans;gender;mocap_framerate;betas;dmpls;poses,
83,83,83/83_27_poses.npz,83_27_poses,,120.0,983,8.191666666666666,male,"[983, 156]","[983, 3]",[16],"[983, 8]",trans;gender;mocap_framerate;betas;dmpls;poses,
83,83,83/83_28_poses.npz,83_28_poses,,120.0,931,7.758333333333334,male,"[931, 156]","[931, 3]",[16],"[931, 8]",trans;gender;mocap_framerate;betas;dmpls;poses,
83,83,83/83_29_poses.npz,83_29_poses,,120.0,947,7.891666666666667,male,"[947, 156]","[947, 3]",[16],"[947, 8]",trans;gender;mocap_framerate;betas;dmpls;poses,
83,83,83/83_30_poses.npz,83_30_poses,,120.0,1009,8.408333333333333,male,"[1009, 156]","[1009, 3]",[16],"[1009, 8]",trans;gender;mocap_framerate;betas;dmpls;poses,
83,83,83/83_31_poses.npz,83_31_poses,,120.0,935,7.791666666666667,male,"[935, 156]","[935, 3]",[16],"[935, 8]",trans;gender;mocap_framerate;betas;dmpls;poses,
83,83,83/83_32_poses.npz,83_32_poses,,120.0,1041,8.675,male,"[1041, 156]","[1041, 3]",[16],"[1041, 8]",trans;gender;mocap_framerate;betas;dmpls;poses,
83,83,83/83_33_poses.npz,83_33_poses,,120.0,1291,10.758333333333333,male,"[1291, 156]","[1291, 3]",[16],"[1291, 8]",trans;gender;mocap_framerate;betas;dmpls;poses,
83,83,83/83_34_poses.npz,83_34_poses,,120.0,967,8.058333333333334,male,"[967, 156]","[967, 3]",[16],"[967, 8]",trans;gender;mocap_framerate;betas;dmpls;poses,
83,83,83/83_35_poses.npz,83_35_poses,,120.0,1048,8.733333333333333,male,"[1048, 156]","[1048, 3]",[16],"[1048, 8]",trans;gender;mocap_framerate;betas;dmpls;poses,
83,83,83/83_36_poses.npz,83_36_poses,,120.0,1062,8.85,male,"[1062, 156]","[1062, 3]",[16],"[1062, 8]",trans;gender;mocap_framerate;betas;dmpls;poses,
83,83,83/83_37_poses.npz,83_37_poses,,120.0,958,7.983333333333333,male,"[958, 156]","[958, 3]",[16],"[958, 8]",trans;gender;mocap_framerate;betas;dmpls;poses,
83,83,83/83_38_poses.npz,83_38_poses,,120.0,1006,8.383333333333333,male,"[1006, 156]","[1006, 3]",[16],"[1006, 8]",trans;gender;mocap_framerate;betas;dmpls;poses,
83,83,83/83_39_poses.npz,83_39_poses,,120.0,971,8.091666666666667,male,"[971, 156]","[971, 3]",[16],"[971, 8]",trans;gender;mocap_framerate;betas;dmpls;poses,
83,83,83/83_40_poses.npz,83_40_poses,,120.0,530,4.416666666666667,male,"[530, 156]","[530, 3]",[16],"[530, 8]",trans;gender;mocap_framerate;betas;dmpls;poses,
83,83,83/83_41_poses.npz,83_41_poses,,120.0,470,3.9166666666666665,male,"[470, 156]","[470, 3]",[16],"[470, 8]",trans;gender;mocap_framerate;betas;dmpls;poses,
83,83,83/83_42_poses.npz,83_42_poses,,120.0,540,4.5,male,"[540, 156]","[540, 3]",[16],"[540, 8]",trans;gender;mocap_framerate;betas;dmpls;poses,
83,83,83/83_43_poses.npz,83_43_poses,,120.0,597,4.975,male,"[597, 156]","[597, 3]",[16],"[597, 8]",trans;gender;mocap_framerate;betas;dmpls;poses,
83,83,83/83_44_poses.npz,83_44_poses,,120.0,661,5.508333333333334,male,"[661, 156]","[661, 3]",[16],"[661, 8]",trans;gender;mocap_framerate;betas;dmpls;poses,
83,83,83/83_45_poses.npz,83_45_poses,,120.0,495,4.125,male,"[495, 156]","[495, 3]",[16],"[495, 8]",trans;gender;mocap_framerate;betas;dmpls;poses,
83,83,83/83_46_poses.npz,83_46_poses,,120.0,501,4.175,male,"[501, 156]","[501, 3]",[16],"[501, 8]",trans;gender;mocap_framerate;betas;dmpls;poses,
83,83,83/83_47_poses.npz,83_47_poses,,120.0,622,5.183333333333334,male,"[622, 156]","[622, 3]",[16],"[622, 8]",trans;gender;mocap_framerate;betas;dmpls;poses,
83,83,83/83_48_poses.npz,83_48_poses,,120.0,445,3.7083333333333335,male,"[445, 156]","[445, 3]",[16],"[445, 8]",trans;gender;mocap_framerate;betas;dmpls;poses,
83,83,83/83_49_poses.npz,83_49_poses,,120.0,456,3.8,male,"[456, 156]","[456, 3]",[16],"[456, 8]",trans;gender;mocap_framerate;betas;dmpls;poses,
83,83,83/83_50_poses.npz,83_50_poses,,120.0,528,4.4,male,"[528, 156]","[528, 3]",[16],"[528, 8]",trans;gender;mocap_framerate;betas;dmpls;poses,
83,83,83/83_51_poses.npz,83_51_poses,,120.0,591,4.925,male,"[591, 156]","[591, 3]",[16],"[591, 8]",trans;gender;mocap_framerate;betas;dmpls;poses,
83,83,83/83_52_poses.npz,83_52_poses,,120.0,508,4.233333333333333,male,"[508, 156]","[508, 3]",[16],"[508, 8]",trans;gender;mocap_framerate;betas;dmpls;poses,
83,83,83/83_53_poses.npz,83_53_poses,,120.0,539,4.491666666666666,male,"[539, 156]","[539, 3]",[16],"[539, 8]",trans;gender;mocap_framerate;betas;dmpls;poses,
83,83,83/83_54_poses.npz,83_54_poses,,120.0,420,3.5,male,"[420, 156]","[420, 3]",[16],"[420, 8]",trans;gender;mocap_framerate;betas;dmpls;poses,
83,83,83/83_55_poses.npz,83_55_poses,,120.0,736,6.133333333333334,male,"[736, 156]","[736, 3]",[16],"[736, 8]",trans;gender;mocap_framerate;betas;dmpls;poses,
83,83,83/83_56_poses.npz,83_56_poses,,120.0,501,4.175,male,"[501, 156]","[501, 3]",[16],"[501, 8]",trans;gender;mocap_framerate;betas;dmpls;poses,
83,83,83/83_57_poses.npz,83_57_poses,,120.0,409,3.408333333333333,male,"[409, 156]","[409, 3]",[16],"[409, 8]",trans;gender;mocap_framerate;betas;dmpls;poses,
83,83,83/83_58_poses.npz,83_58_poses,,120.0,364,3.033333333333333,male,"[364, 156]","[364, 3]",[16],"[364, 8]",trans;gender;mocap_framerate;betas;dmpls;poses,
83,83,83/83_59_poses.npz,83_59_poses,,120.0,602,5.016666666666667,male,"[602, 156]","[602, 3]",[16],"[602, 8]",trans;gender;mocap_framerate;betas;dmpls;poses,
83,83,83/83_60_poses.npz,83_60_poses,,120.0,406,3.3833333333333333,male,"[406, 156]","[406, 3]",[16],"[406, 8]",trans;gender;mocap_framerate;betas;dmpls;poses,
83,83,83/83_61_poses.npz,83_61_poses,,120.0,503,4.191666666666666,male,"[503, 156]","[503, 3]",[16],"[503, 8]",trans;gender;mocap_framerate;betas;dmpls;poses,
83,83,83/83_62_poses.npz,83_62_poses,,120.0,474,3.95,male,"[474, 156]","[474, 3]",[16],"[474, 8]",trans;gender;mocap_framerate;betas;dmpls;poses,
83,83,83/83_63_poses.npz,83_63_poses,,120.0,685,5.708333333333333,male,"[685, 156]","[685, 3]",[16],"[685, 8]",trans;gender;mocap_framerate;betas;dmpls;poses,
83,83,83/83_64_poses.npz,83_64_poses,,120.0,578,4.816666666666666,male,"[578, 156]","[578, 3]",[16],"[578, 8]",trans;gender;mocap_framerate;betas;dmpls;poses,
83,83,83/83_65_poses.npz,83_65_poses,,120.0,401,3.341666666666667,male,"[401, 156]","[401, 3]",[16],"[401, 8]",trans;gender;mocap_framerate;betas;dmpls;poses,
83,83,83/83_66_poses.npz,83_66_poses,,120.0,672,5.6,male,"[672, 156]","[672, 3]",[16],"[672, 8]",trans;gender;mocap_framerate;betas;dmpls;poses,
83,83,83/83_67_poses.npz,83_67_poses,,120.0,675,5.625,male,"[675, 156]","[675, 3]",[16],"[675, 8]",trans;gender;mocap_framerate;betas;dmpls;poses,
83,83,83/83_68_poses.npz,83_68_poses,,120.0,660,5.5,male,"[660, 156]","[660, 3]",[16],"[660, 8]",trans;gender;mocap_framerate;betas;dmpls;poses,
84,84,84/84_01_poses.npz,84_01_poses,,60.0,464,7.733333333333333,male,"[464, 156]","[464, 3]",[16],"[464, 8]",trans;gender;mocap_framerate;betas;dmpls;poses,
84,84,84/84_02_poses.npz,84_02_poses,,60.0,265,4.416666666666667,male,"[265, 156]","[265, 3]",[16],"[265, 8]",trans;gender;mocap_framerate;betas;dmpls;poses,
84,84,84/84_03_poses.npz,84_03_poses,,60.0,396,6.6,male,"[396, 156]","[396, 3]",[16],"[396, 8]",trans;gender;mocap_framerate;betas;dmpls;poses,
84,84,84/84_04_poses.npz,84_04_poses,,60.0,315,5.25,male,"[315, 156]","[315, 3]",[16],"[315, 8]",trans;gender;mocap_framerate;betas;dmpls;poses,
84,84,84/84_05_poses.npz,84_05_poses,,60.0,323,5.383333333333334,male,"[323, 156]","[323, 3]",[16],"[323, 8]",trans;gender;mocap_framerate;betas;dmpls;poses,
84,84,84/84_06_poses.npz,84_06_poses,,60.0,325,5.416666666666667,male,"[325, 156]","[325, 3]",[16],"[325, 8]",trans;gender;mocap_framerate;betas;dmpls;poses,
84,84,84/84_07_poses.npz,84_07_poses,,60.0,311,5.183333333333334,male,"[311, 156]","[311, 3]",[16],"[311, 8]",trans;gender;mocap_framerate;betas;dmpls;poses,
84,84,84/84_08_poses.npz,84_08_poses,,60.0,168,2.8,male,"[168, 156]","[168, 3]",[16],"[168, 8]",trans;gender;mocap_framerate;betas;dmpls;poses,
84,84,84/84_09_poses.npz,84_09_poses,,120.0,199,1.6583333333333334,male,"[199, 156]","[199, 3]",[16],"[199, 8]",trans;gender;mocap_framerate;betas;dmpls;poses,
84,84,84/84_10_poses.npz,84_10_poses,,60.0,335,5.583333333333333,male,"[335, 156]","[335, 3]",[16],"[335, 8]",trans;gender;mocap_framerate;betas;dmpls;poses,
84,84,84/84_11_poses.npz,84_11_poses,,60.0,346,5.766666666666667,male,"[346, 156]","[346, 3]",[16],"[346, 8]",trans;gender;mocap_framerate;betas;dmpls;poses,
84,84,84/84_12_poses.npz,84_12_poses,,60.0,302,5.033333333333333,male,"[302, 156]","[302, 3]",[16],"[302, 8]",trans;gender;mocap_framerate;betas;dmpls;poses,
84,84,84/84_13_poses.npz,84_13_poses,,60.0,2524,42.06666666666667,male,"[2524, 156]","[2524, 3]",[16],"[2524, 8]",trans;gender;mocap_framerate;betas;dmpls;poses,
84,84,84/84_14_poses.npz,84_14_poses,,60.0,447,7.45,male,"[447, 156]","[447, 3]",[16],"[447, 8]",trans;gender;mocap_framerate;betas;dmpls;poses,
84,84,84/84_15_poses.npz,84_15_poses,,60.0,439,7.316666666666666,male,"[439, 156]","[439, 3]",[16],"[439, 8]",trans;gender;mocap_framerate;betas;dmpls;poses,
84,84,84/84_16_poses.npz,84_16_poses,,60.0,493,8.216666666666667,male,"[493, 156]","[493, 3]",[16],"[493, 8]",trans;gender;mocap_framerate;betas;dmpls;poses,
84,84,84/84_17_poses.npz,84_17_poses,,60.0,521,8.683333333333334,male,"[521, 156]","[521, 3]",[16],"[521, 8]",trans;gender;mocap_framerate;betas;dmpls;poses,
84,84,84/84_18_poses.npz,84_18_poses,,60.0,492,8.2,male,"[492, 156]","[492, 3]",[16],"[492, 8]",trans;gender;mocap_framerate;betas;dmpls;poses,
84,84,84/84_19_poses.npz,84_19_poses,,60.0,488,8.133333333333333,male,"[488, 156]","[488, 3]",[16],"[488, 8]",trans;gender;mocap_framerate;betas;dmpls;poses,
84,84,84/84_20_poses.npz,84_20_poses,,60.0,576,9.6,male,"[576, 156]","[576, 3]",[16],"[576, 8]",trans;gender;mocap_framerate;betas;dmpls;poses,
85,85,85/85_01_poses.npz,85_01_poses,,120.0,998,8.316666666666666,male,"[998, 156]","[998, 3]",[16],"[998, 8]",trans;gender;mocap_framerate;betas;dmpls;poses,
85,85,85/85_02_poses.npz,85_02_poses,,120.0,810,6.75,male,"[810, 156]","[810, 3]",[16],"[810, 8]",trans;gender;mocap_framerate;betas;dmpls;poses,
85,85,85/85_03_poses.npz,85_03_poses,,120.0,3245,27.041666666666668,male,"[3245, 156]","[3245, 3]",[16],"[3245, 8]",trans;gender;mocap_framerate;betas;dmpls;poses,
85,85,85/85_04_poses.npz,85_04_poses,,120.0,2555,21.291666666666668,male,"[2555, 156]","[2555, 3]",[16],"[2555, 8]",trans;gender;mocap_framerate;betas;dmpls;poses,
85,85,85/85_05_poses.npz,85_05_poses,,120.0,1634,13.616666666666667,male,"[1634, 156]","[1634, 3]",[16],"[1634, 8]",trans;gender;mocap_framerate;betas;dmpls;poses,
85,85,85/85_06_poses.npz,85_06_poses,,120.0,950,7.916666666666667,male,"[950, 156]","[950, 3]",[16],"[950, 8]",trans;gender;mocap_framerate;betas;dmpls;poses,
85,85,85/85_07_poses.npz,85_07_poses,,120.0,959,7.991666666666666,male,"[959, 156]","[959, 3]",[16],"[959, 8]",trans;gender;mocap_framerate;betas;dmpls;poses,
85,85,85/85_08_poses.npz,85_08_poses,,120.0,1016,8.466666666666667,male,"[1016, 156]","[1016, 3]",[16],"[1016, 8]",trans;gender;mocap_framerate;betas;dmpls;poses,
85,85,85/85_09_poses.npz,85_09_poses,,120.0,253,2.1083333333333334,male,"[253, 156]","[253, 3]",[16],"[253, 8]",trans;gender;mocap_framerate;betas;dmpls;poses,
85,85,85/85_10_poses.npz,85_10_poses,,120.0,774,6.45,male,"[774, 156]","[774, 3]",[16],"[774, 8]",trans;gender;mocap_framerate;betas;dmpls;poses,
85,85,85/85_11_poses.npz,85_11_poses,,120.0,1802,15.016666666666667,male,"[1802, 156]","[1802, 3]",[16],"[1802, 8]",trans;gender;mocap_framerate;betas;dmpls;poses,
85,85,85/85_12_poses.npz,85_12_poses,,120.0,4499,37.49166666666667,male,"[4499, 156]","[4499, 3]",[16],"[4499, 8]",trans;gender;mocap_framerate;betas;dmpls;poses,
85,85,85/85_13_poses.npz,85_13_poses,,120.0,1446,12.05,male,"[1446, 156]","[1446, 3]",[16],"[1446, 8]",trans;gender;mocap_framerate;betas;dmpls;poses,
85,85,85/85_14_poses.npz,85_14_poses,,120.0,2969,24.741666666666667,male,"[2969, 156]","[2969, 3]",[16],"[2969, 8]",trans;gender;mocap_framerate;betas;dmpls;poses,
86,86,86/86_01_poses.npz,86_01_poses,,120.0,4579,38.15833333333333,male,"[4579, 156]","[4579, 3]",[16],"[4579, 8]",trans;gender;mocap_framerate;betas;dmpls;poses,
86,86,86/86_02_poses.npz,86_02_poses,,120.0,10617,88.475,male,"[10617, 156]","[10617, 3]",[16],"[10617, 8]",trans;gender;mocap_framerate;betas;dmpls;poses,
86,86,86/86_03_poses.npz,86_03_poses,,120.0,8401,70.00833333333334,male,"[8401, 156]","[8401, 3]",[16],"[8401, 8]",trans;gender;mocap_framerate;betas;dmpls;poses,
86,86,86/86_04_poses.npz,86_04_poses,,120.0,10078,83.98333333333333,male,"[10078, 156]","[10078, 3]",[16],"[10078, 8]",trans;gender;mocap_framerate;betas;dmpls;poses,
86,86,86/86_05_poses.npz,86_05_poses,,120.0,8340,69.5,male,"[8340, 156]","[8340, 3]",[16],"[8340, 8]",trans;gender;mocap_framerate;betas;dmpls;poses,
86,86,86/86_06_poses.npz,86_06_poses,,120.0,9939,82.825,male,"[9939, 156]","[9939, 3]",[16],"[9939, 8]",trans;gender;mocap_framerate;betas;dmpls;poses,
86,86,86/86_07_poses.npz,86_07_poses,,120.0,8702,72.51666666666667,male,"[8702, 156]","[8702, 3]",[16],"[8702, 8]",trans;gender;mocap_framerate;betas;dmpls;poses,
86,86,86/86_08_poses.npz,86_08_poses,,120.0,9206,76.71666666666667,male,"[9206, 156]","[9206, 3]",[16],"[9206, 8]",trans;gender;mocap_framerate;betas;dmpls;poses,
86,86,86/86_09_poses.npz,86_09_poses,,120.0,4794,39.95,male,"[4794, 156]","[4794, 3]",[16],"[4794, 8]",trans;gender;mocap_framerate;betas;dmpls;poses,
86,86,86/86_10_poses.npz,86_10_poses,,120.0,7583,63.19166666666667,male,"[7583, 156]","[7583, 3]",[16],"[7583, 8]",trans;gender;mocap_framerate;betas;dmpls;poses,
86,86,86/86_11_poses.npz,86_11_poses,,120.0,5674,47.28333333333333,male,"[5674, 156]","[5674, 3]",[16],"[5674, 8]",trans;gender;mocap_framerate;betas;dmpls;poses,
86,86,86/86_12_poses.npz,86_12_poses,,120.0,8856,73.8,male,"[8856, 156]","[8856, 3]",[16],"[8856, 8]",trans;gender;mocap_framerate;betas;dmpls;poses,
86,86,86/86_13_poses.npz,86_13_poses,,120.0,6221,51.84166666666667,male,"[6221, 156]","[6221, 3]",[16],"[6221, 8]",trans;gender;mocap_framerate;betas;dmpls;poses,
86,86,86/86_14_poses.npz,86_14_poses,,120.0,6539,54.49166666666667,male,"[6539, 156]","[6539, 3]",[16],"[6539, 8]",trans;gender;mocap_framerate;betas;dmpls;poses,
86,86,86/86_15_poses.npz,86_15_poses,,120.0,7092,59.1,male,"[7092, 156]","[7092, 3]",[16],"[7092, 8]",trans;gender;mocap_framerate;betas;dmpls;poses,
87,87,87/87_01_poses.npz,87_01_poses,,120.0,616,5.133333333333334,female,"[616, 156]","[616, 3]",[16],"[616, 8]",trans;gender;mocap_framerate;betas;dmpls;poses,
88,88,88/88_03_poses.npz,88_03_poses,,120.0,354,2.95,male,"[354, 156]","[354, 3]",[16],"[354, 8]",trans;gender;mocap_framerate;betas;dmpls;poses,
88,88,88/88_05_poses.npz,88_05_poses,,60.0,149,2.4833333333333334,male,"[149, 156]","[149, 3]",[16],"[149, 8]",trans;gender;mocap_framerate;betas;dmpls;poses,
88,88,88/88_06_poses.npz,88_06_poses,,60.0,230,3.8333333333333335,male,"[230, 156]","[230, 3]",[16],"[230, 8]",trans;gender;mocap_framerate;betas;dmpls;poses,
88,88,88/88_07_poses.npz,88_07_poses,,60.0,156,2.6,male,"[156, 156]","[156, 3]",[16],"[156, 8]",trans;gender;mocap_framerate;betas;dmpls;poses,
88,88,88/88_08_poses.npz,88_08_poses,,60.0,289,4.816666666666666,male,"[289, 156]","[289, 3]",[16],"[289, 8]",trans;gender;mocap_framerate;betas;dmpls;poses,
88,88,88/88_09_poses.npz,88_09_poses,,60.0,376,6.266666666666667,male,"[376, 156]","[376, 3]",[16],"[376, 8]",trans;gender;mocap_framerate;betas;dmpls;poses,
88,88,88/88_10_poses.npz,88_10_poses,,60.0,467,7.783333333333333,male,"[467, 156]","[467, 3]",[16],"[467, 8]",trans;gender;mocap_framerate;betas;dmpls;poses,
88,88,88/88_11_poses.npz,88_11_poses,,60.0,2027,33.78333333333333,male,"[2027, 156]","[2027, 3]",[16],"[2027, 8]",trans;gender;mocap_framerate;betas;dmpls;poses,
89,89,89/89_01_poses.npz,89_01_poses,,60.0,2332,38.86666666666667,male,"[2332, 156]","[2332, 3]",[16],"[2332, 8]",trans;gender;mocap_framerate;betas;dmpls;poses,
89,89,89/89_02_poses.npz,89_02_poses,,120.0,360,3.0,male,"[360, 156]","[360, 3]",[16],"[360, 8]",trans;gender;mocap_framerate;betas;dmpls;poses,
90,90,90/90_01_poses.npz,90_01_poses,,120.0,789,6.575,male,"[789, 156]","[789, 3]",[16],"[789, 8]",trans;gender;mocap_framerate;betas;dmpls;poses,
90,90,90/90_02_poses.npz,90_02_poses,,120.0,781,6.508333333333334,male,"[781, 156]","[781, 3]",[16],"[781, 8]",trans;gender;mocap_framerate;betas;dmpls;poses,
90,90,90/90_03_poses.npz,90_03_poses,,120.0,884,7.366666666666666,male,"[884, 156]","[884, 3]",[16],"[884, 8]",trans;gender;mocap_framerate;betas;dmpls;poses,
90,90,90/90_04_poses.npz,90_04_poses,,120.0,698,5.816666666666666,male,"[698, 156]","[698, 3]",[16],"[698, 8]",trans;gender;mocap_framerate;betas;dmpls;poses,
90,90,90/90_05_poses.npz,90_05_poses,,120.0,513,4.275,male,"[513, 156]","[513, 3]",[16],"[513, 8]",trans;gender;mocap_framerate;betas;dmpls;poses,
90,90,90/90_06_poses.npz,90_06_poses,,120.0,624,5.2,male,"[624, 156]","[624, 3]",[16],"[624, 8]",trans;gender;mocap_framerate;betas;dmpls;poses,
90,90,90/90_07_poses.npz,90_07_poses,,120.0,895,7.458333333333333,male,"[895, 156]","[895, 3]",[16],"[895, 8]",trans;gender;mocap_framerate;betas;dmpls;poses,
90,90,90/90_08_poses.npz,90_08_poses,,60.0,337,5.616666666666666,male,"[337, 156]","[337, 3]",[16],"[337, 8]",trans;gender;mocap_framerate;betas;dmpls;poses,
90,90,90/90_11_poses.npz,90_11_poses,,60.0,180,3.0,male,"[180, 156]","[180, 3]",[16],"[180, 8]",trans;gender;mocap_framerate;betas;dmpls;poses,
90,90,90/90_12_poses.npz,90_12_poses,,120.0,826,6.883333333333334,male,"[826, 156]","[826, 3]",[16],"[826, 8]",trans;gender;mocap_framerate;betas;dmpls;poses,
90,90,90/90_13_poses.npz,90_13_poses,,120.0,929,7.741666666666666,male,"[929, 156]","[929, 3]",[16],"[929, 8]",trans;gender;mocap_framerate;betas;dmpls;poses,
90,90,90/90_14_poses.npz,90_14_poses,,120.0,838,6.983333333333333,male,"[838, 156]","[838, 3]",[16],"[838, 8]",trans;gender;mocap_framerate;betas;dmpls;poses,
90,90,90/90_15_poses.npz,90_15_poses,,120.0,1189,9.908333333333333,male,"[1189, 156]","[1189, 3]",[16],"[1189, 8]",trans;gender;mocap_framerate;betas;dmpls;poses,
90,90,90/90_16_poses.npz,90_16_poses,,120.0,724,6.033333333333333,male,"[724, 156]","[724, 3]",[16],"[724, 8]",trans;gender;mocap_framerate;betas;dmpls;poses,
90,90,90/90_18_poses.npz,90_18_poses,,120.0,394,3.283333333333333,male,"[394, 156]","[394, 3]",[16],"[394, 8]",trans;gender;mocap_framerate;betas;dmpls;poses,
90,90,90/90_19_poses.npz,90_19_poses,,120.0,1040,8.666666666666666,male,"[1040, 156]","[1040, 3]",[16],"[1040, 8]",trans;gender;mocap_framerate;betas;dmpls;poses,
90,90,90/90_22_poses.npz,90_22_poses,,120.0,692,5.766666666666667,male,"[692, 156]","[692, 3]",[16],"[692, 8]",trans;gender;mocap_framerate;betas;dmpls;poses,
90,90,90/90_23_poses.npz,90_23_poses,,120.0,1187,9.891666666666667,male,"[1187, 156]","[1187, 3]",[16],"[1187, 8]",trans;gender;mocap_framerate;betas;dmpls;poses,
90,90,90/90_24_poses.npz,90_24_poses,,120.0,786,6.55,male,"[786, 156]","[786, 3]",[16],"[786, 8]",trans;gender;mocap_framerate;betas;dmpls;poses,
90,90,90/90_25_poses.npz,90_25_poses,,120.0,1266,10.55,male,"[1266, 156]","[1266, 3]",[16],"[1266, 8]",trans;gender;mocap_framerate;betas;dmpls;poses,
90,90,90/90_26_poses.npz,90_26_poses,,120.0,1430,11.916666666666666,male,"[1430, 156]","[1430, 3]",[16],"[1430, 8]",trans;gender;mocap_framerate;betas;dmpls;poses,
90,90,90/90_27_poses.npz,90_27_poses,,120.0,1225,10.208333333333334,male,"[1225, 156]","[1225, 3]",[16],"[1225, 8]",trans;gender;mocap_framerate;betas;dmpls;poses,
90,90,90/90_28_poses.npz,90_28_poses,,120.0,770,6.416666666666667,male,"[770, 156]","[770, 3]",[16],"[770, 8]",trans;gender;mocap_framerate;betas;dmpls;poses,
90,90,90/90_29_poses.npz,90_29_poses,,120.0,1482,12.35,male,"[1482, 156]","[1482, 3]",[16],"[1482, 8]",trans;gender;mocap_framerate;betas;dmpls;poses,
90,90,90/90_30_poses.npz,90_30_poses,,120.0,1433,11.941666666666666,male,"[1433, 156]","[1433, 3]",[16],"[1433, 8]",trans;gender;mocap_framerate;betas;dmpls;poses,
90,90,90/90_31_poses.npz,90_31_poses,,120.0,979,8.158333333333333,male,"[979, 156]","[979, 3]",[16],"[979, 8]",trans;gender;mocap_framerate;betas;dmpls;poses,
90,90,90/90_32_poses.npz,90_32_poses,,120.0,723,6.025,male,"[723, 156]","[723, 3]",[16],"[723, 8]",trans;gender;mocap_framerate;betas;dmpls;poses,
90,90,90/90_33_poses.npz,90_33_poses,,120.0,896,7.466666666666667,male,"[896, 156]","[896, 3]",[16],"[896, 8]",trans;gender;mocap_framerate;betas;dmpls;poses,
90,90,90/90_34_poses.npz,90_34_poses,,120.0,840,7.0,male,"[840, 156]","[840, 3]",[16],"[840, 8]",trans;gender;mocap_framerate;betas;dmpls;poses,
90,90,90/90_35_poses.npz,90_35_poses,,120.0,695,5.791666666666667,male,"[695, 156]","[695, 3]",[16],"[695, 8]",trans;gender;mocap_framerate;betas;dmpls;poses,
90,90,90/90_36_poses.npz,90_36_poses,,120.0,657,5.475,male,"[657, 156]","[657, 3]",[16],"[657, 8]",trans;gender;mocap_framerate;betas;dmpls;poses,
91,91,91/91_01_poses.npz,91_01_poses,,120.0,2737,22.808333333333334,female,"[2737, 156]","[2737, 3]",[16],"[2737, 8]",trans;gender;mocap_framerate;betas;dmpls;poses,
91,91,91/91_02_poses.npz,91_02_poses,,120.0,1748,14.566666666666666,female,"[1748, 156]","[1748, 3]",[16],"[1748, 8]",trans;gender;mocap_framerate;betas;dmpls;poses,
91,91,91/91_03_poses.npz,91_03_poses,,120.0,1865,15.541666666666666,female,"[1865, 156]","[1865, 3]",[16],"[1865, 8]",trans;gender;mocap_framerate;betas;dmpls;poses,
91,91,91/91_04_poses.npz,91_04_poses,,120.0,2162,18.016666666666666,female,"[2162, 156]","[2162, 3]",[16],"[2162, 8]",trans;gender;mocap_framerate;betas;dmpls;poses,
91,91,91/91_05_poses.npz,91_05_poses,,120.0,2700,22.5,female,"[2700, 156]","[2700, 3]",[16],"[2700, 8]",trans;gender;mocap_framerate;betas;dmpls;poses,
91,91,91/91_06_poses.npz,91_06_poses,,120.0,136,1.1333333333333333,female,"[136, 156]","[136, 3]",[16],"[136, 8]",trans;gender;mocap_framerate;betas;dmpls;poses,
91,91,91/91_07_poses.npz,91_07_poses,,120.0,2582,21.516666666666666,female,"[2582, 156]","[2582, 3]",[16],"[2582, 8]",trans;gender;mocap_framerate;betas;dmpls;poses,
91,91,91/91_08_poses.npz,91_08_poses,,120.0,3972,33.1,female,"[3972, 156]","[3972, 3]",[16],"[3972, 8]",trans;gender;mocap_framerate;betas;dmpls;poses,
91,91,91/91_09_poses.npz,91_09_poses,,120.0,5402,45.016666666666666,female,"[5402, 156]","[5402, 3]",[16],"[5402, 8]",trans;gender;mocap_framerate;betas;dmpls;poses,
91,91,91/91_10_poses.npz,91_10_poses,,120.0,3175,26.458333333333332,female,"[3175, 156]","[3175, 3]",[16],"[3175, 8]",trans;gender;mocap_framerate;betas;dmpls;poses,
91,91,91/91_11_poses.npz,91_11_poses,,120.0,1863,15.525,female,"[1863, 156]","[1863, 3]",[16],"[1863, 8]",trans;gender;mocap_framerate;betas;dmpls;poses,
91,91,91/91_12_poses.npz,91_12_poses,,120.0,2222,18.516666666666666,female,"[2222, 156]","[2222, 3]",[16],"[2222, 8]",trans;gender;mocap_framerate;betas;dmpls;poses,
91,91,91/91_13_poses.npz,91_13_poses,,120.0,2960,24.666666666666668,female,"[2960, 156]","[2960, 3]",[16],"[2960, 8]",trans;gender;mocap_framerate;betas;dmpls;poses,
91,91,91/91_14_poses.npz,91_14_poses,,120.0,2769,23.075,female,"[2769, 156]","[2769, 3]",[16],"[2769, 8]",trans;gender;mocap_framerate;betas;dmpls;poses,
91,91,91/91_15_poses.npz,91_15_poses,,120.0,3090,25.75,female,"[3090, 156]","[3090, 3]",[16],"[3090, 8]",trans;gender;mocap_framerate;betas;dmpls;poses,
91,91,91/91_16_poses.npz,91_16_poses,,120.0,1892,15.766666666666667,female,"[1892, 156]","[1892, 3]",[16],"[1892, 8]",trans;gender;mocap_framerate;betas;dmpls;poses,
91,91,91/91_17_poses.npz,91_17_poses,,120.0,1520,12.666666666666666,female,"[1520, 156]","[1520, 3]",[16],"[1520, 8]",trans;gender;mocap_framerate;betas;dmpls;poses,
91,91,91/91_18_poses.npz,91_18_poses,,120.0,3363,28.025,female,"[3363, 156]","[3363, 3]",[16],"[3363, 8]",trans;gender;mocap_framerate;betas;dmpls;poses,
91,91,91/91_19_poses.npz,91_19_poses,,120.0,1885,15.708333333333334,female,"[1885, 156]","[1885, 3]",[16],"[1885, 8]",trans;gender;mocap_framerate;betas;dmpls;poses,
91,91,91/91_20_poses.npz,91_20_poses,,120.0,2774,23.116666666666667,female,"[2774, 156]","[2774, 3]",[16],"[2774, 8]",trans;gender;mocap_framerate;betas;dmpls;poses,
91,91,91/91_21_poses.npz,91_21_poses,,120.0,3870,32.25,female,"[3870, 156]","[3870, 3]",[16],"[3870, 8]",trans;gender;mocap_framerate;betas;dmpls;poses,
91,91,91/91_22_poses.npz,91_22_poses,,120.0,2106,17.55,female,"[2106, 156]","[2106, 3]",[16],"[2106, 8]",trans;gender;mocap_framerate;betas;dmpls;poses,
91,91,91/91_23_poses.npz,91_23_poses,,120.0,2668,22.233333333333334,female,"[2668, 156]","[2668, 3]",[16],"[2668, 8]",trans;gender;mocap_framerate;betas;dmpls;poses,
91,91,91/91_24_poses.npz,91_24_poses,,120.0,3804,31.7,female,"[3804, 156]","[3804, 3]",[16],"[3804, 8]",trans;gender;mocap_framerate;betas;dmpls;poses,
91,91,91/91_25_poses.npz,91_25_poses,,120.0,3137,26.141666666666666,female,"[3137, 156]","[3137, 3]",[16],"[3137, 8]",trans;gender;mocap_framerate;betas;dmpls;poses,
91,91,91/91_26_poses.npz,91_26_poses,,120.0,2082,17.35,female,"[2082, 156]","[2082, 3]",[16],"[2082, 8]",trans;gender;mocap_framerate;betas;dmpls;poses,
91,91,91/91_27_poses.npz,91_27_poses,,120.0,2894,24.116666666666667,female,"[2894, 156]","[2894, 3]",[16],"[2894, 8]",trans;gender;mocap_framerate;betas;dmpls;poses,
91,91,91/91_28_poses.npz,91_28_poses,,120.0,3307,27.558333333333334,female,"[3307, 156]","[3307, 3]",[16],"[3307, 8]",trans;gender;mocap_framerate;betas;dmpls;poses,
91,91,91/91_29_poses.npz,91_29_poses,,120.0,2181,18.175,female,"[2181, 156]","[2181, 3]",[16],"[2181, 8]",trans;gender;mocap_framerate;betas;dmpls;poses,
91,91,91/91_30_poses.npz,91_30_poses,,120.0,3139,26.158333333333335,female,"[3139, 156]","[3139, 3]",[16],"[3139, 8]",trans;gender;mocap_framerate;betas;dmpls;poses,
91,91,91/91_31_poses.npz,91_31_poses,,120.0,1992,16.6,female,"[1992, 156]","[1992, 3]",[16],"[1992, 8]",trans;gender;mocap_framerate;betas;dmpls;poses,
91,91,91/91_32_poses.npz,91_32_poses,,120.0,3724,31.033333333333335,female,"[3724, 156]","[3724, 3]",[16],"[3724, 8]",trans;gender;mocap_framerate;betas;dmpls;poses,
91,91,91/91_33_poses.npz,91_33_poses,,120.0,2698,22.483333333333334,female,"[2698, 156]","[2698, 3]",[16],"[2698, 8]",trans;gender;mocap_framerate;betas;dmpls;poses,
91,91,91/91_34_poses.npz,91_34_poses,,120.0,2208,18.4,female,"[2208, 156]","[2208, 3]",[16],"[2208, 8]",trans;gender;mocap_framerate;betas;dmpls;poses,
91,91,91/91_35_poses.npz,91_35_poses,,120.0,3052,25.433333333333334,female,"[3052, 156]","[3052, 3]",[16],"[3052, 8]",trans;gender;mocap_framerate;betas;dmpls;poses,
91,91,91/91_36_poses.npz,91_36_poses,,120.0,887,7.391666666666667,female,"[887, 156]","[887, 3]",[16],"[887, 8]",trans;gender;mocap_framerate;betas;dmpls;poses,
91,91,91/91_37_poses.npz,91_37_poses,,120.0,315,2.625,female,"[315, 156]","[315, 3]",[16],"[315, 8]",trans;gender;mocap_framerate;betas;dmpls;poses,
91,91,91/91_38_poses.npz,91_38_poses,,120.0,458,3.816666666666667,female,"[458, 156]","[458, 3]",[16],"[458, 8]",trans;gender;mocap_framerate;betas;dmpls;poses,
91,91,91/91_39_poses.npz,91_39_poses,,120.0,446,3.716666666666667,female,"[446, 156]","[446, 3]",[16],"[446, 8]",trans;gender;mocap_framerate;betas;dmpls;poses,
91,91,91/91_40_poses.npz,91_40_poses,,120.0,469,3.908333333333333,female,"[469, 156]","[469, 3]",[16],"[469, 8]",trans;gender;mocap_framerate;betas;dmpls;poses,
91,91,91/91_41_poses.npz,91_41_poses,,120.0,503,4.191666666666666,female,"[503, 156]","[503, 3]",[16],"[503, 8]",trans;gender;mocap_framerate;betas;dmpls;poses,
91,91,91/91_42_poses.npz,91_42_poses,,120.0,560,4.666666666666667,female,"[560, 156]","[560, 3]",[16],"[560, 8]",trans;gender;mocap_framerate;betas;dmpls;poses,
91,91,91/91_43_poses.npz,91_43_poses,,120.0,227,1.8916666666666666,female,"[227, 156]","[227, 3]",[16],"[227, 8]",trans;gender;mocap_framerate;betas;dmpls;poses,
91,91,91/91_44_poses.npz,91_44_poses,,120.0,338,2.816666666666667,female,"[338, 156]","[338, 3]",[16],"[338, 8]",trans;gender;mocap_framerate;betas;dmpls;poses,
91,91,91/91_45_poses.npz,91_45_poses,,120.0,371,3.091666666666667,female,"[371, 156]","[371, 3]",[16],"[371, 8]",trans;gender;mocap_framerate;betas;dmpls;poses,
91,91,91/91_46_poses.npz,91_46_poses,,120.0,322,2.683333333333333,female,"[322, 156]","[322, 3]",[16],"[322, 8]",trans;gender;mocap_framerate;betas;dmpls;poses,
91,91,91/91_47_poses.npz,91_47_poses,,120.0,469,3.908333333333333,female,"[469, 156]","[469, 3]",[16],"[469, 8]",trans;gender;mocap_framerate;betas;dmpls;poses,
91,91,91/91_48_poses.npz,91_48_poses,,120.0,440,3.6666666666666665,female,"[440, 156]","[440, 3]",[16],"[440, 8]",trans;gender;mocap_framerate;betas;dmpls;poses,
91,91,91/91_50_poses.npz,91_50_poses,,120.0,663,5.525,female,"[663, 156]","[663, 3]",[16],"[663, 8]",trans;gender;mocap_framerate;betas;dmpls;poses,
91,91,91/91_51_poses.npz,91_51_poses,,120.0,484,4.033333333333333,female,"[484, 156]","[484, 3]",[16],"[484, 8]",trans;gender;mocap_framerate;betas;dmpls;poses,
91,91,91/91_52_poses.npz,91_52_poses,,120.0,509,4.241666666666666,female,"[509, 156]","[509, 3]",[16],"[509, 8]",trans;gender;mocap_framerate;betas;dmpls;poses,
91,91,91/91_53_poses.npz,91_53_poses,,120.0,555,4.625,female,"[555, 156]","[555, 3]",[16],"[555, 8]",trans;gender;mocap_framerate;betas;dmpls;poses,
91,91,91/91_54_poses.npz,91_54_poses,,120.0,678,5.65,female,"[678, 156]","[678, 3]",[16],"[678, 8]",trans;gender;mocap_framerate;betas;dmpls;poses,
91,91,91/91_55_poses.npz,91_55_poses,,120.0,467,3.8916666666666666,female,"[467, 156]","[467, 3]",[16],"[467, 8]",trans;gender;mocap_framerate;betas;dmpls;poses,
91,91,91/91_56_poses.npz,91_56_poses,,120.0,500,4.166666666666667,female,"[500, 156]","[500, 3]",[16],"[500, 8]",trans;gender;mocap_framerate;betas;dmpls;poses,
91,91,91/91_57_poses.npz,91_57_poses,,120.0,1177,9.808333333333334,female,"[1177, 156]","[1177, 3]",[16],"[1177, 8]",trans;gender;mocap_framerate;betas;dmpls;poses,
91,91,91/91_58_poses.npz,91_58_poses,,120.0,493,4.108333333333333,female,"[493, 156]","[493, 3]",[16],"[493, 8]",trans;gender;mocap_framerate;betas;dmpls;poses,
91,91,91/91_59_poses.npz,91_59_poses,,120.0,312,2.6,female,"[312, 156]","[312, 3]",[16],"[312, 8]",trans;gender;mocap_framerate;betas;dmpls;poses,
91,91,91/91_60_poses.npz,91_60_poses,,120.0,367,3.058333333333333,female,"[367, 156]","[367, 3]",[16],"[367, 8]",trans;gender;mocap_framerate;betas;dmpls;poses,
91,91,91/91_61_poses.npz,91_61_poses,,120.0,362,3.0166666666666666,female,"[362, 156]","[362, 3]",[16],"[362, 8]",trans;gender;mocap_framerate;betas;dmpls;poses,
91,91,91/91_62_poses.npz,91_62_poses,,120.0,1849,15.408333333333333,female,"[1849, 156]","[1849, 3]",[16],"[1849, 8]",trans;gender;mocap_framerate;betas;dmpls;poses,
93,93,93/93_01_poses.npz,93_01_poses,,60.0,21,0.35,female,"[21, 156]","[21, 3]",[16],"[21, 8]",trans;gender;mocap_framerate;betas;dmpls;poses,
93,93,93/93_02_poses.npz,93_02_poses,,60.0,1492,24.866666666666667,female,"[1492, 156]","[1492, 3]",[16],"[1492, 8]",trans;gender;mocap_framerate;betas;dmpls;poses,
93,93,93/93_03_poses.npz,93_03_poses,,60.0,442,7.366666666666666,female,"[442, 156]","[442, 3]",[16],"[442, 8]",trans;gender;mocap_framerate;betas;dmpls;poses,
93,93,93/93_04_poses.npz,93_04_poses,,60.0,506,8.433333333333334,female,"[506, 156]","[506, 3]",[16],"[506, 8]",trans;gender;mocap_framerate;betas;dmpls;poses,
93,93,93/93_05_poses.npz,93_05_poses,,60.0,546,9.1,female,"[546, 156]","[546, 3]",[16],"[546, 8]",trans;gender;mocap_framerate;betas;dmpls;poses,
93,93,93/93_06_poses.npz,93_06_poses,,60.0,402,6.7,female,"[402, 156]","[402, 3]",[16],"[402, 8]",trans;gender;mocap_framerate;betas;dmpls;poses,
93,93,93/93_07_poses.npz,93_07_poses,,60.0,236,3.933333333333333,female,"[236, 156]","[236, 3]",[16],"[236, 8]",trans;gender;mocap_framerate;betas;dmpls;poses,
93,93,93/93_08_poses.npz,93_08_poses,,60.0,557,9.283333333333333,female,"[557, 156]","[557, 3]",[16],"[557, 8]",trans;gender;mocap_framerate;betas;dmpls;poses,
94,94,94/94_01_poses.npz,94_01_poses,,120.0,3602,30.016666666666666,female,"[3602, 156]","[3602, 3]",[16],"[3602, 8]",trans;gender;mocap_framerate;betas;dmpls;poses,
94,94,94/94_03_poses.npz,94_03_poses,,120.0,3732,31.1,female,"[3732, 156]","[3732, 3]",[16],"[3732, 8]",trans;gender;mocap_framerate;betas;dmpls;poses,
94,94,94/94_04_poses.npz,94_04_poses,,120.0,3143,26.191666666666666,female,"[3143, 156]","[3143, 3]",[16],"[3143, 8]",trans;gender;mocap_framerate;betas;dmpls;poses,
94,94,94/94_05_poses.npz,94_05_poses,,120.0,5272,43.93333333333333,female,"[5272, 156]","[5272, 3]",[16],"[5272, 8]",trans;gender;mocap_framerate;betas;dmpls;poses,
94,94,94/94_06_poses.npz,94_06_poses,,120.0,2514,20.95,female,"[2514, 156]","[2514, 3]",[16],"[2514, 8]",trans;gender;mocap_framerate;betas;dmpls;poses,
94,94,94/94_07_poses.npz,94_07_poses,,120.0,2313,19.275,female,"[2313, 156]","[2313, 3]",[16],"[2313, 8]",trans;gender;mocap_framerate;betas;dmpls;poses,
94,94,94/94_08_poses.npz,94_08_poses,,120.0,2749,22.908333333333335,female,"[2749, 156]","[2749, 3]",[16],"[2749, 8]",trans;gender;mocap_framerate;betas;dmpls;poses,
94,94,94/94_09_poses.npz,94_09_poses,,120.0,3974,33.11666666666667,female,"[3974, 156]","[3974, 3]",[16],"[3974, 8]",trans;gender;mocap_framerate;betas;dmpls;poses,
94,94,94/94_12_poses.npz,94_12_poses,,120.0,4500,37.5,female,"[4500, 156]","[4500, 3]",[16],"[4500, 8]",trans;gender;mocap_framerate;betas;dmpls;poses,
94,94,94/94_13_poses.npz,94_13_poses,,120.0,1995,16.625,female,"[1995, 156]","[1995, 3]",[16],"[1995, 8]",trans;gender;mocap_framerate;betas;dmpls;poses,
94,94,94/94_15_poses.npz,94_15_poses,,120.0,2211,18.425,female,"[2211, 156]","[2211, 3]",[16],"[2211, 8]",trans;gender;mocap_framerate;betas;dmpls;poses,
94,94,94/94_16_poses.npz,94_16_poses,,120.0,2031,16.925,female,"[2031, 156]","[2031, 3]",[16],"[2031, 8]",trans;gender;mocap_framerate;betas;dmpls;poses,
